v 0.77063 5.4373e-06 -0.0024828
v 0.23814 0.73291 0.0024429
v -0.62345 0.45296 0.0039926
v -0.62346 -0.45297 2.4619e-05
v 0.23813 -0.73291 -0.0039774
v 0.77192 -0.0017466 0.39751
v 0.23943 0.73116 0.40244
v -0.62216 0.45121 0.40399
v -0.62217 -0.45472 0.40002
v 0.23942 -0.73466 0.39602
v 0.77171 -0.001749 0.39752
v 0.23937 0.73096 0.40242
v -0.62199 0.45108 0.40397
v -0.622 -0.4546 0.40002
v 0.23936 -0.73447 0.39603
v 0.773 -0.003493 0.79751
v 0.24065 0.72922 0.80242
v -0.62071 0.44934 0.80396
v -0.62071 -0.45634 0.80002
v 0.24064 -0.73621 0.79603
v 0.77266 -0.0034951 0.79752
v 0.24055 0.72889 0.8024
v -0.62043 0.44914 0.80395
v -0.62044 -0.45615 0.80002
v 0.24054 -0.73589 0.79605
v 0.77394 -0.005231 1.1975
v 0.24183 0.72715 1.2024
v -0.61915 0.4474 1.2039
v -0.61916 -0.45788 1.2
v 0.24182 -0.73762 1.196
v 0.77347 -0.0052322 1.1975
v 0.24169 0.72671 1.2024
v -0.61877 0.44712 1.2039
v -0.61878 -0.45761 1.2
v 0.24168 -0.73718 1.1961
v 0.77475 -0.00696 1.5975
v 0.24296 0.72498 1.6024
v -0.61749 0.4454 1.6039
v -0.6175 -0.45934 1.6
v 0.24295 -0.73891 1.5961
v 0.77416 -0.0069599 1.5975
v 0.24278 0.72442 1.6024
v -0.61702 0.44505 1.6039
v -0.61702 -0.45899 1.6
v 0.24277 -0.73835 1.5961
v 0.77543 -0.0086758 1.9975
v 0.24405 0.7227 2.0024
v -0.61575 0.44333 2.0039
v -0.61575 -0.4607 2
v 0.24404 -0.74006 1.9961
v 0.77473 -0.0086773 1.9975
v 0.24384 0.72204 2.0023
v -0.61518 0.44292 2.0039
v -0.61519 -0.4603 2
v 0.24383 -0.7394 1.9961
v 0.776 -0.010381 2.3975
v 0.2451 0.72033 2.4023
v -0.61392 0.44122 2.4039
v -0.61392 -0.462 2.4
v 0.24509 -0.7411 2.3961
v 0.7752 -0.010384 2.3975
v 0.24486 0.71957 2.4023
v -0.61327 0.44075 2.4038
v -0.61327 -0.46153 2.4
v 0.24485 -0.74035 2.3961
v 0.77646 -0.012079 2.7975
v 0.24612 0.71788 2.8023
v -0.61201 0.43905 2.8038
v -0.61201 -0.46323 2.8
v 0.24611 -0.74204 2.7961
v 0.77558 -0.012078 2.7976
v 0.24584 0.71704 2.8023
v -0.6113 0.43853 2.8038
v -0.6113 -0.46271 2.8
v 0.24583 -0.7412 2.7961
v 0.77683 -0.013762 3.1976
v 0.2471 0.71536 3.2023
v -0.61004 0.43685 3.2038
v -0.61005 -0.46439 3.2
v 0.24709 -0.74289 3.1961
v 0.77588 -0.01376 3.1976
v 0.2468 0.71445 3.2023
v -0.60927 0.43629 3.2038
v -0.60928 -0.46383 3.2
v 0.24679 -0.74198 3.1962
v 0.77713 -0.015428 3.5976
v 0.24805 0.71279 3.6022
v -0.60803 0.43463 3.6038
v -0.60804 -0.4655 3.6
v 0.24804 -0.74365 3.5962
v 0.77612 -0.015429 3.5976
v 0.24774 0.71183 3.6022
v -0.60722 0.43404 3.6037
v -0.60722 -0.46491 3.6
v 0.24773 -0.7427 3.5962
v 0.77736 -0.01708 3.9976
v 0.24897 0.71018 4.0022
v -0.60598 0.43238 4.0037
v -0.60599 -0.46656 4
v 0.24896 -0.74435 3.9962
v 0.77632 -0.017082 3.9976
v 0.24865 0.70919 4.0022
v -0.60514 0.43177 4.0037
v -0.60515 -0.46595 4
v 0.24864 -0.74336 3.9962
v 0.77755 -0.018721 4.3976
v 0.24988 0.70755 4.4022
v -0.60391 0.43013 4.4037
v -0.60392 -0.46759 4.4
v 0.24987 -0.745 4.3962
v 0.77649 -0.01872 4.3976
v 0.24955 0.70655 4.4022
v -0.60306 0.42951 4.4036
v -0.60306 -0.46697 4.4
v 0.24954 -0.74399 4.3963
v 0.77771 -0.020339 4.7976
v 0.25077 0.70493 4.8022
v -0.60184 0.42789 4.8036
v -0.60185 -0.46859 4.8
v 0.25076 -0.74561 4.7963
v 0.77665 -0.02034 4.7976
v 0.25044 0.70392 4.8021
v -0.60098 0.42727 4.8036
v -0.60099 -0.46797 4.8
v 0.25043 -0.74461 4.7963
v 0.77785 -0.021938 5.1976
v 0.25165 0.70232 5.2021
v -0.59978 0.42567 5.2036
v -0.59979 -0.46957 5.2
v 0.25164 -0.7462 5.1963
v 0.77681 -0.02194 5.1977
v 0.25133 0.70133 5.2021
v -0.59894 0.42506 5.2035
v -0.59894 -0.46896 5.2
v 0.25132 -0.74522 5.1964
v 0.77801 -0.023519 5.5977
v 0.25252 0.69975 5.6021
v -0.59775 0.42348 5.6035
v -0.59775 -0.47054 5.6
v 0.25251 -0.7468 5.5964
v 0.777 -0.02352 5.5977
v 0.25221 0.6988 5.602
v -0.59693 0.42289 5.6035
v -0.59694 -0.46995 5.6
v 0.2522 -0.74584 5.5964
v 0.77818 -0.025075 5.9977
v 0.25338 0.69724 6.002
v -0.59576 0.42134 6.0035
v -0.59576 -0.4715 6
v 0.25338 -0.7474 5.9964
v 0.77723 -0.025078 5.9977
v 0.25309 0.69634 6.002
v -0.59499 0.42077 6.0034
v -0.59499 -0.47094 6
v 0.25308 -0.7465 5.9965
v 0.77839 -0.026607 6.3977
v 0.25425 0.69481 6.402
v -0.59383 0.41924 6.4034
v -0.59383 -0.47247 6.4
v 0.25424 -0.74803 6.3965
v 0.77751 -0.026609 6.3978
v 0.25398 0.69397 6.402
v -0.59312 0.41873 6.4033
v -0.59312 -0.47196 6.4
v 0.25397 -0.74719 6.3965
v 0.77864 -0.028111 6.7978
v 0.25512 0.69246 6.8019
v -0.59198 0.41722 6.8033
v -0.59198 -0.47346 6.8
v 0.25511 -0.74869 6.7965
v 0.77785 -0.028112 6.7978
v 0.25487 0.69171 6.8019
v -0.59133 0.41675 6.8032
v -0.59134 -0.47299 6.8
v 0.25486 -0.74793 6.7966
v 0.77896 -0.029582 7.1978
v 0.25598 0.69023 7.2019
v -0.59022 0.41528 7.2032
v -0.59023 -0.47446 7.2
v 0.25597 -0.7494 7.1966
v 0.77826 -0.029583 7.1979
v 0.25577 0.68957 7.2019
v -0.58966 0.41487 7.2031
v -0.58966 -0.47405 7.2
v 0.25576 -0.74874 7.1967
v 0.77934 -0.031019 7.5979
v 0.25684 0.68813 7.6019
v -0.58858 0.41344 7.6031
v -0.58858 -0.47549 7.6
v 0.25684 -0.75018 7.5967
v 0.77875 -0.031018 7.5979
v 0.25666 0.68757 7.6018
v -0.5881 0.41309 7.603
v -0.58811 -0.47514 7.5999
v 0.25665 -0.74962 7.5968
v 0.77978 -0.032412 7.9979
v 0.2577 0.68618 8.0018
v -0.58707 0.4117 8.003
v -0.58707 -0.47653 7.9999
v 0.25769 -0.75101 7.9968
v 0.77932 -0.032412 7.9981
v 0.25755 0.68574 8.0017
v -0.58669 0.41142 8.0029
v -0.58669 -0.47626 7.9999
v 0.25754 -0.75056 7.9969
v 0.78029 -0.033759 8.3981
v 0.25853 0.68439 8.4017
v -0.58571 0.41008 8.4029
v -0.58572 -0.47761 8.3999
v 0.25852 -0.75191 8.3969
v 0.77995 -0.033759 8.3982
v 0.25842 0.68406 8.4017
v -0.58544 0.40988 8.4027
v -0.58544 -0.47741 8.3998
v 0.25842 -0.75159 8.397
v 0.78084 -0.035055 8.7982
v 0.25932 0.68277 8.8017
v -0.58454 0.40858 8.8027
v -0.58455 -0.4787 8.7998
v 0.25931 -0.75288 8.797
v 0.78064 -0.035054 8.7984
v 0.25925 0.68257 8.8017
v -0.58438 0.40846 8.8024
v -0.58438 -0.47858 8.7997
v 0.25925 -0.75269 8.7972
v 0.78141 -0.036294 9.1984
v 0.26002 0.68133 9.2017
v -0.5836 0.40722 9.2024
v -0.58361 -0.47982 9.1997
v 0.26002 -0.75392 9.1972
v 0.78134 -0.036295 9.1987
v 0.26 0.68127 9.2017
v -0.58355 0.40718 9.2022
v -0.58355 -0.47978 9.1995
v 0.26 -0.75386 9.1974
v 0.78195 -0.037503 9.5987
v 0.26061 0.68006 9.6017
v -0.58294 0.40597 9.6022
v -0.58294 -0.48099 9.5995
v 0.26061 -0.75507 9.5974
v 0.78195 -0.037504 9.5991
v 0.26061 0.68006 9.6019
v -0.58294 0.40597 9.6019
v -0.58294 -0.48098 9.5991
v 0.26061 -0.75507 9.5974
v 0.78236 -0.038779 9.9991
v 0.26102 0.67878 10.002
v -0.58253 0.4047 10.002
v -0.58253 -0.48226 9.9991
v 0.26102 -0.75634 9.9974
v 0.11091 0.015786 9.722
v 0.10393 0.09189 9.5537
v -0.0087335 -0.010826 9.4492
v -0.071381 -0.15041 9.5529
v 0.0025645 -0.13396 9.7215
v -0.1998 0.24022 9.8364
v -0.20679 0.31633 9.6681
v -0.31945 0.21361 9.5636
v -0.3821 0.074026 9.6673
v -0.30815 0.090474 9.8359
v 0.74539 -0.038781 9.9995
v 0.2496 0.64362 10.002
v -0.55262 0.38297 10.002
v -0.55262 -0.46053 9.9987
v 0.2496 -0.72118 9.9973
v 0.74563 -0.040237 10.399
v 0.24983 0.64217 10.402
v -0.55239 0.38151 10.402
v -0.55239 -0.46199 10.399
v 0.24983 -0.72264 10.397
v 0.18275 -0.15715 10.128
v -0.036842 -0.023464 10.223
v -0.16701 0.089052 10.01
v -0.027861 0.024906 9.7825
v 0.1883 -0.12725 9.8555
v -0.036967 -0.48889 10.087
v -0.25656 -0.35521 10.183
v -0.38673 -0.24269 9.9691
v -0.24758 -0.30684 9.7416
v -0.031416 -0.459 9.8146
v -0.20136 0.22776 9.8418
v -0.21912 0.3277 9.6877
v -0.32552 0.2331 9.5703
v -0.37352 0.074701 9.6519
v -0.29678 0.071401 9.8196
v -0.52633 0.40454 9.9939
v -0.54409 0.50448 9.8398
v -0.65049 0.40989 9.7225
v -0.69849 0.25149 9.804
v -0.62175 0.24818 9.9718
v 0.6941 -0.040236 10.399
v 0.23391 0.59316 10.401
v -0.5107 0.35123 10.402
v -0.5107 -0.4317 10.399
v 0.23391 -0.67364 10.398
v 0.69456 -0.041351 10.799
v 0.23437 0.59205 10.801
v -0.51025 0.35011 10.802
v -0.51025 -0.43282 10.799
v 0.23436 -0.67475 10.798
v 0.29491 -0.04715 10.393
v 0.10398 -0.034056 10.144
v -0.19181 -0.029505 10.249
v -0.18369 -0.039786 10.562
v 0.11713 -0.050691 10.651
v 0.30561 0.3525 10.406
v 0.11468 0.3656 10.157
v -0.18112 0.37015 10.262
v -0.17299 0.35987 10.575
v 0.12782 0.34896 10.664
v -0.010893 -0.41313 10.029
v -0.17645 -0.29191 10.141
v -0.36329 -0.27933 10.001
v -0.31321 -0.39278 9.8033
v -0.095416 -0.47547 9.8206
v -0.15218 -0.75211 10.188
v -0.31774 -0.63089 10.299
v -0.50458 -0.61832 10.16
v -0.4545 -0.73177 9.9618
v -0.23671 -0.81445 9.9791
v -0.19704 -0.3508 9.8385
v -0.1747 -0.25112 9.9395
v -0.17607 -0.31645 10.067
v -0.19925 -0.45651 10.046
v -0.21221 -0.47774 9.904
v 0.19736 -0.41186 9.8116
v 0.21969 -0.31218 9.9126
v 0.21833 -0.37751 10.04
v 0.19514 -0.51757 10.019
v 0.18218 -0.5388 9.8771
v -0.52586 0.40055 9.9941
v -0.54774 0.50641 9.8454
v -0.65321 0.41507 9.7257
v -0.69651 0.25276 9.8004
v -0.61781 0.24379 9.9663
v -0.85259 0.56312 10.158
v -0.87447 0.66898 10.009
v -0.97993 0.57764 9.8894
v -1.0232 0.41533 9.9642
v -0.94454 0.40636 10.13
v 0.64242 -0.041362 10.795
v 0.21824 0.54247 10.796
v -0.46807 0.31948 10.802
v -0.46806 -0.40217 10.805
v 0.21826 -0.62518 10.801
v 0.6453 -0.039578 11.195
v 0.22113 0.54425 11.196
v -0.46518 0.32126 11.202
v -0.46517 -0.40038 11.205
v 0.22115 -0.62339 11.201
v 0.013503 0.15581 10.634
v 0.21142 0.12997 10.863
v 0.15663 -0.13263 11.005
v -0.075151 -0.26909 10.864
v -0.16361 -0.090823 10.635
v 0.27085 -0.029809 10.39
v 0.46877 -0.055649 10.619
v 0.41398 -0.31825 10.761
v 0.18219 -0.45471 10.62
v 0.093738 -0.27644 10.391
v 0.29366 0.31683 10.348
v 0.077055 0.44974 10.165
v -0.19242 0.45783 10.324
v -0.14236 0.32991 10.606
v 0.15806 0.24277 10.62
v 0.39082 0.67629 10.494
v 0.17421 0.8092 10.311
v -0.095261 0.81728 10.47
v -0.045197 0.68937 10.752
v 0.25522 0.60223 10.766
v 0.053656 0.35205 10.42
v 0.036386 0.35907 10.431
v 0.022453 0.36657 10.416
v 0.031111 0.36418 10.397
v 0.050396 0.35521 10.399
v -0.11164 -0.01104 10.391
v -0.12891 -0.0040204 10.402
v -0.14284 0.0034772 10.387
v -0.13418 0.0010913 10.368
v -0.1149 -0.0078808 10.37
v -0.17881 -0.75347 10.23
v -0.32726 -0.58046 10.265
v -0.48384 -0.58579 10.096
v -0.43216 -0.76209 9.9566
v -0.24364 -0.86572 10.04
v -0.40887 -0.99524 10.451
v -0.55733 -0.82223 10.486
v -0.71391 -0.82756 10.316
v -0.66223 -1.0039 10.177
v -0.4737 -1.1075 10.26
v -0.30418 -0.70485 10.13
v -0.31977 -0.68549 10.102
v -0.35384 -0.69932 10.096
v -0.35931 -0.72722 10.12
v -0.32862 -0.73064 10.141
v -0.45546 -0.4465 10.395
v -0.47105 -0.42714 10.367
v -0.50512 -0.44097 10.361
v -0.51059 -0.46887 10.385
v -0.4799 -0.47229 10.406
v 0.24241 -0.404 9.8559
v 0.2411 -0.35159 9.9482
v 0.1865 -0.40973 10.018
v 0.15407 -0.49807 9.9691
v 0.18862 -0.49452 9.8689
v 0.57979 -0.58874 9.9657
v 0.57847 -0.53634 10.058
v 0.52388 -0.59448 10.128
v 0.49145 -0.68281 10.079
v 0.526 -0.67927 9.9787
v 0.20989 -0.41997 10.013
v 0.21586 -0.35135 9.9452
v 0.20342 -0.39361 9.8589
v 0.18976 -0.48835 9.8737
v 0.19376 -0.50464 9.9691
v -0.1845 -0.35891 10.04
v -0.17853 -0.29029 9.9722
v -0.19097 -0.33255 9.8859
v -0.20463 -0.42729 9.9007
v -0.20063 -0.44358 9.9961
v -0.84486 0.55346 10.155
v -0.88127 0.67253 10.02
v -0.99187 0.5895 9.8992
v -1.0238 0.41911 9.9595
v -0.93295 0.39684 10.117
v -1.164 0.68481 10.357
v -1.2004 0.80388 10.222
v -1.311 0.72085 10.101
v -1.343 0.55046 10.162
v -1.2521 0.52819 10.32
v 0.60663 -0.039552 11.192
v 0.2092 0.50751 11.2
v -0.43388 0.29853 11.207
v -0.43389 -0.37769 11.205
v 0.20917 -0.58664 11.195
v 0.61204 -0.041068 11.592
v 0.21462 0.506 11.599
v -0.42846 0.29702 11.607
v -0.42848 -0.37921 11.605
v 0.21459 -0.58815 11.595
v 0.11151 -0.12993 11.377
v -0.02975 0.078553 11.368
v -0.086439 0.12379 11.127
v 0.019784 -0.056723 10.987
v 0.14212 -0.21353 11.141
v -0.21902 -0.35232 11.413
v -0.36028 -0.14384 11.404
v -0.41697 -0.098602 11.163
v -0.31074 -0.27912 11.022
v -0.1884 -0.43593 11.177
v 0.35323 -0.21233 10.347
v 0.32064 -0.014422 10.511
v 0.24004 -0.11025 10.737
v 0.22283 -0.36739 10.714
v 0.29278 -0.43048 10.473
v 0.73313 -0.24874 10.467
v 0.70054 -0.05083 10.631
v 0.61995 -0.14666 10.857
v 0.60273 -0.4038 10.833
v 0.67268 -0.46688 10.592
v 0.30411 -0.21288 10.689
v 0.30494 -0.095735 10.582
v 0.27946 -0.15996 10.439
v 0.26289 -0.3168 10.458
v 0.27812 -0.3495 10.613
v -0.09004 -0.16535 10.738
v -0.089213 -0.04821 10.631
v -0.11469 -0.11243 10.488
v -0.13126 -0.26927 10.507
v -0.11603 -0.30198 10.662
v 0.36458 0.70266 10.531
v 0.19119 0.82183 10.36
v -0.058534 0.79872 10.463
v -0.039473 0.66526 10.699
v 0.22203 0.60589 10.741
v 0.41255 1.0498 10.724
v 0.23916 1.169 10.553
v -0.010563 1.1459 10.656
v 0.0084979 1.0124 10.892
v 0.27 0.95306 10.934
v 0.25384 0.6642 10.531
v 0.12039 0.63879 10.454
v 0.0084591 0.72405 10.522
v 0.072729 0.80216 10.641
v 0.22438 0.76517 10.647
v 0.33744 0.96901 10.286
v 0.204 0.9436 10.209
v 0.092067 1.0289 10.277
v 0.15634 1.107 10.396
v 0.30799 1.07 10.401
v -0.43611 -0.98179 10.416
v -0.55296 -0.8513 10.452
v -0.68398 -0.85897 10.331
v -0.6481 -0.9942 10.219
v -0.49491 -1.0701 10.272
v -0.64093 -1.2311 10.652
v -0.75778 -1.1006 10.689
v -0.88879 -1.1082 10.567
v -0.85292 -1.2435 10.456
v -0.69973 -1.3194 10.508
v -0.47225 -0.43473 10.374
v -0.46504 -0.44985 10.394
v -0.48462 -0.46677 10.399
v -0.50393 -0.46211 10.382
v -0.49628 -0.44231 10.366
v -0.30861 -0.69749 10.12
v -0.30141 -0.7126 10.141
v -0.32099 -0.72952 10.146
v -0.34029 -0.72486 10.128
v -0.33264 -0.70506 10.113
v -0.49871 -0.44166 10.397
v -0.47981 -0.42925 10.384
v -0.46729 -0.44711 10.369
v -0.47845 -0.47056 10.373
v -0.49786 -0.46719 10.391
v -0.75612 -0.37506 10.098
v -0.73722 -0.36265 10.085
v -0.7247 -0.38051 10.07
v -0.73586 -0.40396 10.075
v -0.75528 -0.40059 10.092
v 0.54718 -0.59773 9.961
v 0.55985 -0.53572 10.036
v 0.54497 -0.58511 10.119
v 0.5231 -0.67764 10.096
v 0.52447 -0.68544 9.998
v 0.93551 -0.69278 9.974
v 0.94818 -0.63077 10.049
v 0.9333 -0.68016 10.132
v 0.91143 -0.77269 10.109
v 0.9128 -0.78048 10.011
v -0.19496 -0.35871 9.8868
v -0.18158 -0.29899 9.9473
v -0.18239 -0.33813 10.024
v -0.19628 -0.42203 10.011
v -0.20405 -0.43475 9.9261
v 0.19943 -0.41977 9.8599
v 0.21282 -0.36005 9.9204
v 0.212 -0.39919 9.997
v 0.19811 -0.48309 9.9839
v 0.19035 -0.49581 9.8991
v -0.19345 -0.36442 9.9218
v -0.18654 -0.33359 9.953
v -0.18697 -0.3538 9.9926
v -0.19414 -0.39712 9.9858
v -0.19815 -0.40369 9.942
v 0.20094 -0.42548 9.8948
v 0.20785 -0.39465 9.926
v 0.20742 -0.41486 9.9656
v 0.20025 -0.45818 9.9588
v 0.19624 -0.46475 9.9151
v -1.1532 0.68687 10.348
v -1.1951 0.80043 10.21
v -1.3186 0.71666 10.103
v -1.3529 0.55132 10.175
v -1.2507 0.53291 10.326
v -1.4491 0.84354 10.567
v -1.491 0.9571 10.429
v -1.6144 0.87332 10.322
v -1.6488 0.70799 10.394
v -1.5466 0.68958 10.545
v -1.2496 0.64239 10.223
v -1.2672 0.65503 10.219
v -1.2667 0.67128 10.234
v -1.2488 0.66867 10.246
v -1.2382 0.65082 10.239
v -1.0404 0.86801 9.967
v -1.058 0.88065 9.9637
v -1.0575 0.89689 9.9785
v -1.0396 0.89429 9.9908
v -1.029 0.87644 9.9837
v 0.59748 -0.041059 11.592
v 0.21013 0.49214 11.601
v -0.41667 0.28844 11.608
v -0.4167 -0.37065 11.604
v 0.21008 -0.57429 11.594
v 0.60287 -0.043607 11.992
v 0.21551 0.48959 12.001
v -0.41129 0.2859 12.008
v -0.41131 -0.3732 12.004
v 0.21547 -0.57684 11.994
v 0.1625 -0.065524 11.587
v 0.05244 -0.11613 11.497
v -0.079143 -0.063025 11.549
v -0.050411 0.020406 11.672
v 0.09893 0.018862 11.695
v 0.20227 0.2593 11.357
v 0.092216 0.20869 11.267
v -0.039367 0.2618 11.319
v -0.010635 0.34523 11.442
v 0.13871 0.34369 11.465
v -0.17695 -0.25706 11.393
v -0.25667 -0.071434 11.275
v -0.395 -0.14912 11.103
v -0.40077 -0.38275 11.115
v -0.26601 -0.44946 11.294
v -0.49265 -0.23692 11.638
v -0.57237 -0.051294 11.52
v -0.71071 -0.12898 11.348
v -0.71647 -0.36261 11.359
v -0.58171 -0.42932 11.539
v -0.25651 -0.2588 11.169
v -0.28292 -0.1856 11.221
v -0.33166 -0.21793 11.293
v -0.33538 -0.31111 11.287
v -0.28893 -0.33637 11.21
v 0.081009 -0.28766 11.381
v 0.054603 -0.21446 11.433
v 0.005864 -0.24679 11.506
v 0.0021481 -0.33997 11.499
v 0.04859 -0.36523 11.422
v 0.75396 -0.23432 10.493
v 0.72069 -0.066101 10.663
v 0.61157 -0.17052 10.851
v 0.57741 -0.40327 10.797
v 0.66541 -0.4427 10.576
v 1.1107 -0.32289 10.651
v 1.0774 -0.15467 10.821
v 0.96831 -0.25909 11.009
v 0.93415 -0.49184 10.955
v 1.0221 -0.53128 10.734
v 0.74511 -0.25814 10.682
v 0.6953 -0.25394 10.603
v 0.60473 -0.26279 10.625
v 0.59857 -0.27246 10.718
v 0.68533 -0.26959 10.753
v 0.71599 0.13885 10.721
v 0.66618 0.14305 10.642
v 0.57562 0.13421 10.664
v 0.56945 0.12454 10.757
v 0.65621 0.12741 10.792
v -0.030355 -0.1294 10.545
v -0.03658 -0.13251 10.675
v -0.14184 -0.20049 10.708
v -0.20067 -0.23939 10.599
v -0.13177 -0.19546 10.499
v 0.18717 -0.46508 10.548
v 0.18094 -0.46819 10.677
v 0.075678 -0.53616 10.711
v 0.016847 -0.57506 10.602
v 0.085751 -0.53113 10.501
v -0.10263 -0.21742 10.537
v -0.14263 -0.13594 10.55
v -0.13511 -0.11458 10.639
v -0.090463 -0.18287 10.681
v -0.070393 -0.24643 10.618
v 0.24558 -0.034766 10.464
v 0.20559 0.046719 10.477
v 0.21311 0.068076 10.566
v 0.25775 -0.0002092 10.608
v 0.27782 -0.063769 10.545
v 0.41012 1.0612 10.742
v 0.24918 1.1902 10.574
v -0.0019307 1.1477 10.651
v 0.0038112 0.99232 10.867
v 0.25847 0.93886 10.924
v 0.42693 1.3859 10.975
v 0.266 1.5149 10.807
v 0.014887 1.4724 10.884
v 0.020629 1.3171 11.1
v 0.27529 1.2636 11.156
v 0.25043 0.96511 10.202
v 0.1734 1.096 10.216
v 0.16017 1.127 10.365
v 0.22903 1.0152 10.443
v 0.28481 0.91512 10.342
v 0.59448 1.1688 10.19
v 0.51745 1.2997 10.205
v 0.50422 1.3307 10.353
v 0.57308 1.2189 10.431
v 0.62886 1.1188 10.33
v -0.63842 -1.2277 10.649
v -0.75376 -1.0952 10.683
v -0.88882 -1.1083 10.567
v -0.85695 -1.2489 10.461
v -0.70219 -1.3227 10.512
v -0.83554 -1.4644 10.905
v -0.95088 -1.332 10.938
v -1.0859 -1.3451 10.822
v -1.0541 -1.4857 10.716
v -0.89932 -1.5595 10.767
v -0.68458 -1.1945 10.483
v -0.73648 -1.0818 10.559
v -0.83198 -1.1332 10.656
v -0.8391 -1.2777 10.64
v -0.74801 -1.3155 10.533
v -0.38976 -1.2388 10.75
v -0.44166 -1.1261 10.826
v -0.53716 -1.1775 10.923
v -0.54428 -1.322 10.907
v -0.45319 -1.3598 10.8
v 0.93286 -0.69811 9.9799
v 0.94229 -0.63707 10.045
v 0.9323 -0.67872 10.124
v 0.91671 -0.7655 10.107
v 0.91705 -0.77748 10.018
v 1.326 -0.77091 9.9912
v 1.3354 -0.70987 10.056
v 1.3255 -0.75152 10.135
v 1.3099 -0.8383 10.119
v 1.3102 -0.85028 10.03
v 0.20716 -0.42429 9.9831
v 0.21091 -0.38118 9.9403
v 0.20309 -0.40773 9.8861
v 0.19451 -0.46725 9.8954
v 0.19703 -0.47748 9.9553
v -0.18723 -0.36323 10.01
v -0.18348 -0.32012 9.9673
v -0.1913 -0.34667 9.9131
v -0.19988 -0.40619 9.9224
v -0.19736 -0.41642 9.9823
v 0.20716 -0.42429 9.9831
v 0.21091 -0.38118 9.9403
v 0.20309 -0.40773 9.8861
v 0.19451 -0.46725 9.8954
v 0.19703 -0.47748 9.9553
v -0.18723 -0.36323 10.01
v -0.18348 -0.32012 9.9673
v -0.1913 -0.34667 9.9131
v -0.19988 -0.40619 9.9224
v -0.19736 -0.41642 9.9823
v 0.20529 -0.42723 9.9625
v 0.20753 -0.40153 9.937
v 0.20287 -0.41736 9.9047
v 0.19775 -0.45285 9.9102
v 0.19925 -0.45895 9.9459
v -0.1891 -0.36617 9.9895
v -0.18686 -0.34047 9.9639
v -0.19152 -0.3563 9.9316
v -0.19664 -0.39179 9.9372
v -0.19514 -0.39789 9.9729
v 0.20449 -0.42851 9.9536
v 0.20607 -0.41033 9.9355
v 0.20277 -0.42153 9.9127
v 0.19916 -0.44662 9.9166
v 0.20022 -0.45094 9.9419
v -0.1899 -0.36745 9.9805
v -0.18832 -0.34927 9.9625
v -0.19162 -0.36047 9.9397
v -0.19524 -0.38556 9.9436
v -0.19418 -0.38988 9.9688
v -1.4629 0.83312 10.536
v -1.5052 0.92736 10.435
v -1.6094 0.86536 10.357
v -1.6315 0.73281 10.409
v -1.541 0.71288 10.52
v -1.738 0.97838 10.787
v -1.7803 1.0726 10.686
v -1.8844 1.0106 10.608
v -1.9066 0.87806 10.661
v -1.816 0.85814 10.771
v 0.58909 -0.043607 11.991
v 0.21125 0.47651 12
v -0.40014 0.27781 12.009
v -0.40017 -0.36511 12.005
v 0.21121 -0.56376 11.994
v 0.5957 -0.045747 12.391
v 0.21787 0.47437 12.4
v -0.39353 0.27567 12.409
v -0.39355 -0.36725 12.405
v 0.21782 -0.5659 12.394
v -0.035508 -0.10372 12.074
v -0.038928 0.038129 12.044
v 0.069836 0.066989 11.952
v 0.14048 -0.057024 11.926
v 0.07537 -0.16253 12.002
v -0.27757 -0.17602 11.764
v -0.28099 -0.034167 11.734
v -0.17223 -0.0053061 11.642
v -0.10159 -0.12932 11.616
v -0.16669 -0.23482 11.692
v 0.18806 0.28035 11.404
v 0.10784 0.39139 11.402
v -0.015501 0.35367 11.356
v -0.011509 0.21931 11.329
v 0.1143 0.174 11.359
v 0.071371 0.20295 11.779
v -0.0088512 0.314 11.776
v -0.13219 0.27628 11.73
v -0.1282 0.14192 11.704
v -0.0023906 0.096604 11.734
v -0.49365 -0.21696 11.614
v -0.55371 -0.071084 11.47
v -0.69817 -0.16116 11.341
v -0.7274 -0.36271 11.405
v -0.60099 -0.3972 11.574
v -0.78666 -0.096607 11.858
v -0.84672 0.049272 11.714
v -0.99119 -0.040805 11.585
v -1.0204 -0.24236 11.649
v -0.89401 -0.27684 11.818
v 0.11 -0.29912 11.439
v 0.052663 -0.28668 11.377
v -0.024326 -0.27996 11.414
v -0.01457 -0.28825 11.498
v 0.068447 -0.30009 11.514
v 0.16006 0.09636 11.472
v 0.10272 0.1088 11.41
v 0.025733 0.11551 11.447
v 0.035488 0.10723 11.531
v 0.11851 0.095392 11.547
v 0.070444 -0.29453 11.444
v 0.044802 -0.28897 11.417
v 0.010372 -0.28597 11.433
v 0.014735 -0.28967 11.471
v 0.051861 -0.29496 11.478
v 0.1205 0.10095 11.477
v 0.094861 0.10651 11.45
v 0.06043 0.10951 11.466
v 0.064793 0.10581 11.504
v 0.10192 0.10051 11.511
v 1.1266 -0.32254 10.678
v 1.0827 -0.17189 10.837
v 0.95563 -0.27008 10.992
v 0.92106 -0.48142 10.929
v 1.0267 -0.51384 10.735
v 1.4554 -0.43526 10.876
v 1.4114 -0.28461 11.035
v 1.2844 -0.3828 11.19
v 1.2498 -0.59414 11.127
v 1.3555 -0.62656 10.933
v 0.976 -0.31687 10.782
v 1.0415 -0.27646 10.832
v 1.0808 -0.34038 10.884
v 1.0396 -0.42029 10.867
v 0.9748 -0.40577 10.804
v 1.2412 -0.39166 10.492
v 1.3068 -0.35125 10.542
v 1.3461 -0.41517 10.594
v 1.3048 -0.49508 10.577
v 1.24 -0.48055 10.514
v 0.71368 0.13982 10.71
v 0.66638 0.12871 10.787
v 0.57806 0.12438 10.765
v 0.57076 0.1328 10.675
v 0.65458 0.14234 10.641
v 0.74279 -0.25718 10.67
v 0.6955 -0.26828 10.747
v 0.60717 -0.27261 10.726
v 0.59988 -0.26419 10.635
v 0.6837 -0.25465 10.601
v 0.65536 0.13512 10.714
v 0.64389 0.13242 10.733
v 0.62247 0.13137 10.728
v 0.6207 0.13341 10.706
v 0.64103 0.13573 10.697
v 0.68448 -0.26188 10.675
v 0.67301 -0.26457 10.693
v 0.65159 -0.26562 10.688
v 0.64982 -0.26358 10.666
v 0.67015 -0.26126 10.658
v 0.11434 -0.51296 10.639
v 0.1129 -0.4839 10.615
v 0.10645 -0.498 10.58
v 0.1039 -0.53576 10.583
v 0.10878 -0.54501 10.62
v -0.2798 -0.48156 10.7
v -0.28123 -0.45251 10.676
v -0.28768 -0.4666 10.641
v -0.29023 -0.50437 10.644
v -0.28536 -0.51362 10.68
v 0.13807 -0.48472 10.704
v 0.14709 -0.41687 10.601
v 0.10386 -0.48481 10.507
v 0.068111 -0.59464 10.552
v 0.089254 -0.59458 10.674
v -0.22906 -0.33916 10.768
v -0.22004 -0.27131 10.664
v -0.26327 -0.33925 10.57
v -0.29902 -0.44908 10.615
v -0.27788 -0.44902 10.737
v 0.26148 -0.016887 10.584
v 0.2275 0.043874 10.574
v 0.21075 0.048439 10.506
v 0.23437 -0.0095009 10.474
v 0.26573 -0.049875 10.522
v -0.086728 -0.19955 10.657
v -0.12071 -0.13878 10.647
v -0.13746 -0.13422 10.579
v -0.11384 -0.19216 10.547
v -0.082482 -0.23253 10.595
v 0.25797 -0.013604 10.575
v 0.22954 0.037232 10.567
v 0.21552 0.041051 10.51
v 0.23529 -0.0074246 10.483
v 0.26152 -0.041204 10.524
v -0.090243 -0.19626 10.649
v -0.11867 -0.14543 10.64
v -0.13269 -0.14161 10.583
v -0.11293 -0.19008 10.556
v -0.08669 -0.22386 10.597
v 0.42705 1.3875 10.977
v 0.26756 1.532 10.821
v 0.015742 1.4813 10.891
v 0.019591 1.3055 11.09
v 0.27379 1.2475 11.144
v 0.43983 1.6878 11.241
v 0.28035 1.8323 11.085
v 0.028526 1.7816 11.154
v 0.032374 1.6059 11.354
v 0.28658 1.5479 11.408
v 0.21025 1.3865 11.028
v 0.19963 1.4318 11.003
v 0.19056 1.4204 10.952
v 0.19556 1.3681 10.946
v 0.20773 1.3471 10.993
v -0.1789 1.3398 11.108
v -0.18951 1.3851 11.083
v -0.19859 1.3737 11.032
v -0.19358 1.3214 11.026
v -0.18142 1.3005 11.073
v 0.62129 1.1691 10.211
v 0.52599 1.2757 10.196
v 0.48269 1.3156 10.327
v 0.55123 1.2335 10.423
v 0.63689 1.143 10.352
v 0.91814 1.4367 10.228
v 0.82284 1.5433 10.213
v 0.77954 1.5832 10.344
v 0.84807 1.5011 10.44
v 0.93373 1.4106 10.368
v -0.86693 -1.4574 10.887
v -0.95386 -1.3558 10.911
v -1.0564 -1.3669 10.822
v -1.0328 -1.4753 10.744
v -0.91575 -1.5312 10.784
v -1.0655 -1.688 11.147
v -1.1524 -1.5864 11.17
v -1.2549 -1.5975 11.082
v -1.2314 -1.7059 11.004
v -1.1143 -1.7618 11.044
v -0.39273 -1.239 10.753
v -0.44278 -1.1303 10.827
v -0.53489 -1.1799 10.92
v -0.54176 -1.3192 10.905
v -0.4539 -1.3557 10.801
v -0.09791 -1.2833 11.02
v -0.14796 -1.1746 11.093
v -0.24007 -1.2242 11.187
v -0.24694 -1.3635 11.171
v -0.15908 -1.4 11.068
v 1.3225 -0.7814 10.018
v 1.3244 -0.73759 10.054
v 1.3222 -0.75816 10.107
v 1.3189 -0.81468 10.103
v 1.3191 -0.82904 10.049
v 1.7217 -0.80491 10.026
v 1.7236 -0.76111 10.062
v 1.7214 -0.78168 10.114
v 1.7181 -0.8382 10.111
v 1.7183 -0.85256 10.056
v 1.3772 -0.81936 10.028
v 1.3052 -0.78002 9.9918
v 1.2556 -0.74642 10.058
v 1.2969 -0.76499 10.136
v 1.3721 -0.81007 10.117
v 1.578 -0.47427 10.003
v 1.506 -0.43493 9.9673
v 1.4563 -0.40133 10.034
v 1.4977 -0.4199 10.111
v 1.5729 -0.46498 10.092
v -0.1934 -0.36462 9.9229
v -0.18671 -0.33476 9.9532
v -0.18712 -0.35433 9.9915
v -0.19407 -0.39628 9.9849
v -0.19795 -0.40264 9.9426
v 0.20099 -0.42568 9.896
v 0.20768 -0.39582 9.9262
v 0.20727 -0.41539 9.9645
v 0.20032 -0.45734 9.958
v 0.19644 -0.4637 9.9156
v -0.1934 -0.36462 9.9229
v -0.18671 -0.33476 9.9532
v -0.18712 -0.35433 9.9915
v -0.19407 -0.39628 9.9849
v -0.19795 -0.40264 9.9426
v 0.20099 -0.42568 9.896
v 0.20768 -0.39582 9.9262
v 0.20727 -0.41539 9.9645
v 0.20032 -0.45734 9.958
v 0.19644 -0.4637 9.9156
v -0.1934 -0.36462 9.9229
v -0.18671 -0.33476 9.9532
v -0.18712 -0.35433 9.9915
v -0.19407 -0.39628 9.9849
v -0.19795 -0.40264 9.9426
v 0.20099 -0.42568 9.896
v 0.20768 -0.39582 9.9262
v 0.20727 -0.41539 9.9645
v 0.20032 -0.45734 9.958
v 0.19644 -0.4637 9.9156
v -0.1934 -0.36462 9.9229
v -0.18671 -0.33476 9.9532
v -0.18712 -0.35433 9.9915
v -0.19407 -0.39628 9.9849
v -0.19795 -0.40264 9.9426
v 0.20099 -0.42568 9.896
v 0.20768 -0.39582 9.9262
v 0.20727 -0.41539 9.9645
v 0.20032 -0.45734 9.958
v 0.19644 -0.4637 9.9156
v -0.19316 -0.36554 9.9286
v -0.18752 -0.34036 9.9541
v -0.18786 -0.35687 9.9864
v -0.19372 -0.39224 9.9809
v -0.19699 -0.39761 9.9451
v 0.20123 -0.4266 9.9016
v 0.20687 -0.40142 9.9271
v 0.20653 -0.41793 9.9594
v 0.20067 -0.4533 9.9539
v 0.1974 -0.45866 9.9182
v -1.7442 0.97805 10.793
v -1.7825 1.0742 10.693
v -1.8796 1.0119 10.606
v -1.9013 0.87729 10.653
v -1.8177 0.85636 10.769
v -2.039 1.1083 11.03
v -2.0773 1.2044 10.93
v -2.1744 1.1422 10.843
v -2.1961 1.0075 10.89
v -2.1124 0.98659 11.006
v -1.785 0.88943 10.756
v -1.8794 0.94687 10.781
v -1.8987 1.0219 10.699
v -1.8162 1.0108 10.621
v -1.746 0.92891 10.657
v -2.0041 0.61738 10.561
v -2.0985 0.67483 10.587
v -2.1178 0.74981 10.504
v -2.0353 0.73871 10.426
v -1.9651 0.65686 10.462
v 0.55273 -0.045738 12.388
v 0.2046 0.43356 12.399
v -0.35876 0.25044 12.411
v -0.3588 -0.34203 12.407
v 0.20453 -0.52508 12.393
v 0.56167 -0.048076 12.788
v 0.21353 0.43122 12.799
v -0.34983 0.2481 12.81
v -0.34986 -0.34437 12.807
v 0.21347 -0.52742 12.793
v 0.084633 0.0080792 12.197
v 0.11113 0.15722 12.396
v 0.051573 0.025837 12.6
v -0.011732 -0.20451 12.527
v 0.0087008 -0.21548 12.279
v 0.46565 -0.10811 12.234
v 0.49214 0.041037 12.432
v 0.43259 -0.09035 12.636
v 0.36928 -0.3207 12.564
v 0.38972 -0.33167 12.315
v -0.10151 -0.11312 11.685
v -0.16677 -0.067823 11.769
v -0.2777 -0.089003 11.744
v -0.281 -0.14739 11.644
v -0.1721 -0.1623 11.607
v -0.081654 -0.45832 11.886
v -0.14691 -0.41302 11.97
v -0.25785 -0.4342 11.945
v -0.26115 -0.49259 11.845
v -0.15225 -0.5075 11.808
v 0.063267 0.21691 11.756
v 0.0019168 0.21619 11.649
v -0.11743 0.20187 11.674
v -0.12985 0.19375 11.796
v -0.018167 0.20304 11.847
v 0.020289 0.61398 11.778
v -0.041061 0.61326 11.671
v -0.16041 0.59894 11.697
v -0.17282 0.59082 11.818
v -0.061145 0.60011 11.869
v -0.79311 -0.10514 11.841
v -0.85683 0.034694 11.724
v -0.99099 -0.041277 11.608
v -1.0102 -0.22807 11.653
v -0.88788 -0.26754 11.797
v -1.0767 -0.011781 12.108
v -1.1404 0.12806 11.991
v -1.2746 0.052087 11.874
v -1.2938 -0.1347 11.919
v -1.1715 -0.17418 12.063
v 0.13897 0.097734 11.488
v 0.09751 0.09932 11.532
v 0.043604 0.10828 11.506
v 0.051744 0.11224 11.447
v 0.11068 0.10572 11.435
v 0.088908 -0.29774 11.455
v 0.047452 -0.29616 11.499
v -0.0064541 -0.2872 11.473
v 0.001686 -0.28324 11.413
v 0.060623 -0.28976 11.402
v 0.13897 0.097734 11.488
v 0.09751 0.09932 11.532
v 0.043604 0.10828 11.506
v 0.051744 0.11224 11.447
v 0.11068 0.10572 11.435
v 0.088908 -0.29774 11.455
v 0.047452 -0.29616 11.499
v -0.0064541 -0.2872 11.473
v 0.001686 -0.28324 11.413
v 0.060623 -0.28976 11.402
v 0.11107 0.10156 11.484
v 0.09253 0.10227 11.504
v 0.068423 0.10628 11.493
v 0.072063 0.10805 11.466
v 0.09842 0.10513 11.461
v 0.061011 -0.29392 11.451
v 0.042472 -0.29321 11.471
v 0.018364 -0.2892 11.46
v 0.022005 -0.28743 11.433
v 0.048362 -0.29035 11.428
v 0.11107 0.10156 11.484
v 0.09253 0.10227 11.504
v 0.068423 0.10628 11.493
v 0.072063 0.10805 11.466
v 0.09842 0.10513 11.461
v 0.061011 -0.29392 11.451
v 0.042472 -0.29321 11.471
v 0.018364 -0.2892 11.46
v 0.022005 -0.28743 11.433
v 0.048362 -0.29035 11.428
v 1.4665 -0.44163 10.885
v 1.4088 -0.28565 11.031
v 1.2717 -0.37708 11.178
v 1.2446 -0.58956 11.123
v 1.365 -0.62946 10.942
v 1.7788 -0.54044 11.115
v 1.7212 -0.38446 11.26
v 1.584 -0.47589 11.408
v 1.5569 -0.68838 11.353
v 1.6773 -0.72827 11.172
v 1.3323 -0.42245 10.584
v 1.3056 -0.36976 10.546
v 1.2543 -0.39582 10.505
v 1.2493 -0.46461 10.518
v 1.2975 -0.48106 10.567
v 1.067 -0.34766 10.873
v 1.0404 -0.29498 10.836
v 0.98907 -0.32103 10.795
v 0.98402 -0.38982 10.808
v 1.0322 -0.40628 10.857
v 1.325 -0.42315 10.577
v 1.3027 -0.37907 10.545
v 1.2598 -0.40087 10.512
v 1.2556 -0.45842 10.523
v 1.2959 -0.47219 10.563
v 1.0598 -0.34836 10.867
v 1.0375 -0.30429 10.835
v 0.99454 -0.32609 10.802
v 0.99032 -0.38364 10.813
v 1.0306 -0.3974 10.853
v 0.74026 -0.25846 10.682
v 0.69349 -0.25452 10.607
v 0.60846 -0.26282 10.628
v 0.60268 -0.2719 10.715
v 0.68413 -0.26921 10.748
v 0.71115 0.13853 10.721
v 0.66438 0.14248 10.647
v 0.57935 0.13417 10.667
v 0.57356 0.12509 10.755
v 0.65502 0.12779 10.788
v -0.27704 -0.47073 10.651
v -0.27008 -0.4687 10.677
v -0.28355 -0.48744 10.691
v -0.29883 -0.50106 10.673
v -0.29481 -0.49073 10.649
v 0.021919 -0.72959 10.591
v 0.028879 -0.72756 10.617
v 0.015409 -0.7463 10.631
v 0.00012553 -0.75991 10.613
v 0.004149 -0.74959 10.589
v -0.27704 -0.47073 10.651
v -0.27008 -0.4687 10.677
v -0.28355 -0.48744 10.691
v -0.29883 -0.50106 10.673
v -0.29481 -0.49073 10.649
v 0.021919 -0.72959 10.591
v 0.028879 -0.72756 10.617
v 0.015409 -0.7463 10.631
v 0.00012553 -0.75991 10.613
v 0.004149 -0.74959 10.589
v -0.2579 -0.35654 10.641
v -0.24548 -0.33924 10.673
v -0.25016 -0.36385 10.702
v -0.26548 -0.39636 10.688
v -0.27026 -0.39184 10.65
v 0.10924 -0.5021 10.577
v 0.12165 -0.4848 10.61
v 0.11697 -0.50941 10.639
v 0.10165 -0.54192 10.625
v 0.096875 -0.5374 10.587
v -0.17249 -0.33168 10.635
v -0.19545 -0.35418 10.748
v -0.30464 -0.39794 10.755
v -0.34918 -0.40248 10.646
v -0.26751 -0.36153 10.572
v -0.027062 -0.7017 10.591
v -0.050014 -0.7242 10.704
v -0.15921 -0.76796 10.711
v -0.20375 -0.7725 10.602
v -0.12208 -0.73155 10.528
v -0.10473 -0.20323 10.563
v -0.12978 -0.1522 10.571
v -0.12507 -0.13883 10.626
v -0.097109 -0.18159 10.653
v -0.084541 -0.22139 10.613
v 0.24348 -0.020571 10.489
v 0.21844 0.030456 10.497
v 0.22315 0.043831 10.553
v 0.2511 0.0010689 10.579
v 0.26367 -0.038734 10.54
v -0.10576 -0.19626 10.575
v -0.12347 -0.16018 10.581
v -0.12014 -0.15073 10.62
v -0.10037 -0.18096 10.639
v -0.091484 -0.20911 10.611
v 0.24245 -0.013606 10.502
v 0.22474 0.022476 10.508
v 0.22807 0.031933 10.547
v 0.24784 0.0016961 10.565
v 0.25673 -0.026449 10.538
v -0.1057 -0.19668 10.574
v -0.12385 -0.15971 10.58
v -0.12043 -0.15002 10.621
v -0.10018 -0.181 10.64
v -0.09107 -0.20984 10.611
v 0.24251 -0.014021 10.501
v 0.22437 0.022952 10.507
v 0.22778 0.032642 10.547
v 0.24804 0.0016587 10.566
v 0.25714 -0.027181 10.538
v -0.1057 -0.19668 10.574
v -0.12385 -0.15971 10.58
v -0.12043 -0.15002 10.621
v -0.10018 -0.181 10.64
v -0.09107 -0.20984 10.611
v 0.24251 -0.014021 10.501
v 0.22437 0.022952 10.507
v 0.22778 0.032642 10.547
v 0.24804 0.0016587 10.566
v 0.25714 -0.027181 10.538
v 0.43782 1.6814 11.225
v 0.27358 1.8385 11.088
v 0.026358 1.7919 11.173
v 0.037801 1.606 11.362
v 0.2921 1.5377 11.394
v 0.47886 1.9662 11.503
v 0.31463 2.1234 11.366
v 0.067403 2.0768 11.451
v 0.078847 1.8909 11.639
v 0.33314 1.8226 11.672
v 0.23188 1.6917 11.247
v 0.21978 1.704 11.26
v 0.19904 1.6985 11.257
v 0.19832 1.6827 11.242
v 0.21862 1.6785 11.236
v 0.2651 1.4172 11.536
v 0.253 1.4295 11.549
v 0.23225 1.424 11.546
v 0.23154 1.4083 11.531
v 0.25184 1.4041 11.525
v -0.17851 1.3413 11.103
v -0.18801 1.3813 11.08
v -0.19805 1.3699 11.035
v -0.19475 1.3229 11.031
v -0.18267 1.3052 11.073
v -0.56522 1.3055 11.199
v -0.57473 1.3455 11.176
v -0.58477 1.3341 11.131
v -0.58147 1.2871 11.127
v -0.56939 1.2694 11.169
v -0.17811 1.3454 11.082
v -0.18402 1.3635 11.068
v -0.19599 1.3548 11.049
v -0.19746 1.3313 11.052
v -0.18642 1.3255 11.072
v -0.52092 1.3892 11.283
v -0.52683 1.4073 11.269
v -0.5388 1.3987 11.251
v -0.54027 1.3752 11.253
v -0.52922 1.3694 11.273
v 0.91453 1.4483 10.229
v 0.83281 1.5558 10.225
v 0.7893 1.5792 10.351
v 0.84414 1.4862 10.432
v 0.92154 1.4053 10.356
v 1.2279 1.6886 10.292
v 1.1462 1.7961 10.289
v 1.1027 1.8195 10.415
v 1.1575 1.7265 10.496
v 1.2349 1.6456 10.42
v -1.0627 -1.6861 11.142
v -1.1498 -1.5854 11.169
v -1.256 -1.5987 11.085
v -1.2347 -1.7077 11.007
v -1.1152 -1.7617 11.042
v -1.2465 -1.916 11.413
v -1.3335 -1.8153 11.44
v -1.4398 -1.8286 11.356
v -1.4184 -1.9377 11.278
v -1.2989 -1.9917 11.313
v -1.0925 -1.6078 11.055
v -1.0845 -1.6783 11.148
v -1.1859 -1.7345 11.159
v -1.2566 -1.6987 11.074
v -1.1989 -1.6204 11.01
v -0.95631 -1.901 10.82
v -0.94829 -1.9715 10.912
v -1.0497 -2.0277 10.924
v -1.1204 -1.992 10.838
v -1.0627 -1.9137 10.774
v -0.097909 -1.2833 11.02
v -0.14796 -1.1746 11.093
v -0.24007 -1.2242 11.187
v -0.24694 -1.3635 11.171
v -0.15908 -1.4 11.068
v 0.19691 -1.3276 11.287
v 0.14686 -1.2189 11.36
v 0.05475 -1.2685 11.454
v 0.047877 -1.4078 11.438
v 0.13574 -1.4443 11.335
v -0.15635 -1.2875 11.084
v -0.17006 -1.2578 11.104
v -0.19528 -1.2713 11.129
v -0.19717 -1.3095 11.125
v -0.1731 -1.3195 11.097
v 0.13847 -1.3318 11.35
v 0.12476 -1.302 11.371
v 0.099535 -1.3156 11.396
v 0.097653 -1.3538 11.392
v 0.12171 -1.3638 11.364
v 1.7212 -0.81322 10.116
v 1.7156 -0.76905 10.092
v 1.7169 -0.77828 10.042
v 1.7234 -0.82817 10.036
v 1.7261 -0.84975 10.082
v 1.3245 -0.86464 10.115
v 1.3189 -0.82047 10.091
v 1.3203 -0.82971 10.041
v 1.3268 -0.87959 10.034
v 1.3294 -0.90118 10.08
v 1.7209 -0.81045 10.095
v 1.7181 -0.78837 10.083
v 1.7188 -0.79299 10.058
v 1.722 -0.81793 10.055
v 1.7233 -0.82872 10.078
v 1.3242 -0.86188 10.094
v 1.3214 -0.8398 10.081
v 1.3221 -0.84442 10.056
v 1.3254 -0.86936 10.053
v 1.3267 -0.88015 10.076
v 1.5616 -0.46396 10.015
v 1.5107 -0.43615 9.9891
v 1.4756 -0.41239 10.036
v 1.5049 -0.42552 10.091
v 1.558 -0.4574 10.078
v 1.7624 -0.11887 9.9901
v 1.7115 -0.091058 9.9646
v 1.6764 -0.0673 10.012
v 1.7057 -0.080432 10.066
v 1.7588 -0.11231 10.053
v 1.5616 -0.46396 10.015
v 1.5107 -0.43615 9.9891
v 1.4756 -0.41239 10.036
v 1.5049 -0.42552 10.091
v 1.558 -0.4574 10.078
v 1.7624 -0.11887 9.9901
v 1.7115 -0.091058 9.9646
v 1.6764 -0.0673 10.012
v 1.7057 -0.080432 10.066
v 1.7588 -0.11231 10.053
v 0.20485 -0.42793 9.9576
v 0.20672 -0.40638 9.9362
v 0.20282 -0.41966 9.9091
v 0.19853 -0.44942 9.9137
v 0.19978 -0.45453 9.9437
v -0.18954 -0.36688 9.9845
v -0.18767 -0.34532 9.9632
v -0.19157 -0.3586 9.9361
v -0.19586 -0.38836 9.9407
v -0.19461 -0.39347 9.9707
v 0.20485 -0.42793 9.9576
v 0.20672 -0.40638 9.9362
v 0.20282 -0.41966 9.9091
v 0.19853 -0.44942 9.9137
v 0.19978 -0.45453 9.9437
v -0.18954 -0.36688 9.9845
v -0.18767 -0.34532 9.9632
v -0.19157 -0.3586 9.9361
v -0.19586 -0.38836 9.9407
v -0.19461 -0.39347 9.9707
v 0.20485 -0.42793 9.9576
v 0.20672 -0.40638 9.9362
v 0.20282 -0.41966 9.9091
v 0.19853 -0.44942 9.9137
v 0.19978 -0.45453 9.9437
v -0.18954 -0.36688 9.9845
v -0.18767 -0.34532 9.9632
v -0.19157 -0.3586 9.9361
v -0.19586 -0.38836 9.9407
v -0.19461 -0.39347 9.9707
v 0.20485 -0.42793 9.9576
v 0.20672 -0.40638 9.9362
v 0.20282 -0.41966 9.9091
v 0.19853 -0.44942 9.9137
v 0.19978 -0.45453 9.9437
v -0.18954 -0.36688 9.9845
v -0.18767 -0.34532 9.9632
v -0.19157 -0.3586 9.9361
v -0.19586 -0.38836 9.9407
v -0.19461 -0.39347 9.9707
v 0.20485 -0.42793 9.9576
v 0.20672 -0.40638 9.9362
v 0.20282 -0.41966 9.9091
v 0.19853 -0.44942 9.9137
v 0.19978 -0.45453 9.9437
v -0.18954 -0.36688 9.9845
v -0.18767 -0.34532 9.9632
v -0.19157 -0.3586 9.9361
v -0.19586 -0.38836 9.9407
v -0.19461 -0.39347 9.9707
v 0.20485 -0.42793 9.9576
v 0.20672 -0.40638 9.9362
v 0.20282 -0.41966 9.9091
v 0.19853 -0.44942 9.9137
v 0.19978 -0.45453 9.9437
v -0.18954 -0.36688 9.9845
v -0.18767 -0.34532 9.9632
v -0.19157 -0.3586 9.9361
v -0.19586 -0.38836 9.9407
v -0.19461 -0.39347 9.9707
v 0.20485 -0.42793 9.9576
v 0.20672 -0.40638 9.9362
v 0.20282 -0.41966 9.9091
v 0.19853 -0.44942 9.9137
v 0.19978 -0.45453 9.9437
v -0.18954 -0.36688 9.9845
v -0.18767 -0.34532 9.9632
v -0.19157 -0.3586 9.9361
v -0.19586 -0.38836 9.9407
v -0.19461 -0.39347 9.9707
v 0.20485 -0.42793 9.9576
v 0.20672 -0.40638 9.9362
v 0.20282 -0.41966 9.9091
v 0.19853 -0.44942 9.9137
v 0.19978 -0.45453 9.9437
v -0.18954 -0.36688 9.9845
v -0.18767 -0.34532 9.9632
v -0.19157 -0.3586 9.9361
v -0.19586 -0.38836 9.9407
v -0.19461 -0.39347 9.9707
v -2.0318 1.1058 11.006
v -2.0774 1.1903 10.917
v -2.1816 1.1359 10.859
v -2.2004 1.0178 10.913
v -2.1079 0.99914 11.003
v -2.2704 1.2687 11.283
v -2.316 1.3532 11.194
v -2.4202 1.2988 11.136
v -2.439 1.1806 11.189
v -2.3464 1.162 11.28
v -1.9609 0.67673 10.464
v -2.0287 0.76437 10.455
v -2.1178 0.74581 10.519
v -2.1052 0.64669 10.567
v -2.0082 0.60399 10.534
v -1.7765 0.85215 10.773
v -1.8443 0.9398 10.763
v -1.9335 0.92123 10.827
v -1.9208 0.82211 10.876
v -1.8238 0.77942 10.842
v -2.0272 0.68531 10.499
v -2.041 0.70321 10.497
v -2.0592 0.69942 10.51
v -2.0566 0.67918 10.52
v -2.0368 0.67047 10.513
v -1.8428 0.86074 10.808
v -1.8566 0.87863 10.806
v -1.8748 0.87484 10.819
v -1.8722 0.85461 10.829
v -1.8524 0.84589 10.822
v 0.53597 -0.048099 12.788
v 0.20557 0.40679 12.797
v -0.32905 0.23302 12.809
v -0.32906 -0.32926 12.808
v 0.20555 -0.503 12.795
v 0.54533 -0.048833 13.188
v 0.21493 0.40606 13.197
v -0.31969 0.23229 13.209
v -0.3197 -0.32999 13.208
v 0.21491 -0.50374 13.195
v 0.06913 -0.06773 12.957
v 0.042638 0.094427 12.868
v 0.037094 0.059603 12.685
v 0.060159 -0.12408 12.66
v 0.079958 -0.20277 12.828
v -0.32678 -0.12039 12.979
v -0.35327 0.041771 12.89
v -0.35882 0.0069476 12.707
v -0.33575 -0.17673 12.682
v -0.31595 -0.25543 12.85
v 0.51927 -0.15949 12.256
v 0.45984 0.029964 12.384
v 0.359 -0.045806 12.584
v 0.3561 -0.28209 12.58
v 0.45516 -0.35236 12.377
v 0.87752 -0.1674 12.434
v 0.81809 0.022062 12.562
v 0.71725 -0.053709 12.762
v 0.71435 -0.29 12.757
v 0.81341 -0.36026 12.555
v 0.45607 -0.14734 12.375
v 0.45187 -0.097213 12.437
v 0.41728 -0.13656 12.498
v 0.4001 -0.211 12.473
v 0.42407 -0.21767 12.397
v 0.81555 -0.27183 12.498
v 0.81135 -0.2217 12.561
v 0.77676 -0.26105 12.622
v 0.75958 -0.33549 12.597
v 0.78356 -0.34216 12.521
v -0.092708 -0.47903 11.933
v -0.17003 -0.4002 11.967
v -0.26108 -0.40557 11.896
v -0.24003 -0.48772 11.817
v -0.13597 -0.53312 11.84
v -0.26324 -0.7513 12.171
v -0.34056 -0.67247 12.206
v -0.43161 -0.67783 12.134
v -0.41056 -0.75998 12.056
v -0.3065 -0.80539 12.078
v -0.10565 -0.45901 11.887
v -0.15498 -0.42476 11.951
v -0.23884 -0.44078 11.932
v -0.24133 -0.48491 11.856
v -0.15902 -0.49618 11.829
v -0.085797 -0.80421 12.088
v -0.13513 -0.76997 12.152
v -0.21899 -0.78598 12.133
v -0.22148 -0.83011 12.057
v -0.13916 -0.84138 12.03
v -0.010451 0.65001 11.826
v -0.016296 0.65243 11.703
v -0.11437 0.58712 11.668
v -0.16913 0.54434 11.77
v -0.10491 0.5832 11.867
v -0.23616 0.97979 11.843
v -0.242 0.98222 11.72
v -0.34007 0.91691 11.686
v -0.39484 0.87413 11.787
v -0.33061 0.91299 11.884
v -0.0088033 0.61101 11.775
v -0.052879 0.61049 11.698
v -0.13862 0.6002 11.716
v -0.14754 0.59437 11.804
v -0.067307 0.60104 11.84
v -0.051781 1.0081 11.797
v -0.095857 1.0076 11.72
v -0.1816 0.99727 11.738
v -0.19052 0.99144 11.826
v -0.11029 0.99811 11.862
v -1.084 -0.011969 12.114
v -1.1429 0.12876 11.996
v -1.2688 0.052706 11.871
v -1.2878 -0.13502 11.912
v -1.1736 -0.17499 12.062
v -1.384 0.073197 12.365
v -1.4429 0.21392 12.246
v -1.5689 0.13787 12.121
v -1.5878 -0.049853 12.162
v -1.4736 -0.089825 12.313
v -1.0851 -0.056046 12.015
v -1.1851 -0.050619 12.101
v -1.2938 -0.014076 12.035
v -1.261 0.0030816 11.908
v -1.132 -0.022857 11.896
v -1.1696 -0.44 11.941
v -1.2696 -0.43457 12.027
v -1.3783 -0.39803 11.961
v -1.3454 -0.38087 11.835
v -1.2165 -0.40681 11.822
v 0.074221 -0.29497 11.444
v 0.045553 -0.28875 11.413
v 0.0070585 -0.28539 11.431
v 0.011936 -0.28953 11.473
v 0.053445 -0.29545 11.481
v 0.12428 0.10051 11.477
v 0.095611 0.10673 11.446
v 0.057117 0.11009 11.464
v 0.061995 0.10594 11.506
v 0.1035 0.10003 11.514
v 0.074221 -0.29497 11.444
v 0.045553 -0.28875 11.413
v 0.0070585 -0.28539 11.431
v 0.011936 -0.28953 11.473
v 0.053445 -0.29545 11.481
v 0.12428 0.10051 11.477
v 0.095611 0.10673 11.446
v 0.057117 0.11009 11.464
v 0.061995 0.10594 11.506
v 0.1035 0.10003 11.514
v 0.074221 -0.29497 11.444
v 0.045553 -0.28875 11.413
v 0.0070585 -0.28539 11.431
v 0.011936 -0.28953 11.473
v 0.053445 -0.29545 11.481
v 0.12428 0.10051 11.477
v 0.095611 0.10673 11.446
v 0.057117 0.11009 11.464
v 0.061995 0.10594 11.506
v 0.1035 0.10003 11.514
v 0.074221 -0.29497 11.444
v 0.045553 -0.28875 11.413
v 0.0070585 -0.28539 11.431
v 0.011936 -0.28953 11.473
v 0.053445 -0.29545 11.481
v 0.12428 0.10051 11.477
v 0.095611 0.10673 11.446
v 0.057117 0.11009 11.464
v 0.061995 0.10594 11.506
v 0.1035 0.10003 11.514
v 1.7841 -0.54604 11.118
v 1.7175 -0.38354 11.252
v 1.5764 -0.46972 11.399
v 1.5559 -0.68548 11.356
v 1.6843 -0.73265 11.182
v 2.089 -0.62478 11.365
v 2.0223 -0.46228 11.499
v 1.8812 -0.54846 11.646
v 1.8607 -0.76422 11.602
v 1.9891 -0.81138 11.429
v 1.6898 -0.56309 11.261
v 1.6721 -0.57998 11.28
v 1.6427 -0.57407 11.273
v 1.6422 -0.55354 11.25
v 1.6714 -0.54676 11.243
v 1.6925 -0.86121 10.995
v 1.6748 -0.87809 11.013
v 1.6454 -0.87219 11.006
v 1.6449 -0.85166 10.983
v 1.674 -0.84487 10.976
v 0.9934 -0.32999 10.802
v 1.0344 -0.30468 10.833
v 1.059 -0.34471 10.865
v 1.0332 -0.39475 10.855
v 0.99265 -0.38565 10.815
v 1.2586 -0.40477 10.512
v 1.2997 -0.37947 10.543
v 1.3243 -0.41949 10.575
v 1.2985 -0.46954 10.565
v 1.2579 -0.46044 10.525
v 1.0019 -0.33642 10.811
v 1.031 -0.31853 10.833
v 1.0484 -0.34683 10.856
v 1.0301 -0.38222 10.849
v 1.0014 -0.37578 10.821
v 1.2672 -0.41121 10.521
v 1.2962 -0.39331 10.543
v 1.3136 -0.42162 10.566
v 1.2953 -0.457 10.559
v 1.2666 -0.45057 10.531
v 1.0014 -0.33604 10.81
v 1.0312 -0.3177 10.833
v 1.049 -0.3467 10.857
v 1.0303 -0.38296 10.849
v 1.0009 -0.37637 10.82
v 1.2667 -0.41082 10.521
v 1.2964 -0.39249 10.543
v 1.3142 -0.42149 10.567
v 1.2955 -0.45775 10.559
v 1.2661 -0.45116 10.53
v 1.0014 -0.33604 10.81
v 1.0312 -0.3177 10.833
v 1.049 -0.3467 10.857
v 1.0303 -0.38296 10.849
v 1.0009 -0.37637 10.82
v 1.2667 -0.41082 10.521
v 1.2964 -0.39249 10.543
v 1.3142 -0.42149 10.567
v 1.2955 -0.45775 10.559
v 1.2661 -0.45116 10.53
v 0.71107 0.1396 10.71
v 0.66538 0.12888 10.784
v 0.58004 0.12469 10.764
v 0.573 0.13283 10.676
v 0.65397 0.14205 10.643
v 0.74018 -0.25739 10.671
v 0.69449 -0.26811 10.745
v 0.60916 -0.2723 10.724
v 0.60211 -0.26416 10.637
v 0.68309 -0.25495 10.604
v 0.65657 0.13521 10.714
v 0.64436 0.13235 10.734
v 0.62155 0.13123 10.728
v 0.61967 0.1334 10.705
v 0.64131 0.13586 10.696
v 0.68568 -0.26178 10.675
v 0.67347 -0.26465 10.695
v 0.65067 -0.26577 10.689
v 0.64878 -0.26359 10.666
v 0.67043 -0.26113 10.657
v 0.11561 -0.50844 10.629
v 0.11759 -0.49351 10.606
v 0.10808 -0.50846 10.585
v 0.10022 -0.53262 10.595
v 0.10487 -0.5326 10.622
v -0.25152 -0.36288 10.692
v -0.24954 -0.34795 10.67
v -0.25905 -0.3629 10.649
v -0.26691 -0.38706 10.659
v -0.26226 -0.38704 10.686
v 0.11561 -0.50844 10.629
v 0.11759 -0.49351 10.606
v 0.10808 -0.50846 10.585
v 0.10022 -0.53262 10.595
v 0.10487 -0.5326 10.622
v -0.25152 -0.36288 10.692
v -0.24954 -0.34795 10.67
v -0.25905 -0.3629 10.649
v -0.26691 -0.38706 10.659
v -0.26226 -0.38704 10.686
v -0.025761 -0.70977 10.663
v -0.057294 -0.70894 10.552
v -0.16501 -0.75045 10.545
v -0.20005 -0.77694 10.652
v -0.11399 -0.75181 10.725
v -0.17119 -0.33976 10.707
v -0.20273 -0.33892 10.596
v -0.31044 -0.38043 10.589
v -0.34549 -0.40693 10.696
v -0.25942 -0.38179 10.769
v -0.095427 -0.73374 10.634
v -0.10161 -0.73357 10.612
v -0.12274 -0.74171 10.611
v -0.12961 -0.74691 10.632
v -0.11273 -0.74198 10.646
v -0.24086 -0.36372 10.678
v -0.24704 -0.36355 10.656
v -0.26817 -0.3717 10.655
v -0.27504 -0.37689 10.676
v -0.25816 -0.37196 10.69
v 0.25568 -0.011467 10.57
v 0.23087 0.032907 10.563
v 0.21863 0.036241 10.513
v 0.23588 -0.0060727 10.489
v 0.25878 -0.035557 10.525
v -0.092531 -0.19413 10.643
v -0.11735 -0.14975 10.636
v -0.12958 -0.14642 10.586
v -0.11233 -0.18873 10.563
v -0.08943 -0.21822 10.598
v 0.24783 -0.0041282 10.551
v 0.23542 0.018059 10.547
v 0.2293 0.019725 10.522
v 0.23793 -0.0014312 10.511
v 0.24938 -0.016174 10.528
v -0.10039 -0.18679 10.624
v -0.1128 -0.1646 10.621
v -0.11891 -0.16293 10.596
v -0.11029 -0.18409 10.584
v -0.098838 -0.19883 10.602
v 0.24875 -0.0049944 10.553
v 0.23488 0.019811 10.549
v 0.22804 0.021675 10.521
v 0.23768 -0.0019791 10.508
v 0.25049 -0.018462 10.528
v -0.099461 -0.18765 10.626
v -0.11333 -0.16285 10.622
v -0.12017 -0.16098 10.595
v -0.11053 -0.18464 10.581
v -0.097727 -0.20112 10.601
v 0.24875 -0.0049944 10.553
v 0.23488 0.019811 10.549
v 0.22804 0.021675 10.521
v 0.23768 -0.0019791 10.508
v 0.25049 -0.018462 10.528
v -0.099461 -0.18765 10.626
v -0.11333 -0.16285 10.622
v -0.12017 -0.16098 10.595
v -0.11053 -0.18464 10.581
v -0.097727 -0.20112 10.601
v 0.24897 -0.005197 10.554
v 0.23475 0.020221 10.549
v 0.22774 0.022131 10.521
v 0.23763 -0.0021072 10.507
v 0.25075 -0.018997 10.528
v -0.099244 -0.18786 10.627
v -0.11346 -0.16244 10.623
v -0.12047 -0.16053 10.594
v -0.11059 -0.18477 10.581
v -0.097467 -0.20166 10.601
v 0.24897 -0.005197 10.554
v 0.23475 0.020221 10.549
v 0.22774 0.022131 10.521
v 0.23763 -0.0021072 10.507
v 0.25075 -0.018997 10.528
v -0.099244 -0.18786 10.627
v -0.11346 -0.16244 10.623
v -0.12047 -0.16053 10.594
v -0.11059 -0.18477 10.581
v -0.097467 -0.20166 10.601
v 0.24897 -0.005197 10.554
v 0.23475 0.020221 10.549
v 0.22774 0.022131 10.521
v 0.23763 -0.0021072 10.507
v 0.25075 -0.018997 10.528
v -0.099244 -0.18786 10.627
v -0.11346 -0.16244 10.623
v -0.12047 -0.16053 10.594
v -0.11059 -0.18477 10.581
v -0.097467 -0.20166 10.601
v 0.24897 -0.005197 10.554
v 0.23475 0.020221 10.549
v 0.22774 0.022131 10.521
v 0.23763 -0.0021072 10.507
v 0.25075 -0.018997 10.528
v -0.099244 -0.18786 10.627
v -0.11346 -0.16244 10.623
v -0.12047 -0.16053 10.594
v -0.11059 -0.18477 10.581
v -0.097467 -0.20166 10.601
v 0.45507 1.9699 11.511
v 0.31078 2.1114 11.389
v 0.088817 2.0657 11.456
v 0.095926 1.896 11.621
v 0.32228 1.8368 11.655
v 0.48472 2.2481 11.797
v 0.34043 2.3896 11.674
v 0.11846 2.344 11.742
v 0.12557 2.1742 11.906
v 0.35193 2.115 11.941
v -0.55113 1.3119 11.182
v -0.56428 1.3393 11.159
v -0.59241 1.3239 11.137
v -0.59664 1.287 11.148
v -0.57113 1.2796 11.176
v -0.82093 1.4215 11.457
v -0.83408 1.4489 11.433
v -0.8622 1.4334 11.411
v -0.86644 1.3965 11.422
v -0.84093 1.3891 11.45
v -0.55816 1.3109 11.176
v -0.56745 1.3302 11.159
v -0.58734 1.3193 11.144
v -0.59034 1.2932 11.151
v -0.5723 1.288 11.171
v -0.82795 1.4204 11.45
v -0.83725 1.4398 11.433
v -0.85714 1.4289 11.418
v -0.86013 1.4028 11.426
v -0.84209 1.3976 11.445
v 1.2235 1.6888 10.294
v 1.1451 1.7943 10.292
v 1.1064 1.8182 10.415
v 1.1609 1.7274 10.493
v 1.2333 1.6475 10.418
v 1.5411 1.926 10.347
v 1.4627 2.0314 10.346
v 1.424 2.0553 10.469
v 1.4785 1.9646 10.547
v 1.5509 1.8846 10.472
v -1.244 -1.9121 11.406
v -1.329 -1.8126 11.433
v -1.4394 -1.8309 11.36
v -1.4226 -1.9417 11.287
v -1.3019 -1.9919 11.315
v -1.4036 -2.1304 11.7
v -1.4886 -2.0309 11.728
v -1.599 -2.0492 11.655
v -1.5822 -2.16 11.582
v -1.4615 -2.2102 11.61
v -0.96395 -1.9021 10.81
v -0.95169 -1.9488 10.913
v -1.0442 -2.0126 10.935
v -1.1136 -2.0054 10.844
v -1.064 -1.9371 10.767
v -0.78304 -2.219 10.646
v -0.77078 -2.2656 10.749
v -0.86327 -2.3294 10.771
v -0.9327 -2.3222 10.68
v -0.88311 -2.2539 10.603
v -1.0231 -1.9475 10.866
v -1.0131 -1.951 10.846
v -1.023 -1.9686 10.837
v -1.0391 -1.976 10.85
v -1.0392 -1.9629 10.869
v -1.2852 -1.7022 10.69
v -1.2752 -1.7058 10.67
v -1.2851 -1.7234 10.66
v -1.3012 -1.7307 10.674
v -1.3012 -1.7176 10.692
v 0.1992 -1.3717 11.414
v 0.10557 -1.335 11.473
v 0.026935 -1.2961 11.396
v 0.071977 -1.3087 11.289
v 0.17845 -1.3555 11.3
v 0.04073 -1.7382 11.39
v -0.052909 -1.7016 11.45
v -0.13154 -1.6626 11.373
v -0.086497 -1.6752 11.266
v 0.019971 -1.722 11.277
v 0.074705 -1.3172 11.423
v 0.11896 -1.2677 11.383
v 0.15971 -1.309 11.331
v 0.14065 -1.384 11.339
v 0.088111 -1.3891 11.397
v -0.22011 -1.2729 11.157
v -0.17586 -1.2234 11.116
v -0.13511 -1.2647 11.064
v -0.15417 -1.3397 11.073
v -0.20671 -1.3448 11.13
v 0.10186 -1.3277 11.392
v 0.11731 -1.3105 11.377
v 0.13154 -1.3249 11.359
v 0.12488 -1.3511 11.362
v 0.10654 -1.3528 11.382
v -0.19296 -1.2835 11.125
v -0.17751 -1.2662 11.111
v -0.16328 -1.2806 11.093
v -0.16994 -1.3068 11.096
v -0.18828 -1.3086 11.116
v 0.10186 -1.3277 11.392
v 0.11731 -1.3105 11.377
v 0.13154 -1.3249 11.359
v 0.12488 -1.3511 11.362
v 0.10654 -1.3528 11.382
v -0.19296 -1.2835 11.125
v -0.17751 -1.2662 11.111
v -0.16328 -1.2806 11.093
v -0.16994 -1.3068 11.096
v -0.18828 -1.3086 11.116
v 1.3601 -0.84401 10.054
v 1.3495 -0.84465 10.104
v 1.3036 -0.86529 10.11
v 1.2858 -0.87741 10.064
v 1.3208 -0.86426 10.029
v 1.5269 -1.2063 10.085
v 1.5163 -1.2069 10.135
v 1.4703 -1.2275 10.141
v 1.4525 -1.2397 10.095
v 1.4875 -1.2265 10.061
v 1.752 -0.10956 10.036
v 1.7171 -0.08797 10.054
v 1.6903 -0.07471 10.021
v 1.7086 -0.0881 9.9824
v 1.7467 -0.10964 9.9918
v 1.5513 -0.45465 10.061
v 1.5164 -0.43306 10.079
v 1.4895 -0.4198 10.046
v 1.5078 -0.43319 10.007
v 1.546 -0.45473 10.016
v 1.752 -0.10956 10.036
v 1.7171 -0.08797 10.054
v 1.6903 -0.07471 10.021
v 1.7086 -0.0881 9.9824
v 1.7467 -0.10964 9.9918
v 1.5513 -0.45465 10.061
v 1.5164 -0.43306 10.079
v 1.4895 -0.4198 10.046
v 1.5078 -0.43319 10.007
v 1.546 -0.45473 10.016
v 1.752 -0.10956 10.036
v 1.7171 -0.08797 10.054
v 1.6903 -0.07471 10.021
v 1.7086 -0.0881 9.9824
v 1.7467 -0.10964 9.9918
v 1.5513 -0.45465 10.061
v 1.5164 -0.43306 10.079
v 1.4895 -0.4198 10.046
v 1.5078 -0.43319 10.007
v 1.546 -0.45473 10.016
v 1.752 -0.10956 10.036
v 1.7171 -0.08797 10.054
v 1.6903 -0.07471 10.021
v 1.7086 -0.0881 9.9824
v 1.7467 -0.10964 9.9918
v 1.5513 -0.45465 10.061
v 1.5164 -0.43306 10.079
v 1.4895 -0.4198 10.046
v 1.5078 -0.43319 10.007
v 1.546 -0.45473 10.016
v -2.2721 1.2673 11.265
v -2.3178 1.3378 11.183
v -2.4196 1.2907 11.147
v -2.4368 1.191 11.207
v -2.3456 1.1766 11.28
v -2.4668 1.4722 11.548
v -2.5125 1.5428 11.466
v -2.6143 1.4956 11.43
v -2.6315 1.3959 11.49
v -2.5404 1.3815 11.563
v -1.8583 0.79937 10.848
v -1.9198 0.85569 10.854
v -1.8984 0.92203 10.808
v -1.8237 0.90671 10.774
v -1.7989 0.8309 10.799
v -2.0373 0.63579 10.53
v -2.0988 0.69212 10.536
v -2.0774 0.75845 10.49
v -2.0027 0.74313 10.455
v -1.9779 0.66732 10.48
v -1.8493 0.92388 10.825
v -1.7986 0.87308 10.81
v -1.8324 0.80827 10.804
v -1.9041 0.81902 10.815
v -1.9145 0.89047 10.828
v -1.9021 0.98583 10.433
v -1.8514 0.93503 10.418
v -1.8852 0.87023 10.412
v -1.9569 0.88098 10.424
v -1.9673 0.95243 10.437
v 0.49007 -0.048832 13.193
v 0.19786 0.35342 13.199
v -0.27498 0.19976 13.206
v -0.27499 -0.29746 13.204
v 0.19784 -0.4511 13.196
v 0.49623 -0.050184 13.593
v 0.20402 0.35207 13.599
v -0.26882 0.19841 13.606
v -0.26883 -0.29881 13.604
v 0.204 -0.45245 13.596
v 0.25591 0.024217 13.294
v 0.19497 0.039342 13.039
v -0.042602 -0.067403 13.006
v -0.12849 -0.1485 13.24
v 0.056002 -0.091875 13.418
v 0.086821 0.38145 13.356
v 0.025881 0.39657 13.101
v -0.21169 0.28983 13.068
v -0.29758 0.20873 13.302
v -0.11309 0.26535 13.48
v -0.25703 -0.14821 12.929
v -0.35818 -0.013931 12.933
v -0.4316 0.00034176 12.783
v -0.37583 -0.12511 12.686
v -0.26794 -0.21692 12.776
v -0.55867 -0.37917 13.055
v -0.65982 -0.2449 13.059
v -0.73324 -0.23062 12.908
v -0.67747 -0.35608 12.811
v -0.56958 -0.44789 12.902
v 0.9073 -0.18242 12.459
v 0.81301 0.010678 12.542
v 0.68432 -0.045725 12.724
v 0.69909 -0.27368 12.754
v 0.83689 -0.35816 12.59
v 1.2238 -0.13066 12.698
v 1.1295 0.062434 12.781
v 1.0008 0.0060311 12.964
v 1.0156 -0.22192 12.993
v 1.1534 -0.3064 12.829
v 0.83057 -0.15711 12.606
v 0.81337 -0.18471 12.648
v 0.76128 -0.19179 12.643
v 0.74629 -0.16856 12.598
v 0.78911 -0.14713 12.575
v 0.89774 -0.49803 12.408
v 0.88054 -0.52563 12.45
v 0.82846 -0.53271 12.444
v 0.81347 -0.50948 12.399
v 0.85629 -0.48805 12.377
v 0.77827 -0.25985 12.619
v 0.81123 -0.2245 12.559
v 0.81396 -0.27476 12.5
v 0.7827 -0.34117 12.524
v 0.76064 -0.33196 12.597
v 0.41879 -0.13536 12.495
v 0.45174 -0.10001 12.435
v 0.45448 -0.15027 12.376
v 0.42322 -0.21668 12.4
v 0.40116 -0.20747 12.474
v 0.78616 -0.27877 12.577
v 0.79567 -0.26856 12.559
v 0.79646 -0.28307 12.542
v 0.78744 -0.30224 12.549
v 0.78107 -0.29959 12.571
v 0.42667 -0.15428 12.453
v 0.43619 -0.14407 12.436
v 0.43698 -0.15858 12.419
v 0.42795 -0.17775 12.426
v 0.42158 -0.1751 12.447
v -0.27028 -0.74996 12.178
v -0.34146 -0.66491 12.195
v -0.42512 -0.67451 12.121
v -0.40565 -0.76548 12.058
v -0.30995 -0.81211 12.093
v -0.47553 -0.97342 12.439
v -0.54671 -0.88838 12.456
v -0.63037 -0.89797 12.381
v -0.6109 -0.98895 12.319
v -0.5152 -1.0356 12.354
v -0.088556 -0.80014 12.095
v -0.13211 -0.83846 12.034
v -0.21436 -0.83238 12.052
v -0.22164 -0.7903 12.125
v -0.14389 -0.77037 12.152
v -0.10841 -0.45493 11.894
v -0.15196 -0.49326 11.833
v -0.23421 -0.48718 11.851
v -0.24149 -0.4451 11.924
v -0.16374 -0.42517 11.951
v -0.14099 -0.80467 12.093
v -0.15263 -0.81492 12.076
v -0.17461 -0.81329 12.081
v -0.17656 -0.80205 12.101
v -0.15578 -0.79672 12.108
v -0.16084 -0.45947 11.892
v -0.17248 -0.46972 11.875
v -0.19446 -0.46809 11.88
v -0.19641 -0.45684 11.9
v -0.17563 -0.45152 11.907
v -0.28682 0.94802 11.883
v -0.28788 1.0327 11.797
v -0.31776 0.97991 11.693
v -0.33517 0.86254 11.714
v -0.31605 0.84283 11.832
v -0.6733 1.019 11.958
v -0.67435 1.1037 11.872
v -0.70423 1.0509 11.768
v -0.72164 0.9335 11.789
v -0.70252 0.91379 11.907
v -0.071871 1.0067 11.783
v -0.10339 1.0002 11.839
v -0.16617 0.9941 11.825
v -0.17344 0.99687 11.761
v -0.11516 1.0046 11.735
v -0.028893 0.60961 11.761
v -0.060416 0.60309 11.817
v -0.12319 0.59703 11.803
v -0.13047 0.5998 11.739
v -0.072186 0.60758 11.713
v -0.075367 1.0063 11.783
v -0.10485 1.0002 11.835
v -0.16358 0.99451 11.823
v -0.17038 0.99711 11.763
v -0.11586 1.0044 11.739
v -0.032389 0.60921 11.761
v -0.061877 0.60311 11.813
v -0.1206 0.59744 11.801
v -0.1274 0.60004 11.741
v -0.072886 0.60731 11.716
v -1.382 0.071646 12.353
v -1.4438 0.20654 12.243
v -1.5714 0.13486 12.131
v -1.5886 -0.044333 12.171
v -1.4715 -0.083403 12.309
v -1.6662 0.15898 12.621
v -1.7279 0.29388 12.511
v -1.8556 0.2222 12.399
v -1.8728 0.043005 12.439
v -1.7557 0.0039357 12.576
v -1.2352 -0.36447 11.979
v -1.2181 -0.35934 11.877
v -1.2808 -0.42706 11.831
v -1.3367 -0.47404 11.904
v -1.3086 -0.43536 11.995
v -1.5161 -0.081628 11.946
v -1.499 -0.076496 11.844
v -1.5617 -0.14421 11.798
v -1.6176 -0.1912 11.871
v -1.5895 -0.15252 11.962
v -1.2084 -0.42405 11.902
v -1.2664 -0.40095 11.849
v -1.3375 -0.39319 11.89
v -1.3234 -0.4115 11.969
v -1.2436 -0.43057 11.977
v -1.1239 -0.0401 11.976
v -1.182 -0.016998 11.922
v -1.253 -0.0092435 11.963
v -1.2389 -0.027553 12.043
v -1.1591 -0.046623 12.05
v 0.11373 0.1012 11.485
v 0.093006 0.10199 11.507
v 0.066053 0.10647 11.494
v 0.070123 0.10845 11.464
v 0.099591 0.10519 11.458
v 0.063675 -0.29428 11.452
v 0.042947 -0.29349 11.474
v 0.015994 -0.28901 11.461
v 0.020064 -0.28703 11.431
v 0.049533 -0.29029 11.425
v 0.11373 0.1012 11.485
v 0.093006 0.10199 11.507
v 0.066053 0.10647 11.494
v 0.070123 0.10845 11.464
v 0.099591 0.10519 11.458
v 0.063675 -0.29428 11.452
v 0.042947 -0.29349 11.474
v 0.015994 -0.28901 11.461
v 0.020064 -0.28703 11.431
v 0.049533 -0.29029 11.425
v 0.11373 0.1012 11.485
v 0.093006 0.10199 11.507
v 0.066053 0.10647 11.494
v 0.070123 0.10845 11.464
v 0.099591 0.10519 11.458
v 0.063675 -0.29428 11.452
v 0.042947 -0.29349 11.474
v 0.015994 -0.28901 11.461
v 0.020064 -0.28703 11.431
v 0.049533 -0.29029 11.425
v 0.11373 0.1012 11.485
v 0.093006 0.10199 11.507
v 0.066053 0.10647 11.494
v 0.070123 0.10845 11.464
v 0.099591 0.10519 11.458
v 0.063675 -0.29428 11.452
v 0.042947 -0.29349 11.474
v 0.015994 -0.28901 11.461
v 0.020064 -0.28703 11.431
v 0.049533 -0.29029 11.425
v 0.11373 0.1012 11.485
v 0.093006 0.10199 11.507
v 0.066053 0.10647 11.494
v 0.070123 0.10845 11.464
v 0.099591 0.10519 11.458
v 0.063675 -0.29428 11.452
v 0.042947 -0.29349 11.474
v 0.015994 -0.28901 11.461
v 0.020064 -0.28703 11.431
v 0.049533 -0.29029 11.425
v 0.11373 0.1012 11.485
v 0.093006 0.10199 11.507
v 0.066053 0.10647 11.494
v 0.070123 0.10845 11.464
v 0.099591 0.10519 11.458
v 0.063675 -0.29428 11.452
v 0.042947 -0.29349 11.474
v 0.015994 -0.28901 11.461
v 0.020064 -0.28703 11.431
v 0.049533 -0.29029 11.425
v 0.11373 0.1012 11.485
v 0.093006 0.10199 11.507
v 0.066053 0.10647 11.494
v 0.070123 0.10845 11.464
v 0.099591 0.10519 11.458
v 0.063675 -0.29428 11.452
v 0.042947 -0.29349 11.474
v 0.015994 -0.28901 11.461
v 0.020064 -0.28703 11.431
v 0.049533 -0.29029 11.425
v 0.11373 0.1012 11.485
v 0.093006 0.10199 11.507
v 0.066053 0.10647 11.494
v 0.070123 0.10845 11.464
v 0.099591 0.10519 11.458
v 0.063675 -0.29428 11.452
v 0.042947 -0.29349 11.474
v 0.015994 -0.28901 11.461
v 0.020064 -0.28703 11.431
v 0.049533 -0.29029 11.425
v 2.0693 -0.63146 11.392
v 2.0099 -0.49422 11.494
v 1.8932 -0.56151 11.616
v 1.8806 -0.74035 11.589
v 1.9894 -0.78358 11.45
v 2.3708 -0.69214 11.648
v 2.3114 -0.5549 11.75
v 2.1948 -0.62219 11.872
v 2.1821 -0.80103 11.844
v 2.2909 -0.84426 11.706
v 1.6925 -0.86121 10.995
v 1.6748 -0.87809 11.013
v 1.6454 -0.87219 11.006
v 1.6449 -0.85166 10.983
v 1.674 -0.84487 10.976
v 1.6952 -1.1593 10.728
v 1.6775 -1.1762 10.747
v 1.648 -1.1703 10.74
v 1.6476 -1.1498 10.717
v 1.6767 -1.143 10.709
v 1.3203 -0.42361 10.573
v 1.3008 -0.38513 10.545
v 1.2633 -0.40416 10.516
v 1.2597 -0.45439 10.525
v 1.2948 -0.46641 10.561
v 1.055 -0.34882 10.863
v 1.0356 -0.31035 10.835
v 0.9981 -0.32937 10.806
v 0.99441 -0.37961 10.815
v 1.0296 -0.39163 10.851
v 1.304 -0.42517 10.558
v 1.2943 -0.40594 10.545
v 1.2756 -0.41545 10.53
v 1.2737 -0.44057 10.535
v 1.2913 -0.44658 10.552
v 1.0388 -0.35039 10.848
v 1.0291 -0.33115 10.834
v 1.0103 -0.34066 10.82
v 1.0085 -0.36578 10.825
v 1.0261 -0.37179 10.842
v 1.306 -0.42499 10.56
v 1.2951 -0.40348 10.545
v 1.2741 -0.41412 10.528
v 1.2721 -0.4422 10.534
v 1.2917 -0.44892 10.553
v 1.0407 -0.3502 10.85
v 1.0298 -0.32869 10.835
v 1.0089 -0.33933 10.818
v 1.0068 -0.36741 10.823
v 1.0265 -0.37413 10.843
v 1.306 -0.42499 10.56
v 1.2951 -0.40348 10.545
v 1.2741 -0.41412 10.528
v 1.2721 -0.4422 10.534
v 1.2917 -0.44892 10.553
v 1.0407 -0.3502 10.85
v 1.0298 -0.32869 10.835
v 1.0089 -0.33933 10.818
v 1.0068 -0.36741 10.823
v 1.0265 -0.37413 10.843
v 1.3064 -0.42495 10.561
v 1.2952 -0.40291 10.545
v 1.2738 -0.41381 10.528
v 1.2717 -0.44258 10.533
v 1.2918 -0.44947 10.554
v 1.0412 -0.35016 10.85
v 1.03 -0.32812 10.835
v 1.0085 -0.33902 10.818
v 1.0064 -0.3678 10.823
v 1.0266 -0.37468 10.843
v 1.3064 -0.42495 10.561
v 1.2952 -0.40291 10.545
v 1.2738 -0.41381 10.528
v 1.2717 -0.44258 10.533
v 1.2918 -0.44947 10.554
v 1.0412 -0.35016 10.85
v 1.03 -0.32812 10.835
v 1.0085 -0.33902 10.818
v 1.0064 -0.3678 10.823
v 1.0266 -0.37468 10.843
v 1.3064 -0.42495 10.561
v 1.2952 -0.40291 10.545
v 1.2738 -0.41381 10.528
v 1.2717 -0.44258 10.533
v 1.2918 -0.44947 10.554
v 1.0412 -0.35016 10.85
v 1.03 -0.32812 10.835
v 1.0085 -0.33902 10.818
v 1.0064 -0.3678 10.823
v 1.0266 -0.37468 10.843
v 1.3064 -0.42495 10.561
v 1.2952 -0.40291 10.545
v 1.2738 -0.41381 10.528
v 1.2717 -0.44258 10.533
v 1.2918 -0.44947 10.554
v 1.0412 -0.35016 10.85
v 1.03 -0.32812 10.835
v 1.0085 -0.33902 10.818
v 1.0064 -0.3678 10.823
v 1.0266 -0.37468 10.843
v 0.73709 -0.25867 10.681
v 0.69232 -0.25489 10.61
v 0.61091 -0.26285 10.63
v 0.60537 -0.27154 10.714
v 0.68335 -0.26896 10.745
v 0.70798 0.13832 10.721
v 0.6632 0.1421 10.649
v 0.58179 0.13415 10.669
v 0.57625 0.12545 10.753
v 0.65424 0.12803 10.785
v -0.25791 -0.35043 10.627
v -0.23968 -0.32503 10.674
v -0.24656 -0.36117 10.717
v -0.26905 -0.40891 10.697
v -0.27607 -0.40227 10.641
v 0.10922 -0.49599 10.563
v 0.12745 -0.47059 10.611
v 0.12057 -0.50673 10.654
v 0.09808 -0.55447 10.633
v 0.091062 -0.54783 10.577
v -0.18483 -0.33715 10.64
v -0.20447 -0.35641 10.737
v -0.29788 -0.39384 10.743
v -0.33598 -0.39773 10.65
v -0.26611 -0.36269 10.586
v -0.039398 -0.70717 10.596
v -0.059033 -0.72642 10.693
v -0.15245 -0.76386 10.699
v -0.19055 -0.76774 10.606
v -0.12068 -0.73271 10.542
v -0.10602 -0.19449 10.578
v -0.12186 -0.16222 10.583
v -0.11888 -0.15376 10.619
v -0.1012 -0.1808 10.635
v -0.093253 -0.20598 10.61
v 0.24219 -0.01183 10.505
v 0.22635 0.020442 10.51
v 0.22933 0.028901 10.545
v 0.24701 0.0018559 10.562
v 0.25496 -0.023317 10.537
v 0.46055 2.2509 11.803
v 0.33563 2.3831 11.703
v 0.13967 2.3371 11.754
v 0.14347 2.1765 11.885
v 0.3418 2.1233 11.916
v 0.48107 2.5045 12.112
v 0.35615 2.6366 12.012
v 0.16018 2.5906 12.062
v 0.16399 2.4301 12.194
v 0.36231 2.3768 12.224
v -0.81818 1.4362 11.429
v -0.81928 1.4029 11.449
v -0.85581 1.3904 11.449
v -0.87728 1.4159 11.429
v -0.85402 1.4442 11.417
v -0.75041 1.2339 11.091
v -0.75152 1.2006 11.11
v -0.78805 1.1881 11.11
v -0.80952 1.2136 11.091
v -0.78626 1.2419 11.079
v 1.5281 1.9257 10.341
v 1.4584 2.0367 10.351
v 1.4343 2.0588 10.478
v 1.4892 1.9615 10.547
v 1.5472 1.8792 10.463
v 1.8671 2.1363 10.369
v 1.7973 2.2473 10.378
v 1.7733 2.2695 10.505
v 1.8282 2.1721 10.575
v 1.8862 2.0898 10.49
v 1.5491 2.0036 10.465
v 1.539 1.9846 10.384
v 1.4632 1.9487 10.375
v 1.4265 1.9455 10.45
v 1.4795 1.9795 10.506
v 1.3862 2.3634 10.401
v 1.3762 2.3443 10.32
v 1.3004 2.3084 10.311
v 1.2636 2.3052 10.387
v 1.3167 2.3392 10.443
v -1.4041 -2.1292 11.697
v -1.4876 -2.0312 11.725
v -1.5979 -2.0506 11.656
v -1.5826 -2.1605 11.585
v -1.4627 -2.2091 11.611
v -1.5558 -2.3448 11.998
v -1.6394 -2.2468 12.026
v -1.7497 -2.2661 11.957
v -1.7343 -2.3761 11.886
v -1.6145 -2.4247 11.911
v -0.77037 -2.266 10.668
v -0.81158 -2.2325 10.746
v -0.90116 -2.2619 10.746
v -0.91532 -2.3136 10.669
v -0.83448 -2.3161 10.62
v -0.66113 -2.5952 10.867
v -0.70234 -2.5618 10.945
v -0.79192 -2.5912 10.945
v -0.80608 -2.6428 10.868
v -0.72524 -2.6453 10.819
v -0.8099 -2.2637 10.651
v -0.82165 -2.2319 10.706
v -0.86785 -2.2638 10.738
v -0.88466 -2.3154 10.703
v -0.84885 -2.3153 10.649
v -0.53048 -2.4816 10.837
v -0.54223 -2.4498 10.892
v -0.58843 -2.4817 10.924
v -0.60525 -2.5333 10.889
v -0.56943 -2.5332 10.835
v 0.055245 -1.6954 11.339
v -0.0076816 -1.6282 11.409
v -0.1181 -1.6601 11.399
v -0.12342 -1.747 11.323
v -0.016286 -1.7689 11.286
v 0.1043 -1.9577 11.637
v 0.041371 -1.8905 11.706
v -0.069051 -1.9225 11.697
v -0.074368 -2.0094 11.621
v 0.032766 -2.0312 11.584
v -0.14104 -1.2864 11.067
v -0.16427 -1.236 11.101
v -0.20702 -1.259 11.145
v -0.21021 -1.3236 11.137
v -0.16943 -1.3406 11.089
v 0.15378 -1.3307 11.334
v 0.13055 -1.2803 11.368
v 0.087802 -1.3033 11.411
v 0.084613 -1.3679 11.404
v 0.12539 -1.3849 11.356
v 1.5269 -1.2063 10.085
v 1.5163 -1.2069 10.135
v 1.4703 -1.2275 10.141
v 1.4525 -1.2397 10.095
v 1.4875 -1.2265 10.061
v 1.6936 -1.5685 10.116
v 1.683 -1.5692 10.166
v 1.637 -1.5898 10.172
v 1.6193 -1.6019 10.126
v 1.6543 -1.5888 10.092
v 1.5419 -0.45152 10.028
v 1.5164 -0.43762 10.015
v 1.4989 -0.42574 10.039
v 1.5135 -0.4323 10.066
v 1.5401 -0.44824 10.06
v 1.7427 -0.10643 10.004
v 1.7172 -0.092526 9.9909
v 1.6997 -0.080647 10.014
v 1.7143 -0.087213 10.042
v 1.7409 -0.10315 10.035
v 1.5419 -0.45152 10.028
v 1.5164 -0.43762 10.015
v 1.4989 -0.42574 10.039
v 1.5135 -0.4323 10.066
v 1.5401 -0.44824 10.06
v 1.7427 -0.10643 10.004
v 1.7172 -0.092526 9.9909
v 1.6997 -0.080647 10.014
v 1.7143 -0.087213 10.042
v 1.7409 -0.10315 10.035
v 1.5419 -0.45152 10.028
v 1.5164 -0.43762 10.015
v 1.4989 -0.42574 10.039
v 1.5135 -0.4323 10.066
v 1.5401 -0.44824 10.06
v 1.7427 -0.10643 10.004
v 1.7172 -0.092526 9.9909
v 1.6997 -0.080647 10.014
v 1.7143 -0.087213 10.042
v 1.7409 -0.10315 10.035
v 1.5419 -0.45152 10.028
v 1.5164 -0.43762 10.015
v 1.4989 -0.42574 10.039
v 1.5135 -0.4323 10.066
v 1.5401 -0.44824 10.06
v 1.7427 -0.10643 10.004
v 1.7172 -0.092526 9.9909
v 1.6997 -0.080647 10.014
v 1.7143 -0.087213 10.042
v 1.7409 -0.10315 10.035
v 1.5419 -0.45152 10.028
v 1.5164 -0.43762 10.015
v 1.4989 -0.42574 10.039
v 1.5135 -0.4323 10.066
v 1.5401 -0.44824 10.06
v 1.7427 -0.10643 10.004
v 1.7172 -0.092526 9.9909
v 1.6997 -0.080647 10.014
v 1.7143 -0.087213 10.042
v 1.7409 -0.10315 10.035
v 1.5419 -0.45152 10.028
v 1.5164 -0.43762 10.015
v 1.4989 -0.42574 10.039
v 1.5135 -0.4323 10.066
v 1.5401 -0.44824 10.06
v 1.7427 -0.10643 10.004
v 1.7172 -0.092526 9.9909
v 1.6997 -0.080647 10.014
v 1.7143 -0.087213 10.042
v 1.7409 -0.10315 10.035
v 1.5419 -0.45152 10.028
v 1.5164 -0.43762 10.015
v 1.4989 -0.42574 10.039
v 1.5135 -0.4323 10.066
v 1.5401 -0.44824 10.06
v 1.7427 -0.10643 10.004
v 1.7172 -0.092526 9.9909
v 1.6997 -0.080647 10.014
v 1.7143 -0.087213 10.042
v 1.7409 -0.10315 10.035
v 1.5419 -0.45152 10.028
v 1.5164 -0.43762 10.015
v 1.4989 -0.42574 10.039
v 1.5135 -0.4323 10.066
v 1.5401 -0.44824 10.06
v 1.7427 -0.10643 10.004
v 1.7172 -0.092526 9.9909
v 1.6997 -0.080647 10.014
v 1.7143 -0.087213 10.042
v 1.7409 -0.10315 10.035
v -2.4643 1.4724 11.543
v -2.5116 1.539 11.458
v -2.6163 1.4931 11.43
v -2.6337 1.3981 11.498
v -2.5397 1.3853 11.567
v -2.6393 1.7013 11.821
v -2.6866 1.7679 11.736
v -2.7914 1.722 11.708
v -2.8088 1.627 11.775
v -2.7148 1.6142 11.845
v -2.5174 1.4287 11.445
v -2.5695 1.4935 11.441
v -2.599 1.5087 11.517
v -2.565 1.4532 11.569
v -2.5146 1.4039 11.525
v -2.2128 1.679 11.513
v -2.2649 1.7438 11.508
v -2.2944 1.7589 11.585
v -2.2605 1.7035 11.637
v -2.21 1.6541 11.593
v -1.9906 0.69387 10.474
v -2.0292 0.74455 10.47
v -2.0811 0.73279 10.505
v -2.0747 0.67483 10.531
v -2.0187 0.65078 10.512
v -1.8118 0.85672 10.793
v -1.8504 0.90741 10.788
v -1.9024 0.89565 10.824
v -1.8959 0.83769 10.85
v -1.84 0.81363 10.83
v -1.998 0.69472 10.478
v -2.0307 0.73756 10.474
v -2.0746 0.72762 10.504
v -2.0691 0.67863 10.526
v -2.0218 0.6583 10.51
v -1.8193 0.85757 10.796
v -1.8519 0.90041 10.793
v -1.8959 0.89047 10.823
v -1.8904 0.84149 10.845
v -1.8431 0.82115 10.828
v -1.8581 0.92547 10.418
v -1.8952 0.97675 10.431
v -1.9564 0.95638 10.436
v -1.957 0.8925 10.426
v -1.8963 0.8734 10.414
v -1.8053 0.86351 10.809
v -1.8424 0.9148 10.822
v -1.9036 0.89442 10.827
v -1.9042 0.83054 10.817
v -1.8435 0.81144 10.806
v -1.8834 0.9252 10.421
v -1.9033 0.95262 10.428
v -1.936 0.94173 10.431
v -1.9363 0.90758 10.425
v -1.9039 0.89737 10.419
v -1.8307 0.86325 10.813
v -1.8505 0.89066 10.82
v -1.8832 0.87977 10.822
v -1.8835 0.84563 10.817
v -1.8511 0.83541 10.811
v 0.46986 -0.05021 13.601
v 0.19584 0.32687 13.607
v -0.24749 0.18286 13.602
v -0.24748 -0.28323 13.594
v 0.19587 -0.42727 13.593
v 0.46818 -0.05729 14.001
v 0.19416 0.31979 14.007
v -0.24917 0.17578 14.002
v -0.24915 -0.29031 13.994
v 0.19419 -0.43435 13.993
v 0.21879 -0.057745 13.62
v 0.11109 0.055186 13.695
v -0.048808 0.022484 13.638
v -0.039932 -0.11066 13.528
v 0.12545 -0.16024 13.517
v 0.16209 -0.31231 13.924
v 0.054394 -0.19937 13.998
v -0.10551 -0.23208 13.941
v -0.096631 -0.36522 13.831
v 0.068755 -0.4148 13.82
v 0.10655 0.32875 13.297
v -0.018137 0.42073 13.101
v -0.25862 0.35745 13.126
v -0.28257 0.22637 13.338
v -0.056878 0.20863 13.443
v 0.038363 0.66715 13.499
v -0.086323 0.75912 13.303
v -0.32681 0.69584 13.328
v -0.35075 0.56476 13.54
v -0.12506 0.54703 13.645
v -0.09181 0.28403 13.324
v -0.12197 0.3563 13.306
v -0.12444 0.36235 13.226
v -0.095805 0.29383 13.195
v -0.075641 0.24542 13.256
v -0.46093 0.12992 13.324
v -0.49109 0.20219 13.305
v -0.49356 0.20825 13.225
v -0.46493 0.13972 13.194
v -0.44476 0.091315 13.255
v -0.5353 -0.36115 13.04
v -0.63546 -0.22611 13.043
v -0.74156 -0.23704 12.913
v -0.70697 -0.37883 12.83
v -0.5795 -0.45553 12.908
v -0.79589 -0.55984 13.269
v -0.89605 -0.4248 13.273
v -1.0021 -0.43573 13.143
v -0.96756 -0.57751 13.059
v -0.84009 -0.65422 13.137
v -0.60126 -0.28592 12.981
v -0.58429 -0.31708 12.908
v -0.64397 -0.36848 12.888
v -0.69782 -0.3691 12.949
v -0.67143 -0.31807 13.007
v -0.80131 0.013513 12.807
v -0.78433 -0.017643 12.734
v -0.84401 -0.069051 12.714
v -0.89786 -0.069667 12.775
v -0.87147 -0.01864 12.832
v 1.2427 -0.13406 12.716
v 1.1321 0.058265 12.774
v 0.98352 0.0068517 12.941
v 1.0023 -0.21724 12.986
v 1.1624 -0.30433 12.847
v 1.5234 -0.055516 12.99
v 1.4128 0.13681 13.048
v 1.2642 0.085393 13.215
v 1.283 -0.1387 13.26
v 1.4431 -0.22579 13.121
v 1.1229 -0.11858 12.855
v 1.1098 -0.10278 12.862
v 1.0895 -0.10816 12.857
v 1.0901 -0.12728 12.846
v 1.1107 -0.13372 12.845
v 1.0818 -0.30669 13.205
v 1.0686 -0.29089 13.212
v 1.0483 -0.29627 13.207
v 1.0489 -0.31539 13.197
v 1.0695 -0.32183 13.196
v 0.86778 -0.4999 12.379
v 0.8695 -0.47323 12.418
v 0.8516 -0.49845 12.454
v 0.83881 -0.54071 12.437
v 0.84881 -0.5416 12.391
v 1.2323 -0.64291 12.461
v 1.234 -0.61624 12.5
v 1.2161 -0.64146 12.536
v 1.2033 -0.68372 12.519
v 1.2133 -0.68461 12.472
v 0.85809 -0.51826 12.397
v 0.84905 -0.49704 12.402
v 0.84864 -0.49481 12.426
v 0.85743 -0.51464 12.435
v 0.86328 -0.52914 12.418
v 1.2252 -0.35962 12.389
v 1.2161 -0.3384 12.394
v 1.2157 -0.33617 12.417
v 1.2245 -0.356 12.427
v 1.2304 -0.37049 12.409
v 0.45375 -0.14864 12.38
v 0.44992 -0.10295 12.437
v 0.41839 -0.13881 12.493
v 0.40273 -0.20666 12.47
v 0.42458 -0.21274 12.4
v 0.81323 -0.27313 12.504
v 0.8094 -0.22744 12.561
v 0.77788 -0.2633 12.616
v 0.76222 -0.33115 12.594
v 0.78407 -0.33723 12.524
v -0.48749 -0.97401 12.45
v -0.55096 -0.88591 12.449
v -0.62104 -0.89586 12.366
v -0.60088 -0.99011 12.316
v -0.51833 -1.0384 12.368
v -0.74657 -1.1583 12.692
v -0.81005 -1.0702 12.691
v -0.88013 -1.0801 12.609
v -0.85996 -1.1744 12.559
v -0.77742 -1.2227 12.61
v -0.12513 -0.45956 11.888
v -0.16153 -0.4343 11.935
v -0.2234 -0.44611 11.921
v -0.22524 -0.47868 11.865
v -0.16451 -0.48699 11.845
v -0.10528 -0.80476 12.089
v -0.14168 -0.7795 12.136
v -0.20355 -0.79131 12.122
v -0.20539 -0.82388 12.066
v -0.14466 -0.83219 12.046
v -0.67448 1.0192 11.956
v -0.67453 1.1019 11.871
v -0.70315 1.0495 11.769
v -0.7208 0.93451 11.791
v -0.70308 0.91575 11.906
v -1.0613 1.0918 12.027
v -1.0614 1.1745 11.943
v -1.09 1.1222 11.84
v -1.1077 1.0072 11.862
v -1.0899 0.98839 11.977
v -0.042053 0.60761 11.771
v -0.066385 0.60732 11.729
v -0.11372 0.60165 11.739
v -0.11864 0.59842 11.787
v -0.07435 0.60211 11.807
v -0.085031 1.0047 11.793
v -0.10936 1.0044 11.751
v -0.1567 0.99872 11.761
v -0.16162 0.99549 11.809
v -0.11733 0.99918 11.829
v -0.047543 0.60705 11.77
v -0.068615 0.6068 11.734
v -0.10961 0.60188 11.743
v -0.11387 0.59909 11.784
v -0.075513 0.60228 11.802
v -0.090521 1.0041 11.793
v -0.11159 1.0039 11.756
v -0.15259 0.99895 11.765
v -0.15685 0.99616 11.807
v -0.11849 0.99935 11.824
v -0.047175 0.60709 11.77
v -0.068466 0.60684 11.734
v -0.10988 0.60187 11.742
v -0.11419 0.59905 11.785
v -0.075435 0.60227 11.802
v -0.090153 1.0042 11.793
v -0.11144 1.0039 11.756
v -0.15286 0.99894 11.764
v -0.15717 0.99612 11.807
v -0.11841 0.99934 11.824
v -0.047175 0.60709 11.77
v -0.068466 0.60684 11.734
v -0.10988 0.60187 11.742
v -0.11419 0.59905 11.785
v -0.075435 0.60227 11.802
v -0.090153 1.0042 11.793
v -0.11144 1.0039 11.756
v -0.15286 0.99894 11.764
v -0.15717 0.99612 11.807
v -0.11841 0.99934 11.824
v -1.6657 0.15796 12.61
v -1.7288 0.28642 12.507
v -1.8566 0.21862 12.408
v -1.8725 0.048248 12.448
v -1.7546 0.010757 12.573
v -1.9346 0.24987 12.891
v -1.9976 0.37833 12.789
v -2.1254 0.31053 12.689
v -2.1414 0.14016 12.73
v -2.0234 0.10267 12.854
v -1.5533 -0.17476 11.953
v -1.599 -0.090071 11.943
v -1.5864 -0.059469 11.852
v -1.5328 -0.12525 11.805
v -1.5124 -0.1965 11.868
v -1.886 -0.36708 11.841
v -1.9317 -0.28239 11.832
v -1.919 -0.25179 11.741
v -1.8655 -0.31756 11.694
v -1.8451 -0.38882 11.757
v -1.1277 -0.044845 12.005
v -1.1876 -0.041594 12.057
v -1.2528 -0.019699 12.018
v -1.2331 -0.0094191 11.942
v -1.1558 -0.02496 11.934
v -1.2122 -0.4288 11.931
v -1.2721 -0.42554 11.983
v -1.3372 -0.40365 11.944
v -1.3175 -0.39337 11.868
v -1.2403 -0.40891 11.86
v -1.173 -0.032936 11.995
v -1.1903 -0.031998 12.01
v -1.2091 -0.025677 11.999
v -1.2034 -0.02271 11.977
v -1.1811 -0.027196 11.975
v -1.2575 -0.41689 11.921
v -1.2748 -0.41595 11.936
v -1.2936 -0.40963 11.925
v -1.2879 -0.40666 11.903
v -1.2656 -0.41115 11.901
v 2.373 -0.68841 11.65
v 2.3156 -0.55558 11.759
v 2.1952 -0.62634 11.875
v 2.1781 -0.80291 11.837
v 2.288 -0.84127 11.698
v 2.6684 -0.77189 11.906
v 2.611 -0.63906 12.016
v 2.4905 -0.70982 12.132
v 2.4735 -0.88639 12.094
v 2.5834 -0.92475 11.955
v 2.2964 -0.77652 11.69
v 2.2081 -0.68703 11.677
v 2.2053 -0.61948 11.784
v 2.2919 -0.66722 11.863
v 2.3482 -0.76428 11.805
v 2.5708 -0.52732 11.54
v 2.4825 -0.43782 11.527
v 2.4797 -0.37027 11.634
v 2.5662 -0.41801 11.712
v 2.6225 -0.51507 11.654
v 1.0041 -0.33806 10.813
v 1.0301 -0.32206 10.833
v 1.0456 -0.34737 10.854
v 1.0293 -0.37902 10.847
v 1.0036 -0.37327 10.822
v 1.2694 -0.41285 10.524
v 1.2953 -0.39684 10.543
v 1.3109 -0.42216 10.564
v 1.2945 -0.45381 10.557
v 1.2689 -0.44805 10.532
v 0.7079 0.13935 10.71
v 0.66415 0.12908 10.781
v 0.58246 0.12507 10.761
v 0.57571 0.13286 10.678
v 0.65324 0.14169 10.646
v 0.73702 -0.25764 10.671
v 0.69327 -0.26791 10.742
v 0.61157 -0.27192 10.722
v 0.60482 -0.26413 10.639
v 0.68235 -0.25531 10.607
v 0.65816 0.13534 10.714
v 0.64497 0.13224 10.735
v 0.62034 0.13104 10.729
v 0.6183 0.13338 10.704
v 0.64168 0.13605 10.695
v 0.68728 -0.26165 10.675
v 0.67409 -0.26475 10.696
v 0.64945 -0.26596 10.69
v 0.64742 -0.26361 10.665
v 0.6708 -0.26095 10.655
v 0.12104 -0.5027 10.647
v 0.12473 -0.47497 10.605
v 0.10706 -0.50274 10.566
v 0.092454 -0.54762 10.585
v 0.10109 -0.5476 10.635
v -0.24609 -0.35714 10.711
v -0.2424 -0.32941 10.668
v -0.26007 -0.35718 10.63
v -0.27468 -0.40206 10.648
v -0.26604 -0.40204 10.698
v 0.11516 -0.50891 10.627
v 0.117 -0.49505 10.606
v 0.10817 -0.50893 10.587
v 0.10087 -0.53137 10.596
v 0.10519 -0.53136 10.621
v -0.25197 -0.36335 10.691
v -0.25013 -0.34949 10.67
v -0.25896 -0.36337 10.65
v -0.26627 -0.38581 10.66
v -0.26195 -0.3858 10.685
v -0.039002 -0.71433 10.657
v -0.065716 -0.71362 10.563
v -0.15698 -0.74879 10.557
v -0.18667 -0.77124 10.648
v -0.11375 -0.74994 10.71
v -0.18443 -0.34431 10.701
v -0.21115 -0.3436 10.607
v -0.30241 -0.37877 10.601
v -0.3321 -0.40122 10.692
v -0.25918 -0.37992 10.754
v -0.094615 -0.73346 10.634
v -0.10109 -0.73329 10.612
v -0.12323 -0.74182 10.61
v -0.13043 -0.74726 10.632
v -0.11275 -0.74209 10.647
v -0.24005 -0.36344 10.678
v -0.24653 -0.36327 10.656
v -0.26866 -0.3718 10.654
v -0.27586 -0.37724 10.676
v -0.25818 -0.37208 10.691
v 0.25108 -0.0071679 10.559
v 0.23353 0.024209 10.554
v 0.22488 0.026566 10.518
v 0.23708 -0.0033538 10.502
v 0.25327 -0.024203 10.527
v -0.097134 -0.18983 10.632
v -0.11468 -0.15845 10.627
v -0.12333 -0.15609 10.592
v -0.11113 -0.18601 10.575
v -0.094941 -0.20686 10.6
v 0.25108 -0.0071679 10.559
v 0.23353 0.024209 10.554
v 0.22488 0.026566 10.518
v 0.23708 -0.0033538 10.502
v 0.25327 -0.024203 10.527
v -0.097134 -0.18983 10.632
v -0.11468 -0.15845 10.627
v -0.12333 -0.15609 10.592
v -0.11113 -0.18601 10.575
v -0.094941 -0.20686 10.6
v 0.48123 2.5057 12.115
v 0.35732 2.6384 12.014
v 0.16076 2.5905 12.061
v 0.16317 2.4282 12.19
v 0.36123 2.3758 12.224
v 0.49453 2.7551 12.427
v 0.37062 2.8878 12.327
v 0.17406 2.8399 12.373
v 0.17647 2.6776 12.503
v 0.37453 2.6252 12.536
v 0.42832 2.4863 12.184
v 0.32259 2.6091 12.216
v 0.1922 2.5918 12.117
v 0.21734 2.4583 12.023
v 0.36327 2.3931 12.064
v 0.2478 2.2587 12.459
v 0.14208 2.3815 12.491
v 0.011683 2.3642 12.392
v 0.036824 2.2307 12.297
v 0.18275 2.1655 12.339
v 1.8549 2.1785 10.38
v 1.8337 2.2641 10.432
v 1.808 2.2376 10.527
v 1.8133 2.1356 10.534
v 1.8422 2.0991 10.443
v 2.2382 2.206 10.491
v 2.217 2.2915 10.543
v 2.1913 2.265 10.638
v 2.1966 2.1631 10.645
v 2.2256 2.1266 10.554
v 1.8923 2.2139 10.451
v 1.8789 2.1506 10.503
v 1.7985 2.1321 10.5
v 1.7622 2.184 10.447
v 1.8202 2.2345 10.417
v 1.9616 1.9572 10.152
v 1.9482 1.8939 10.204
v 1.8678 1.8755 10.201
v 1.8315 1.9273 10.148
v 1.8895 1.9779 10.118
v 1.3785 2.3592 10.398
v 1.3698 2.3427 10.327
v 1.3042 2.3116 10.319
v 1.2724 2.3088 10.385
v 1.3183 2.3383 10.433
v 1.2157 2.7189 10.334
v 1.207 2.7025 10.263
v 1.1413 2.6713 10.255
v 1.1095 2.6686 10.321
v 1.1555 2.698 10.369
v -1.5576 -2.3445 12.002
v -1.6396 -2.2431 12.022
v -1.7481 -2.2642 11.95
v -1.733 -2.3785 11.886
v -1.6153 -2.4282 11.919
v -1.7242 -2.5382 12.31
v -1.8062 -2.4368 12.33
v -1.9147 -2.4579 12.258
v -1.8996 -2.5722 12.194
v -1.7819 -2.6218 12.226
v -1.6413 -2.3504 11.966
v -1.6711 -2.3438 11.977
v -1.6838 -2.3205 11.959
v -1.6619 -2.3127 11.936
v -1.6356 -2.3311 11.941
v -1.7927 -2.6287 11.722
v -1.8225 -2.6222 11.733
v -1.8353 -2.5989 11.714
v -1.8133 -2.591 11.692
v -1.787 -2.6094 11.697
v -0.66672 -2.6135 10.9
v -0.72146 -2.5743 10.951
v -0.79815 -2.5806 10.916
v -0.79081 -2.6238 10.844
v -0.70958 -2.6442 10.834
v -0.72774 -2.9553 11.098
v -0.78249 -2.916 11.149
v -0.85918 -2.9224 11.115
v -0.85183 -2.9656 11.043
v -0.7706 -2.9859 11.033
v -0.56128 -2.4602 10.911
v -0.53141 -2.4633 10.859
v -0.55095 -2.5114 10.83
v -0.59289 -2.5381 10.863
v -0.59928 -2.5065 10.913
v -0.84304 -2.2371 10.736
v -0.81317 -2.2402 10.684
v -0.83271 -2.2883 10.654
v -0.87465 -2.315 10.687
v -0.88103 -2.2834 10.738
v -0.56476 -2.4813 10.89
v -0.55257 -2.4826 10.869
v -0.56054 -2.5022 10.857
v -0.57767 -2.5131 10.87
v -0.58027 -2.5002 10.891
v -0.84652 -2.2582 10.714
v -0.83433 -2.2595 10.693
v -0.8423 -2.2792 10.681
v -0.85942 -2.29 10.695
v -0.86203 -2.2771 10.715
v 0.084938 -1.9426 11.598
v 0.049762 -1.8874 11.689
v -0.044506 -1.9356 11.724
v -0.06759 -2.0207 11.656
v 0.012411 -2.025 11.578
v 0.29811 -2.1882 11.831
v 0.26293 -2.1329 11.922
v 0.16866 -2.1812 11.957
v 0.14558 -2.2662 11.889
v 0.22558 -2.2706 11.811
v 0.081519 -1.3198 11.415
v 0.11854 -1.2785 11.381
v 0.15264 -1.313 11.338
v 0.13669 -1.3758 11.345
v 0.092736 -1.38 11.393
v -0.2133 -1.2756 11.149
v -0.17628 -1.2342 11.115
v -0.14218 -1.2687 11.071
v -0.15813 -1.3315 11.078
v -0.20208 -1.3357 11.126
v 0.093574 -1.3245 11.401
v 0.11781 -1.2974 11.379
v 0.14013 -1.3201 11.351
v 0.12969 -1.3611 11.355
v 0.10092 -1.3639 11.387
v -0.20124 -1.2802 11.135
v -0.17701 -1.2531 11.112
v -0.15468 -1.2758 11.084
v -0.16513 -1.3168 11.089
v -0.1939 -1.3196 11.12
v 1.6936 -1.5685 10.116
v 1.683 -1.5692 10.166
v 1.637 -1.5898 10.172
v 1.6193 -1.6019 10.126
v 1.6543 -1.5888 10.092
v 1.8604 -1.9308 10.147
v 1.8497 -1.9314 10.197
v 1.8038 -1.9521 10.203
v 1.786 -1.9642 10.157
v 1.821 -1.951 10.123
v -2.6443 1.7015 11.826
v -2.6881 1.77 11.744
v -2.7872 1.7231 11.707
v -2.8048 1.6257 11.767
v -2.7165 1.6123 11.84
v -2.8443 1.9078 12.104
v -2.888 1.9763 12.022
v -2.9872 1.9295 11.985
v -3.0048 1.832 12.045
v -2.9164 1.8186 12.118
v -2.2181 1.6833 11.521
v -2.2625 1.7385 11.517
v -2.2876 1.7514 11.582
v -2.2587 1.7042 11.627
v -2.2157 1.662 11.589
v -1.9135 1.9335 11.589
v -1.9579 1.9887 11.585
v -1.983 2.0017 11.65
v -1.9541 1.9544 11.694
v -1.9111 1.9123 11.657
v -1.838 0.83944 10.839
v -1.8749 0.86131 10.852
v -1.8914 0.88444 10.817
v -1.8647 0.87686 10.782
v -1.8316 0.84905 10.795
v -2.0625 0.52448 10.737
v -2.0995 0.54635 10.75
v -2.116 0.56948 10.715
v -2.0892 0.56189 10.68
v -2.0561 0.53408 10.693
v -1.838 0.83944 10.839
v -1.8749 0.86131 10.852
v -1.8914 0.88444 10.817
v -1.8647 0.87686 10.782
v -1.8316 0.84905 10.795
v -2.0625 0.52448 10.737
v -2.0995 0.54635 10.75
v -2.116 0.56948 10.715
v -2.0892 0.56189 10.68
v -2.0561 0.53408 10.693
v -1.8372 0.83864 10.839
v -1.8755 0.86128 10.854
v -1.8925 0.88522 10.817
v -1.8648 0.87737 10.781
v -1.8306 0.84858 10.794
v -2.0617 0.52368 10.737
v -2.1 0.54632 10.752
v -2.1171 0.57026 10.715
v -2.0893 0.56241 10.679
v -2.0551 0.53362 10.692
v -1.8469 0.84861 10.83
v -1.869 0.86168 10.838
v -1.8788 0.8755 10.817
v -1.8628 0.87097 10.796
v -1.8431 0.85435 10.804
v -2.0714 0.53364 10.728
v -2.0935 0.54672 10.736
v -2.1034 0.56054 10.715
v -2.0874 0.556 10.694
v -2.0676 0.53938 10.702
v -1.8533 0.90094 10.822
v -1.8216 0.86926 10.812
v -1.8427 0.82885 10.809
v -1.8874 0.83555 10.816
v -1.8939 0.88011 10.824
v -1.9061 0.9629 10.43
v -1.8744 0.93122 10.421
v -1.8955 0.89081 10.417
v -1.9402 0.89751 10.424
v -1.9467 0.94206 10.432
v -1.8533 0.90094 10.822
v -1.8216 0.86926 10.812
v -1.8427 0.82885 10.809
v -1.8874 0.83555 10.816
v -1.8939 0.88011 10.824
v -1.9061 0.9629 10.43
v -1.8744 0.93122 10.421
v -1.8955 0.89081 10.417
v -1.9402 0.89751 10.424
v -1.9467 0.94206 10.432
v -1.8549 0.89167 10.82
v -1.831 0.86772 10.813
v -1.8469 0.83717 10.811
v -1.8807 0.84224 10.816
v -1.8856 0.87592 10.822
v -1.9077 0.95362 10.429
v -1.8837 0.92968 10.422
v -1.8997 0.89913 10.419
v -1.9335 0.90419 10.424
v -1.9384 0.93788 10.43
v 0.44698 -0.057302 14.001
v 0.1876 0.29958 14.009
v -0.23203 0.1633 14.003
v -0.232 -0.27781 13.992
v 0.18765 -0.41414 13.991
v 0.44479 -0.067473 14.401
v 0.18541 0.28941 14.409
v -0.23423 0.15313 14.403
v -0.2342 -0.28798 14.392
v 0.18546 -0.42432 14.391
v 0.19943 -0.053221 14.003
v 0.11499 -0.071538 13.88
v -0.029357 -0.070145 13.922
v -0.034124 -0.050967 14.071
v 0.10727 -0.040507 14.121
v 0.18828 0.34331 13.952
v 0.10384 0.32499 13.829
v -0.040506 0.32638 13.871
v -0.045273 0.34556 14.02
v 0.096124 0.35602 14.07
v 0.15262 -0.27234 13.861
v 0.089477 -0.25578 14.019
v -0.074346 -0.30691 14.017
v -0.11246 -0.35506 13.857
v 0.027814 -0.33369 13.76
v 0.2679 -0.64586 13.945
v 0.20476 -0.6293 14.104
v 0.040934 -0.68043 14.102
v 0.0028242 -0.72858 13.941
v 0.14309 -0.70721 13.845
v 0.034979 -0.30379 13.903
v 0.023215 -0.31173 13.887
v 0.0023383 -0.31004 13.892
v 0.0011996 -0.30104 13.912
v 0.021373 -0.29718 13.919
v 0.021476 0.059339 13.736
v 0.0097117 0.051391 13.72
v -0.011165 0.053089 13.725
v -0.012304 0.062085 13.745
v 0.0078692 0.065948 13.752
v 0.031337 0.65359 13.477
v -0.10139 0.7616 13.312
v -0.3291 0.71093 13.356
v -0.3371 0.57162 13.548
v -0.11434 0.53618 13.623
v 0.0049471 0.97724 13.71
v -0.12778 1.0852 13.545
v -0.35549 1.0346 13.59
v -0.36349 0.89527 13.782
v -0.14073 0.85983 13.856
v -0.17527 0.59981 13.417
v -0.21638 0.66584 13.42
v -0.19356 0.70553 13.483
v -0.13834 0.66403 13.519
v -0.12704 0.59869 13.478
v 0.10496 0.78425 13.199
v 0.06385 0.85027 13.202
v 0.086669 0.88996 13.265
v 0.14188 0.84846 13.301
v 0.15319 0.78312 13.26
v -0.46211 0.13295 13.205
v -0.48858 0.19632 13.222
v -0.49083 0.20159 13.292
v -0.46575 0.14148 13.319
v -0.448 0.099053 13.266
v -0.092985 0.28705 13.206
v -0.11946 0.35043 13.222
v -0.12171 0.3557 13.292
v -0.096632 0.29559 13.32
v -0.078879 0.25316 13.266
v -0.46615 0.14259 13.23
v -0.48065 0.17731 13.239
v -0.48189 0.18019 13.278
v -0.46815 0.14727 13.293
v -0.45843 0.12403 13.264
v -0.097032 0.2967 13.231
v -0.11153 0.33141 13.24
v -0.11276 0.3343 13.278
v -0.099029 0.30137 13.293
v -0.089306 0.27814 13.264
v -0.77268 -0.54793 13.217
v -0.87755 -0.44675 13.28
v -1.0139 -0.4612 13.2
v -0.99333 -0.5713 13.087
v -0.84424 -0.62491 13.098
v -0.89259 -0.83144 13.472
v -0.99746 -0.73026 13.535
v -1.1338 -0.7447 13.455
v -1.1132 -0.85481 13.343
v -0.96415 -0.90841 13.353
v -0.79793 -0.019073 12.747
v -0.81428 0.0011838 12.801
v -0.8659 -0.024829 12.815
v -0.88144 -0.061163 12.771
v -0.83944 -0.057606 12.729
v -0.59789 -0.31851 12.921
v -0.61424 -0.29825 12.975
v -0.66585 -0.32426 12.99
v -0.6814 -0.3606 12.945
v -0.6394 -0.35704 12.903
v -0.80104 -0.020054 12.749
v -0.81618 -0.0012999 12.799
v -0.86396 -0.025383 12.812
v -0.87835 -0.059022 12.771
v -0.83946 -0.055728 12.732
v -0.60099 -0.31949 12.923
v -0.61613 -0.30073 12.973
v -0.66392 -0.32482 12.986
v -0.67831 -0.35846 12.945
v -0.63942 -0.35516 12.906
v 1.51 -0.052403 13.008
v 1.4116 0.11747 13.06
v 1.2768 0.070328 13.204
v 1.2919 -0.12867 13.242
v 1.436 -0.20453 13.12
v 1.7851 0.021221 13.289
v 1.6867 0.19109 13.341
v 1.5519 0.14395 13.485
v 1.567 -0.05505 13.523
v 1.7111 -0.1309 13.401
v 1.4621 -0.059485 13.171
v 1.3901 0.013333 13.2
v 1.3114 0.013052 13.129
v 1.3348 -0.059939 13.054
v 1.428 -0.10477 13.081
v 1.2686 -0.33756 13.383
v 1.1965 -0.26475 13.413
v 1.1179 -0.26503 13.341
v 1.1413 -0.33802 13.267
v 1.2344 -0.38285 13.293
v 1.2158 -0.64955 12.53
v 1.2226 -0.62172 12.504
v 1.2256 -0.63821 12.469
v 1.2206 -0.67623 12.474
v 1.2145 -0.68324 12.511
v 0.82221 -0.60427 12.474
v 0.82905 -0.57644 12.449
v 0.83205 -0.59294 12.414
v 0.82706 -0.63096 12.418
v 0.82098 -0.63796 12.456
v 1.2169 -0.65079 12.52
v 1.2218 -0.63111 12.502
v 1.2239 -0.64277 12.477
v 1.2204 -0.66966 12.481
v 1.2161 -0.67461 12.507
v 0.8234 -0.60551 12.465
v 0.82823 -0.58584 12.447
v 0.83035 -0.5975 12.422
v 0.82683 -0.62439 12.425
v 0.82253 -0.62934 12.452
v 0.77884 -0.26122 12.616
v 0.8101 -0.22768 12.559
v 0.8127 -0.27536 12.503
v 0.78304 -0.33836 12.526
v 0.76211 -0.32962 12.596
v 0.41935 -0.13673 12.492
v 0.45062 -0.10319 12.435
v 0.45322 -0.15087 12.379
v 0.42356 -0.21387 12.402
v 0.40263 -0.20513 12.472
v 0.78585 -0.27804 12.578
v 0.79628 -0.26686 12.559
v 0.79714 -0.28275 12.541
v 0.78725 -0.30375 12.548
v 0.78028 -0.30084 12.572
v 0.42637 -0.15355 12.455
v 0.43679 -0.14237 12.436
v 0.43766 -0.15826 12.417
v 0.42777 -0.17926 12.425
v 0.42079 -0.17635 12.448
v -0.79222 -1.143 12.607
v -0.80963 -1.1096 12.621
v -0.83421 -1.1198 12.651
v -0.832 -1.1595 12.655
v -0.80605 -1.1739 12.629
v -0.49343 -1.0942 12.868
v -0.51084 -1.0608 12.882
v -0.53542 -1.0709 12.912
v -0.53321 -1.1107 12.917
v -0.50726 -1.1251 12.89
v -0.72482 -1.1225 12.642
v -0.76926 -1.1875 12.567
v -0.87667 -1.1885 12.583
v -0.89861 -1.124 12.667
v -0.80476 -1.0832 12.704
v -0.76431 -0.81092 12.394
v -0.80875 -0.87598 12.319
v -0.91616 -0.87692 12.335
v -0.9381 -0.81244 12.42
v -0.84425 -0.77166 12.456
v -0.10546 -0.8016 12.095
v -0.13872 -0.83087 12.048
v -0.20155 -0.82623 12.062
v -0.20711 -0.79409 12.118
v -0.14772 -0.77886 12.138
v -0.12531 -0.4564 11.893
v -0.15858 -0.48567 11.847
v -0.2214 -0.48103 11.861
v -0.22696 -0.44888 11.916
v -0.16757 -0.43366 11.937
v -0.11392 -0.80233 12.094
v -0.14204 -0.82707 12.054
v -0.19513 -0.82315 12.066
v -0.19983 -0.79598 12.114
v -0.14964 -0.78312 12.131
v -0.13377 -0.45713 11.893
v -0.16189 -0.48187 11.853
v -0.21498 -0.47795 11.865
v -0.21968 -0.45078 11.912
v -0.16949 -0.43792 11.93
v -1.0129 1.0912 12.002
v -1.047 1.1707 11.921
v -1.1295 1.1205 11.853
v -1.1465 1.0099 11.891
v -1.0744 0.99178 11.983
v -1.2979 1.2214 12.25
v -1.332 1.3009 12.17
v -1.4145 1.2507 12.101
v -1.4315 1.1401 12.14
v -1.3594 1.122 12.232
v -1.079 1.0828 11.957
v -1.0754 1.1038 11.932
v -1.081 1.0875 11.904
v -1.0881 1.0564 11.912
v -1.0868 1.0535 11.944
v -1.4672 1.1762 11.98
v -1.4637 1.1972 11.955
v -1.4693 1.1809 11.928
v -1.4763 1.1498 11.935
v -1.475 1.1468 11.968
v -0.092594 1.0043 11.785
v -0.11205 1.0003 11.82
v -0.1508 0.99655 11.811
v -0.15529 0.99826 11.772
v -0.11931 1.0031 11.756
v -0.049616 0.60724 11.763
v -0.069073 0.60322 11.797
v -0.10782 0.59948 11.789
v -0.11231 0.60119 11.75
v -0.076337 0.60599 11.734
v -0.10238 1.0032 11.786
v -0.11614 1.0003 11.81
v -0.14354 0.9977 11.805
v -0.14671 0.99891 11.777
v -0.12128 1.0023 11.765
v -0.059403 0.60612 11.764
v -0.073161 0.60328 11.788
v -0.10056 0.60063 11.783
v -0.10373 0.60184 11.755
v -0.078297 0.60523 11.743
v -0.10095 1.0034 11.786
v -0.11554 1.0003 11.812
v -0.1446 0.99753 11.806
v -0.14797 0.99882 11.776
v -0.12099 1.0024 11.764
v -0.05797 0.60629 11.764
v -0.072562 0.60327 11.79
v -0.10162 0.60046 11.784
v -0.10499 0.60175 11.754
v -0.07801 0.60534 11.742
v -0.10095 1.0034 11.786
v -0.11554 1.0003 11.812
v -0.1446 0.99753 11.806
v -0.14797 0.99882 11.776
v -0.12099 1.0024 11.764
v -0.05797 0.60629 11.764
v -0.072562 0.60327 11.79
v -0.10162 0.60046 11.784
v -0.10499 0.60175 11.754
v -0.07801 0.60534 11.742
v -0.10069 1.0034 11.786
v -0.11543 1.0003 11.812
v -0.14479 0.9975 11.806
v -0.14819 0.9988 11.776
v -0.12094 1.0024 11.764
v -0.05771 0.60632 11.764
v -0.072454 0.60327 11.79
v -0.10181 0.60043 11.784
v -0.10522 0.60173 11.754
v -0.077958 0.60536 11.742
v -0.10069 1.0034 11.786
v -0.11543 1.0003 11.812
v -0.14479 0.9975 11.806
v -0.14819 0.9988 11.776
v -0.12094 1.0024 11.764
v -0.05771 0.60632 11.764
v -0.072454 0.60327 11.79
v -0.10181 0.60043 11.784
v -0.10522 0.60173 11.754
v -0.077958 0.60536 11.742
v -0.10069 1.0034 11.786
v -0.11543 1.0003 11.812
v -0.14479 0.9975 11.806
v -0.14819 0.9988 11.776
v -0.12094 1.0024 11.764
v -0.05771 0.60632 11.764
v -0.072454 0.60327 11.79
v -0.10181 0.60043 11.784
v -0.10522 0.60173 11.754
v -0.077958 0.60536 11.742
v -0.10069 1.0034 11.786
v -0.11543 1.0003 11.812
v -0.14479 0.9975 11.806
v -0.14819 0.9988 11.776
v -0.12094 1.0024 11.764
v -0.05771 0.60632 11.764
v -0.072454 0.60327 11.79
v -0.10181 0.60043 11.784
v -0.10522 0.60173 11.754
v -0.077958 0.60536 11.742
v -1.9373 0.24444 12.895
v -2.0036 0.37958 12.804
v -2.1264 0.31673 12.695
v -2.136 0.14274 12.718
v -2.0191 0.098063 12.842
v -2.2153 0.29779 13.177
v -2.2817 0.43293 13.086
v -2.4045 0.37008 12.977
v -2.414 0.1961 13.001
v -2.2971 0.15142 13.124
v -1.9947 0.23812 12.744
v -2.0274 0.30131 12.781
v -2.0837 0.27467 12.831
v -2.0859 0.19502 12.825
v -2.0308 0.17243 12.772
v -1.723 0.21096 13.037
v -1.7557 0.27415 13.073
v -1.812 0.24751 13.123
v -1.8142 0.16785 13.118
v -1.7591 0.14526 13.064
v -1.8822 -0.34485 11.84
v -1.9094 -0.26922 11.817
v -1.909 -0.26588 11.733
v -1.8816 -0.33944 11.705
v -1.865 -0.38825 11.77
v -2.2579 -0.48207 11.833
v -2.2851 -0.40644 11.81
v -2.2847 -0.4031 11.726
v -2.2573 -0.47666 11.697
v -2.2407 -0.52547 11.763
v -1.2144 -0.42299 11.904
v -1.2673 -0.40193 11.855
v -1.332 -0.39486 11.892
v -1.3192 -0.41155 11.964
v -1.2465 -0.42893 11.971
v -1.1299 -0.039038 11.978
v -1.1828 -0.017982 11.929
v -1.2476 -0.010913 11.966
v -1.2347 -0.027601 12.038
v -1.162 -0.044983 12.045
v 2.6489 -0.77537 11.928
v 2.6016 -0.66684 12.015
v 2.5043 -0.72352 12.11
v 2.4913 -0.86707 12.081
v 2.5807 -0.89912 11.969
v 2.9445 -0.85377 12.186
v 2.8973 -0.74524 12.273
v 2.8 -0.80192 12.367
v 2.787 -0.94547 12.339
v 2.8764 -0.97752 12.226
v 2.6136 -0.82993 12.083
v 2.5389 -0.75667 12.102
v 2.5007 -0.72448 12.008
v 2.5519 -0.77784 11.931
v 2.6217 -0.84301 11.978
v 2.3357 -1.1172 12.098
v 2.2609 -1.044 12.116
v 2.2228 -1.0118 12.022
v 2.274 -1.0651 11.946
v 2.3438 -1.1303 11.993
v 2.5389 -0.51713 11.539
v 2.4823 -0.41759 11.547
v 2.5114 -0.36794 11.647
v 2.586 -0.43681 11.7
v 2.603 -0.52902 11.634
v 2.8421 -0.33053 11.357
v 2.7855 -0.23098 11.365
v 2.8147 -0.18134 11.464
v 2.8892 -0.25021 11.518
v 2.9062 -0.34241 11.452
v 1.3108 -0.42452 10.564
v 1.297 -0.39732 10.545
v 1.2705 -0.41077 10.524
v 1.2679 -0.4463 10.531
v 1.2928 -0.45479 10.556
v 1.0455 -0.34974 10.854
v 1.0318 -0.32253 10.835
v 1.0053 -0.33599 10.814
v 1.0027 -0.37151 10.821
v 1.0275 -0.38001 10.846
v 1.3108 -0.42452 10.564
v 1.297 -0.39732 10.545
v 1.2705 -0.41077 10.524
v 1.2679 -0.4463 10.531
v 1.2928 -0.45479 10.556
v 1.0455 -0.34974 10.854
v 1.0318 -0.32253 10.835
v 1.0053 -0.33599 10.814
v 1.0027 -0.37151 10.821
v 1.0275 -0.38001 10.846
v 0.73301 -0.25894 10.681
v 0.6908 -0.25538 10.614
v 0.61405 -0.26288 10.633
v 0.60882 -0.27107 10.712
v 0.68235 -0.26864 10.741
v 0.7039 0.13805 10.72
v 0.66168 0.14161 10.653
v 0.58493 0.13411 10.672
v 0.57971 0.12592 10.751
v 0.65324 0.12835 10.781
v -0.25789 -0.35746 10.643
v -0.24636 -0.3414 10.673
v -0.25071 -0.36426 10.7
v -0.26494 -0.39445 10.687
v -0.26937 -0.39025 10.652
v 0.10924 -0.50303 10.58
v 0.12077 -0.48696 10.609
v 0.11642 -0.50982 10.637
v 0.10219 -0.54001 10.624
v 0.097757 -0.53581 10.588
v -0.18929 -0.33914 10.642
v -0.20773 -0.35721 10.733
v -0.29544 -0.39236 10.739
v -0.33121 -0.396 10.651
v -0.26561 -0.36311 10.591
v -0.043862 -0.70915 10.598
v -0.062297 -0.72723 10.689
v -0.15 -0.76238 10.695
v -0.18578 -0.76602 10.607
v -0.12018 -0.73313 10.547
v 0.44887 2.7548 12.426
v 0.35625 2.8551 12.355
v 0.21083 2.82 12.392
v 0.21357 2.698 12.486
v 0.36069 2.6577 12.507
v 0.46979 2.9988 12.743
v 0.37716 3.0992 12.671
v 0.23174 3.0641 12.708
v 0.23448 2.9421 12.802
v 0.3816 2.9017 12.823
v 0.43567 2.7689 12.44
v 0.36557 2.7017 12.34
v 0.22979 2.7111 12.369
v 0.21598 2.7841 12.487
v 0.34321 2.8198 12.531
v 0.41364 3.1071 12.227
v 0.34354 3.04 12.128
v 0.20776 3.0494 12.157
v 0.19395 3.1224 12.275
v 0.32118 3.1581 12.318
v 0.22793 2.2914 12.328
v 0.16697 2.3963 12.41
v 0.046942 2.3407 12.472
v 0.033721 2.2014 12.429
v 0.14558 2.1709 12.34
v 0.4466 2.1735 12.641
v 0.38564 2.2785 12.723
v 0.26561 2.2228 12.786
v 0.25239 2.0835 12.743
v 0.36425 2.053 12.653
v 0.12735 2.3254 12.442
v 0.16827 2.3245 12.378
v 0.14832 2.2622 12.338
v 0.095077 2.2247 12.378
v 0.08212 2.2637 12.443
v -0.15915 2.5349 12.258
v -0.11823 2.534 12.193
v -0.13818 2.4718 12.154
v -0.19143 2.4342 12.194
v -0.20438 2.4733 12.258
v 2.2713 2.1968 10.514
v 2.2186 2.2802 10.527
v 2.1592 2.2672 10.605
v 2.1752 2.1757 10.641
v 2.2445 2.1323 10.585
v 2.5575 2.3406 10.753
v 2.5048 2.424 10.766
v 2.4455 2.411 10.845
v 2.4615 2.3195 10.881
v 2.5307 2.2761 10.824
v 1.9524 1.9298 10.174
v 1.9192 1.9664 10.135
v 1.8591 1.9477 10.137
v 1.8551 1.8995 10.177
v 1.9128 1.8884 10.2
v 1.8831 2.1864 10.473
v 1.8499 2.223 10.434
v 1.7898 2.2043 10.436
v 1.7858 2.1562 10.476
v 1.8434 2.1451 10.499
v 1.9442 1.9292 10.172
v 1.9162 1.9602 10.139
v 1.8654 1.9444 10.141
v 1.862 1.9037 10.175
v 1.9107 1.8943 10.195
v 1.8749 2.1859 10.471
v 1.8469 2.2168 10.438
v 1.7961 2.201 10.44
v 1.7927 2.1603 10.474
v 1.8414 2.151 10.494
v 1.2157 2.7189 10.334
v 1.207 2.7025 10.263
v 1.1413 2.6713 10.255
v 1.1095 2.6686 10.321
v 1.1555 2.698 10.369
v 1.0529 3.0787 10.27
v 1.0441 3.0622 10.199
v 0.97852 3.0311 10.191
v 0.9467 3.0283 10.257
v 0.99264 3.0577 10.306
v 1.1946 2.7075 10.323
v 1.1896 2.698 10.282
v 1.1517 2.68 10.278
v 1.1333 2.6784 10.316
v 1.1598 2.6954 10.344
v 1.0318 3.0672 10.259
v 1.0267 3.0577 10.218
v 0.98886 3.0398 10.214
v 0.97048 3.0382 10.252
v 0.99701 3.0552 10.28
v -1.7247 -2.5356 12.304
v -1.8039 -2.4371 12.323
v -1.9128 -2.4606 12.26
v -1.9008 -2.5736 12.202
v -1.7845 -2.62 12.228
v -1.8722 -2.7194 12.627
v -1.9515 -2.6209 12.647
v -2.0603 -2.6445 12.584
v -2.0483 -2.7575 12.525
v -1.9321 -2.8038 12.551
v -1.787 -2.6229 11.719
v -1.8153 -2.6238 11.735
v -1.8365 -2.6056 11.719
v -1.8214 -2.5936 11.692
v -1.7908 -2.6043 11.693
v -1.8963 -2.9439 11.507
v -1.9246 -2.9447 11.523
v -1.9458 -2.9266 11.506
v -1.9307 -2.9145 11.48
v -1.9 -2.9252 11.481
v -0.76252 -2.9496 11.089
v -0.78777 -2.9276 11.114
v -0.82767 -2.9353 11.103
v -0.82708 -2.962 11.07
v -0.78681 -2.9708 11.061
v -0.77436 -3.2591 11.342
v -0.79961 -3.2371 11.367
v -0.83951 -3.2448 11.356
v -0.83892 -3.2715 11.323
v -0.79866 -3.2803 11.315
v -0.72749 -2.9481 11.099
v -0.77557 -2.8815 11.079
v -0.85515 -2.9083 11.071
v -0.85627 -2.9914 11.086
v -0.77736 -3.016 11.102
v -0.78909 -2.8805 11.488
v -0.83717 -2.8139 11.469
v -0.91676 -2.8407 11.461
v -0.91787 -2.9238 11.475
v -0.83897 -2.9484 11.492
v -0.81886 -2.2606 10.668
v -0.82803 -2.2348 10.714
v -0.86607 -2.2615 10.74
v -0.88041 -2.3038 10.711
v -0.85123 -2.3032 10.666
v -0.538 -2.4817 10.847
v -0.54716 -2.4559 10.893
v -0.58521 -2.4826 10.92
v -0.59955 -2.5249 10.89
v -0.57037 -2.5243 10.845
v -0.83959 -2.2564 10.687
v -0.8304 -2.2652 10.711
v -0.84681 -2.2845 10.719
v -0.86613 -2.2877 10.701
v -0.86167 -2.2703 10.681
v -0.61627 -2.5293 10.498
v -0.60709 -2.5381 10.522
v -0.62349 -2.5574 10.53
v -0.64281 -2.5606 10.512
v -0.63835 -2.5432 10.492
v 0.29237 -2.1861 11.831
v 0.26308 -2.1381 11.922
v 0.17449 -2.1864 11.958
v 0.14903 -2.2643 11.889
v 0.22188 -2.2641 11.81
v 0.51688 -2.4438 12.039
v 0.48759 -2.3957 12.13
v 0.399 -2.444 12.166
v 0.37353 -2.5219 12.097
v 0.44639 -2.5217 12.018
v -0.15198 -1.2872 11.079
v -0.16841 -1.2515 11.103
v -0.19863 -1.2678 11.134
v -0.20089 -1.3135 11.129
v -0.17206 -1.3255 11.095
v 0.14284 -1.3315 11.346
v 0.12641 -1.2958 11.37
v 0.096186 -1.3121 11.4
v 0.09393 -1.3578 11.395
v 0.12276 -1.3698 11.361
v -0.15198 -1.2872 11.079
v -0.16841 -1.2515 11.103
v -0.19863 -1.2678 11.134
v -0.20089 -1.3135 11.129
v -0.17206 -1.3255 11.095
v 0.14284 -1.3315 11.346
v 0.12641 -1.2958 11.37
v 0.096186 -1.3121 11.4
v 0.09393 -1.3578 11.395
v 0.12276 -1.3698 11.361
v -0.15394 -1.2873 11.081
v -0.16915 -1.2543 11.103
v -0.19713 -1.2694 11.132
v -0.19922 -1.3117 11.127
v -0.17253 -1.3228 11.096
v 0.14088 -1.3316 11.348
v 0.12567 -1.2986 11.37
v 0.097687 -1.3137 11.399
v 0.095599 -1.356 11.394
v 0.12229 -1.3671 11.362
v -2.8457 1.9041 12.097
v -2.8919 1.9739 12.026
v -2.9882 1.9317 11.995
v -3.0015 1.8358 12.047
v -2.9134 1.8187 12.11
v -3.0265 2.0922 12.4
v -3.0728 2.162 12.33
v -3.169 2.1197 12.298
v -3.1823 2.0238 12.35
v -3.0942 2.0068 12.413
v -1.9135 1.9335 11.589
v -1.9579 1.9887 11.585
v -1.983 2.0017 11.65
v -1.9541 1.9544 11.694
v -1.9111 1.9123 11.657
v -1.6089 2.1838 11.657
v -1.6533 2.239 11.653
v -1.6784 2.2519 11.718
v -1.6495 2.2047 11.762
v -1.6065 2.1626 11.724
v -1.9253 1.9431 11.607
v -1.9525 1.9769 11.604
v -1.9679 1.9848 11.644
v -1.9502 1.9559 11.671
v -1.9238 1.9301 11.648
v -1.6207 2.1933 11.675
v -1.6479 2.2271 11.672
v -1.6633 2.235 11.712
v -1.6456 2.2061 11.739
v -1.6192 2.1803 11.716
v -2.0643 0.53769 10.7
v -2.0874 0.55737 10.69
v -2.1067 0.56307 10.715
v -2.0955 0.54692 10.74
v -2.0693 0.53124 10.731
v -1.8398 0.85265 10.802
v -1.8629 0.87233 10.792
v -1.8822 0.87803 10.817
v -1.871 0.86188 10.842
v -1.8447 0.8462 10.833
v -2.0643 0.53769 10.7
v -2.0874 0.55737 10.69
v -2.1067 0.56307 10.715
v -2.0955 0.54692 10.74
v -2.0693 0.53124 10.731
v -1.8398 0.85265 10.802
v -1.8629 0.87233 10.792
v -1.8822 0.87803 10.817
v -1.871 0.86188 10.842
v -1.8447 0.8462 10.833
v -2.0643 0.53769 10.7
v -2.0874 0.55737 10.69
v -2.1067 0.56307 10.715
v -2.0955 0.54692 10.74
v -2.0693 0.53124 10.731
v -1.8398 0.85265 10.802
v -1.8629 0.87233 10.792
v -1.8822 0.87803 10.817
v -1.871 0.86188 10.842
v -1.8447 0.8462 10.833
v -2.0643 0.53769 10.7
v -2.0874 0.55737 10.69
v -2.1067 0.56307 10.715
v -2.0955 0.54692 10.74
v -2.0693 0.53124 10.731
v -1.8398 0.85265 10.802
v -1.8629 0.87233 10.792
v -1.8822 0.87803 10.817
v -1.871 0.86188 10.842
v -1.8447 0.8462 10.833
v -2.0636 0.53736 10.699
v -2.0875 0.55772 10.689
v -2.1075 0.56362 10.715
v -2.0959 0.54691 10.741
v -2.0687 0.53067 10.731
v -1.8391 0.85232 10.801
v -1.863 0.87268 10.791
v -1.883 0.87859 10.817
v -1.8713 0.86187 10.843
v -1.8442 0.84563 10.833
v -2.0636 0.53736 10.699
v -2.0875 0.55772 10.689
v -2.1075 0.56362 10.715
v -2.0959 0.54691 10.741
v -2.0687 0.53067 10.731
v -1.8391 0.85232 10.801
v -1.863 0.87268 10.791
v -1.883 0.87859 10.817
v -1.8713 0.86187 10.843
v -1.8442 0.84563 10.833
v -1.8853 0.92518 10.421
v -1.9039 0.95083 10.428
v -1.9345 0.94064 10.43
v -1.9348 0.9087 10.425
v -1.9044 0.89915 10.42
v -1.8325 0.86323 10.813
v -1.8511 0.88887 10.819
v -1.8817 0.87868 10.822
v -1.882 0.84674 10.817
v -1.8516 0.83719 10.811
v -1.8853 0.92518 10.421
v -1.9039 0.95083 10.428
v -1.9345 0.94064 10.43
v -1.9348 0.9087 10.425
v -1.9044 0.89915 10.42
v -1.8325 0.86323 10.813
v -1.8511 0.88887 10.819
v -1.8817 0.87868 10.822
v -1.882 0.84674 10.817
v -1.8516 0.83719 10.811
v -1.8853 0.92518 10.421
v -1.9039 0.95083 10.428
v -1.9345 0.94064 10.43
v -1.9348 0.9087 10.425
v -1.9044 0.89915 10.42
v -1.8325 0.86323 10.813
v -1.8511 0.88887 10.819
v -1.8817 0.87868 10.822
v -1.882 0.84674 10.817
v -1.8516 0.83719 10.811
v -1.8853 0.92518 10.421
v -1.9039 0.95083 10.428
v -1.9345 0.94064 10.43
v -1.9348 0.9087 10.425
v -1.9044 0.89915 10.42
v -1.8325 0.86323 10.813
v -1.8511 0.88887 10.819
v -1.8817 0.87868 10.822
v -1.882 0.84674 10.817
v -1.8516 0.83719 10.811
v 0.39871 -0.067477 14.402
v 0.17117 0.24563 14.407
v -0.19696 0.12608 14.401
v -0.19692 -0.26092 14.393
v 0.17122 -0.38054 14.393
v 0.39542 -0.076243 14.802
v 0.16787 0.23687 14.807
v -0.20025 0.11731 14.801
v -0.20021 -0.26969 14.793
v 0.16793 -0.38931 14.793
v 0.029878 0.069149 14.51
v 0.18713 0.065356 14.368
v 0.18175 -0.12197 14.269
v 0.021168 -0.23395 14.35
v -0.072692 -0.11583 14.499
v -0.21571 0.22182 14.234
v -0.058458 0.21802 14.092
v -0.063842 0.0307 13.993
v -0.22442 -0.081278 14.074
v -0.31828 0.036838 14.222
v 0.095438 0.34544 13.842
v 0.077175 0.44715 13.923
v 0.035858 0.39975 14.039
v 0.028584 0.26875 14.029
v 0.065407 0.23518 13.907
v 0.4748 0.31496 13.965
v 0.45654 0.41667 14.046
v 0.41522 0.36927 14.162
v 0.40795 0.23826 14.152
v 0.44477 0.20469 14.03
v 0.25671 -0.65858 13.953
v 0.18921 -0.60607 14.081
v 0.042505 -0.65335 14.08
v 0.019348 -0.73507 13.952
v 0.15174 -0.7383 13.873
v 0.36346 -0.99235 14.145
v 0.29595 -0.93985 14.274
v 0.14925 -0.98713 14.273
v 0.1261 -1.0689 14.144
v 0.25848 -1.0721 14.066
v 0.17147 -0.68979 13.938
v 0.13318 -0.62586 13.95
v 0.093119 -0.63437 14.014
v 0.10665 -0.70356 14.041
v 0.15508 -0.73781 13.994
v 0.47828 -0.54655 14.151
v 0.43998 -0.48261 14.163
v 0.39992 -0.49112 14.227
v 0.41346 -0.56031 14.254
v 0.46188 -0.59457 14.207
v -0.020078 0.98644 13.741
v -0.12676 1.1092 13.601
v -0.32983 1.0402 13.593
v -0.34865 0.87477 13.729
v -0.15721 0.84155 13.82
v -0.11666 1.2388 14.036
v -0.22334 1.3616 13.896
v -0.42641 1.2926 13.888
v -0.44523 1.1272 14.024
v -0.25379 1.0939 14.115
v -0.13817 0.95006 13.757
v -0.19786 1.0324 13.757
v -0.25568 1.0291 13.674
v -0.23173 0.94475 13.622
v -0.1591 0.8959 13.674
v -0.41806 0.74753 13.959
v -0.47775 0.82985 13.959
v -0.53557 0.82656 13.875
v -0.51161 0.74221 13.824
v -0.43899 0.69337 13.875
v 0.15336 0.81796 13.29
v 0.11087 0.87911 13.287
v 0.067326 0.87407 13.227
v 0.082911 0.8098 13.192
v 0.13608 0.77512 13.231
v -0.12687 0.63352 13.508
v -0.16936 0.69468 13.505
v -0.2129 0.68964 13.444
v -0.19732 0.62537 13.41
v -0.14414 0.59069 13.449
v 0.12315 0.82722 13.259
v 0.11034 0.84565 13.258
v 0.09721 0.84414 13.24
v 0.10191 0.82476 13.229
v 0.11794 0.8143 13.241
v -0.15708 0.64278 13.477
v -0.16989 0.66122 13.476
v -0.18302 0.6597 13.458
v -0.17832 0.64033 13.447
v -0.16229 0.62987 13.459
v -0.094103 0.28955 13.31
v -0.11743 0.34544 13.296
v -0.11934 0.35013 13.234
v -0.097193 0.29712 13.21
v -0.081596 0.25968 13.257
v -0.46323 0.13544 13.31
v -0.48655 0.19134 13.295
v -0.48846 0.19602 13.233
v -0.46631 0.14302 13.209
v -0.45072 0.10558 13.257
v -0.097747 0.29832 13.287
v -0.11022 0.32819 13.28
v -0.11124 0.3307 13.246
v -0.099399 0.30237 13.234
v -0.091062 0.28235 13.259
v -0.46687 0.14421 13.287
v -0.47934 0.17409 13.279
v -0.48036 0.17659 13.246
v -0.46852 0.14826 13.233
v -0.46018 0.12825 13.259
v -0.098494 0.30011 13.283
v -0.10874 0.32466 13.276
v -0.10958 0.32672 13.249
v -0.099851 0.30344 13.238
v -0.093001 0.287 13.259
v -0.46762 0.14601 13.282
v -0.47786 0.17055 13.276
v -0.4787 0.17261 13.249
v -0.46897 0.14933 13.238
v -0.46212 0.13289 13.259
v -0.098494 0.30011 13.283
v -0.10874 0.32466 13.276
v -0.10958 0.32672 13.249
v -0.099851 0.30344 13.238
v -0.093001 0.287 13.259
v -0.46762 0.14601 13.282
v -0.47786 0.17055 13.276
v -0.4787 0.17261 13.249
v -0.46897 0.14933 13.238
v -0.46212 0.13289 13.259
v -0.89568 -0.8249 13.454
v -0.9922 -0.74184 13.532
v -1.1275 -0.7584 13.471
v -1.1146 -0.85169 13.355
v -0.97132 -0.89279 13.345
v -0.96709 -1.1354 13.696
v -1.0636 -1.0524 13.774
v -1.1989 -1.0689 13.713
v -1.186 -1.1622 13.597
v -1.0427 -1.2033 13.587
v -0.61978 -0.30796 12.965
v -0.61098 -0.32413 12.927
v -0.64194 -0.3508 12.916
v -0.66989 -0.35112 12.948
v -0.65619 -0.32464 12.978
v -0.81983 -0.0085277 12.791
v -0.81102 -0.024694 12.753
v -0.84198 -0.051368 12.742
v -0.86993 -0.051688 12.774
v -0.85623 -0.025211 12.804
v -0.61978 -0.30796 12.965
v -0.61098 -0.32413 12.927
v -0.64194 -0.3508 12.916
v -0.66989 -0.35112 12.948
v -0.65619 -0.32464 12.978
v -0.81983 -0.0085277 12.791
v -0.81102 -0.024694 12.753
v -0.84198 -0.051368 12.742
v -0.86993 -0.051688 12.774
v -0.85623 -0.025211 12.804
v -0.6195 -0.30762 12.965
v -0.61057 -0.32402 12.926
v -0.64197 -0.35107 12.916
v -0.67031 -0.3514 12.948
v -0.65642 -0.32454 12.978
v -0.81954 -0.0081905 12.791
v -0.81061 -0.024586 12.752
v -0.84202 -0.051638 12.742
v -0.87035 -0.051963 12.774
v -0.85647 -0.02511 12.804
v -0.62322 -0.31205 12.962
v -0.61593 -0.32543 12.93
v -0.64157 -0.34752 12.922
v -0.66471 -0.34779 12.948
v -0.65337 -0.32586 12.972
v -0.82326 -0.012614 12.787
v -0.81597 -0.026001 12.756
v -0.84161 -0.048089 12.748
v -0.86475 -0.048354 12.774
v -0.85341 -0.026429 12.798
v 1.7736 0.017258 13.296
v 1.6794 0.17552 13.335
v 1.5588 0.13829 13.475
v 1.5785 -0.042977 13.522
v 1.7113 -0.11778 13.411
v 2.0533 0.11745 13.564
v 1.959 0.27571 13.603
v 1.8385 0.23848 13.743
v 1.8582 0.057213 13.79
v 1.991 -0.01759 13.679
v 1.7248 0.035346 13.409
v 1.6815 0.0089463 13.352
v 1.6089 0.017256 13.373
v 1.6074 0.048791 13.442
v 1.6791 0.059971 13.464
v 1.7197 0.39904 13.242
v 1.6764 0.37264 13.186
v 1.6038 0.38095 13.206
v 1.6023 0.41249 13.275
v 1.6739 0.42367 13.298
v 1.1673 -0.30938 13.268
v 1.192 -0.24378 13.323
v 1.2164 -0.28026 13.401
v 1.2067 -0.3684 13.394
v 1.1763 -0.3864 13.312
v 1.5432 -0.3404 13.135
v 1.568 -0.2748 13.19
v 1.5924 -0.31128 13.267
v 1.5826 -0.39942 13.261
v 1.5523 -0.41742 13.179
v 1.1755 -0.31217 13.293
v 1.1919 -0.26878 13.329
v 1.2081 -0.29291 13.38
v 1.2016 -0.35122 13.375
v 1.1815 -0.36312 13.321
v 1.5515 -0.3432 13.159
v 1.5679 -0.29981 13.196
v 1.584 -0.32394 13.247
v 1.5776 -0.38224 13.242
v 1.5575 -0.39414 13.188
v 0.85379 -0.59883 12.427
v 0.84398 -0.5911 12.464
v 0.80969 -0.60744 12.47
v 0.79831 -0.62526 12.438
v 0.82556 -0.61994 12.411
v 1.0372 -0.9334 12.547
v 1.0274 -0.92567 12.584
v 0.99312 -0.94201 12.59
v 0.98174 -0.95984 12.558
v 1.009 -0.95452 12.531
v 0.45198 -0.14963 12.384
v 0.44843 -0.10732 12.437
v 0.41924 -0.14052 12.489
v 0.40475 -0.20334 12.468
v 0.42498 -0.20897 12.403
v 0.81146 -0.27412 12.508
v 0.80792 -0.23181 12.561
v 0.77873 -0.26501 12.612
v 0.76423 -0.32784 12.591
v 0.78446 -0.33346 12.527
v -0.48365 -1.086 12.885
v -0.50006 -1.0796 12.921
v -0.53855 -1.0908 12.919
v -0.54592 -1.104 12.882
v -0.51199 -1.1011 12.861
v -0.38184 -1.4562 12.997
v -0.39825 -1.4498 13.033
v -0.43674 -1.4609 13.032
v -0.44412 -1.4742 12.995
v -0.41019 -1.4713 12.973
v -0.78463 -0.82742 12.381
v -0.83073 -0.7933 12.439
v -0.90942 -0.80932 12.423
v -0.91196 -0.85335 12.353
v -0.83484 -0.86454 12.327
v -0.7621 -1.1648 12.594
v -0.8082 -1.1307 12.653
v -0.88689 -1.1467 12.636
v -0.88943 -1.1907 12.567
v -0.81231 -1.2019 12.541
v -0.79493 -0.83733 12.393
v -0.84333 -0.82675 12.444
v -0.90691 -0.82008 12.413
v -0.8978 -0.82655 12.343
v -0.8286 -0.83721 12.331
v -0.85061 -1.2324 12.422
v -0.89901 -1.2218 12.473
v -0.96258 -1.2151 12.442
v -0.95347 -1.2216 12.372
v -0.88427 -1.2322 12.36
v -0.14119 -0.46002 11.889
v -0.16693 -0.44216 11.922
v -0.21068 -0.45051 11.912
v -0.21198 -0.47354 11.873
v -0.16903 -0.47942 11.858
v -0.12134 -0.80522 12.09
v -0.14708 -0.78736 12.123
v -0.19083 -0.79571 12.113
v -0.19213 -0.81874 12.074
v -0.14918 -0.82462 12.059
v -0.14119 -0.46002 11.889
v -0.16693 -0.44216 11.922
v -0.21068 -0.45051 11.912
v -0.21198 -0.47354 11.873
v -0.16903 -0.47942 11.858
v -0.12134 -0.80522 12.09
v -0.14708 -0.78736 12.123
v -0.19083 -0.79571 12.113
v -0.19213 -0.81874 12.074
v -0.14918 -0.82462 12.059
v -0.13983 -0.45998 11.889
v -0.16647 -0.44149 11.923
v -0.21176 -0.45014 11.913
v -0.21311 -0.47397 11.872
v -0.16865 -0.48006 11.857
v -0.11998 -0.80518 12.09
v -0.14662 -0.78669 12.124
v -0.19191 -0.79534 12.114
v -0.19325 -0.81917 12.073
v -0.1488 -0.82526 12.058
v -0.15679 -0.46047 11.89
v -0.17217 -0.44979 11.909
v -0.19832 -0.45478 11.903
v -0.1991 -0.46854 11.88
v -0.17343 -0.47206 11.871
v -0.13694 -0.80567 12.091
v -0.15232 -0.79499 12.111
v -0.17847 -0.79998 12.105
v -0.17925 -0.81375 12.081
v -0.15358 -0.81726 12.072
v -1.2958 1.2091 12.192
v -1.3431 1.2736 12.163
v -1.4235 1.2461 12.155
v -1.4259 1.1646 12.18
v -1.347 1.1417 12.203
v -1.3711 1.3259 12.567
v -1.4184 1.3905 12.538
v -1.4988 1.363 12.53
v -1.5013 1.2814 12.555
v -1.4223 1.2585 12.578
v -1.3435 1.2497 12.129
v -1.3192 1.249 12.207
v -1.3611 1.1903 12.246
v -1.4112 1.1547 12.192
v -1.4003 1.1914 12.119
v -1.0574 0.98521 12.038
v -1.0332 0.98454 12.116
v -1.0751 0.92584 12.155
v -1.1252 0.89023 12.101
v -1.1143 0.92692 12.028
v -1.4823 1.1726 11.928
v -1.4718 1.1973 11.947
v -1.4592 1.1846 11.974
v -1.462 1.1519 11.973
v -1.4763 1.1445 11.944
v -1.1229 1.1512 11.754
v -1.1124 1.176 11.773
v -1.0998 1.1633 11.8
v -1.1026 1.1306 11.798
v -1.1169 1.1232 11.77
v -0.049573 0.60684 11.77
v -0.06944 0.60661 11.736
v -0.10809 0.60197 11.744
v -0.11211 0.59934 11.783
v -0.075943 0.60235 11.8
v -0.092551 1.0039 11.792
v -0.11242 1.0037 11.758
v -0.15107 0.99904 11.766
v -0.15509 0.99641 11.805
v -0.11892 0.99942 11.822
v -2.2138 0.29921 13.162
v -2.2798 0.42388 13.076
v -2.4049 0.36307 12.986
v -2.4161 0.20081 13.017
v -2.298 0.16135 13.126
v -2.4665 0.3744 13.463
v -2.5326 0.49907 13.376
v -2.6576 0.43825 13.286
v -2.6689 0.27599 13.318
v -2.5507 0.23653 13.427
v -2.3492 0.27793 13.114
v -2.3419 0.33213 13.092
v -2.3079 0.32765 13.044
v -2.2941 0.27067 13.036
v -2.3196 0.23995 13.08
v -2.6752 0.22816 12.888
v -2.668 0.28236 12.866
v -2.6339 0.27788 12.817
v -2.6201 0.22091 12.81
v -2.6456 0.19018 12.854
v -1.8098 0.21803 13.118
v -1.7758 0.2604 13.09
v -1.7376 0.23193 13.052
v -1.7481 0.17197 13.056
v -1.7927 0.16339 13.097
v -2.0815 0.2452 12.826
v -2.0475 0.28756 12.798
v -2.0093 0.25909 12.76
v -2.0198 0.19914 12.764
v -2.0644 0.19055 12.805
v -1.8041 0.21666 13.113
v -1.7753 0.25246 13.089
v -1.743 0.2284 13.057
v -1.7519 0.17773 13.061
v -1.7896 0.17047 13.095
v -2.0758 0.24382 12.82
v -2.047 0.27962 12.797
v -2.0148 0.25557 12.765
v -2.0236 0.2049 12.768
v -2.0613 0.19764 12.803
v -2.2547 -0.47946 11.827
v -2.2816 -0.41026 11.807
v -2.2857 -0.40806 11.73
v -2.2613 -0.47592 11.703
v -2.2422 -0.52004 11.763
v -2.6289 -0.62006 11.843
v -2.6557 -0.55085 11.823
v -2.6598 -0.54866 11.746
v -2.6355 -0.61651 11.719
v -2.6163 -0.66064 11.779
v -1.131 -0.043986 12.005
v -1.1878 -0.040901 12.054
v -1.2496 -0.020131 12.016
v -1.2309 -0.010378 11.944
v -1.1576 -0.025121 11.937
v -1.2155 -0.42794 11.931
v -1.2723 -0.42485 11.98
v -1.3341 -0.40408 11.942
v -1.3154 -0.39433 11.87
v -1.2421 -0.40907 11.863
v -1.1713 -0.033398 11.996
v -1.1902 -0.032369 12.012
v -1.2108 -0.025446 11.999
v -1.2046 -0.022195 11.975
v -1.1801 -0.027109 11.973
v -1.2557 -0.41735 11.922
v -1.2747 -0.41632 11.938
v -1.2953 -0.4094 11.926
v -1.289 -0.40615 11.902
v -1.2646 -0.41106 11.899
v 2.9376 -0.85453 12.201
v 2.8944 -0.76067 12.277
v 2.8051 -0.81069 12.355
v 2.7931 -0.93547 12.327
v 2.8749 -0.96256 12.231
v 3.2207 -0.94306 12.469
v 3.1776 -0.8492 12.546
v 3.0883 -0.89922 12.623
v 3.0762 -1.024 12.595
v 3.1581 -1.0511 12.499
v 2.3747 -1.0823 12.045
v 2.3062 -1.0632 12.12
v 2.2118 -1.0587 12.078
v 2.2219 -1.0748 11.976
v 2.3225 -1.0894 11.955
v 2.3294 -1.4754 12.103
v 2.2609 -1.4564 12.178
v 2.1665 -1.4518 12.136
v 2.1766 -1.468 12.034
v 2.2772 -1.4826 12.013
v 2.8542 -0.31544 11.358
v 2.8036 -0.22597 11.367
v 2.8137 -0.19333 11.465
v 2.8706 -0.26263 11.516
v 2.8956 -0.3381 11.45
v 3.1866 -0.11729 11.257
v 3.1361 -0.027823 11.266
v 3.1462 0.0048161 11.364
v 3.203 -0.06448 11.415
v 3.228 -0.13995 11.349
v 0.70383 0.13902 10.711
v 0.66258 0.12934 10.778
v 0.58556 0.12556 10.759
v 0.5792 0.13291 10.68
v 0.65229 0.14123 10.65
v 0.73294 -0.25797 10.671
v 0.6917 -0.26765 10.738
v 0.61467 -0.27143 10.719
v 0.60831 -0.26409 10.641
v 0.68141 -0.25577 10.611
v 0.66043 0.13552 10.714
v 0.64585 0.1321 10.737
v 0.61861 0.13076 10.731
v 0.61636 0.13336 10.703
v 0.64221 0.1363 10.692
v 0.68954 -0.26147 10.674
v 0.67496 -0.26489 10.698
v 0.64773 -0.26623 10.691
v 0.64548 -0.26363 10.664
v 0.67132 -0.26069 10.653
v 0.1176 -0.50634 10.636
v 0.1202 -0.48673 10.606
v 0.10771 -0.50637 10.578
v 0.097381 -0.5381 10.591
v 0.10349 -0.53809 10.627
v -0.24954 -0.36078 10.699
v -0.24693 -0.34117 10.669
v -0.25942 -0.3608 10.642
v -0.26975 -0.39254 10.655
v -0.26364 -0.39252 10.69
v 0.1176 -0.50634 10.636
v 0.1202 -0.48673 10.606
v 0.10771 -0.50637 10.578
v 0.097381 -0.5381 10.591
v 0.10349 -0.53809 10.627
v -0.24954 -0.36078 10.699
v -0.24693 -0.34117 10.669
v -0.25942 -0.3608 10.642
v -0.26975 -0.39254 10.655
v -0.26364 -0.39252 10.69
v -0.041491 -0.71518 10.656
v -0.0673 -0.7145 10.565
v -0.15547 -0.74848 10.56
v -0.18415 -0.77016 10.647
v -0.11371 -0.74959 10.707
v -0.18692 -0.34517 10.7
v -0.21273 -0.34448 10.609
v -0.3009 -0.37846 10.604
v -0.32958 -0.40014 10.691
v -0.25914 -0.37957 10.751
v -0.093465 -0.73306 10.635
v -0.10036 -0.73288 10.611
v -0.12393 -0.74196 10.609
v -0.13159 -0.74776 10.632
v -0.11277 -0.74226 10.648
v -0.2389 -0.36304 10.679
v -0.2458 -0.36286 10.655
v -0.26936 -0.37194 10.653
v -0.27702 -0.37774 10.676
v -0.2582 -0.37224 10.692
v 0.46307 3.0011 12.749
v 0.37724 3.0927 12.675
v 0.2385 3.0578 12.704
v 0.23859 2.9446 12.796
v 0.37738 2.9096 12.824
v 0.46374 3.2535 13.06
v 0.37791 3.3451 12.985
v 0.23917 3.3102 13.014
v 0.23926 3.197 13.106
v 0.37805 3.162 13.134
v 0.3789 3.0478 12.186
v 0.2764 3.0626 12.127
v 0.20101 3.1227 12.197
v 0.25691 3.1451 12.301
v 0.36685 3.0988 12.294
v 0.51502 3.3933 12.038
v 0.41252 3.408 11.978
v 0.33712 3.4681 12.049
v 0.39303 3.4905 12.152
v 0.50297 3.4443 12.145
v 0.42692 2.177 12.644
v 0.38289 2.2602 12.728
v 0.28359 2.2081 12.786
v 0.26625 2.0926 12.738
v 0.35483 2.0735 12.65
v 0.67017 2.0239 12.922
v 0.62615 2.1071 13.006
v 0.52685 2.0549 13.065
v 0.5095 1.9395 13.016
v 0.59808 1.9204 12.928
v 0.40498 2.165 12.72
v 0.36471 2.2152 12.683
v 0.29429 2.1922 12.683
v 0.29105 2.1279 12.719
v 0.35946 2.1111 12.742
v 0.33914 2.3624 13.061
v 0.29886 2.4125 13.025
v 0.22845 2.3896 13.024
v 0.2252 2.3252 13.061
v 0.29361 2.3084 13.084
v -0.15961 2.5283 12.251
v -0.12472 2.5275 12.196
v -0.14173 2.4744 12.162
v -0.18713 2.4424 12.196
v -0.19818 2.4757 12.251
v -0.44611 2.7378 12.067
v -0.41122 2.737 12.012
v -0.42823 2.6839 11.978
v -0.47364 2.6519 12.012
v -0.48469 2.6852 12.067
v -0.16064 2.5133 12.236
v -0.13928 2.5128 12.202
v -0.14969 2.4803 12.181
v -0.1775 2.4607 12.202
v -0.18426 2.4811 12.236
v -0.44714 2.7228 12.051
v -0.42578 2.7223 12.018
v -0.4362 2.6898 11.997
v -0.464 2.6702 12.018
v -0.47077 2.6906 12.051
v 2.5512 2.3422 10.748
v 2.5044 2.4269 10.771
v 2.4515 2.4111 10.853
v 2.4656 2.3168 10.882
v 2.5272 2.2742 10.816
v 2.8644 2.455 10.97
v 2.8175 2.5397 10.993
v 2.7646 2.5239 11.075
v 2.7787 2.4296 11.103
v 2.8404 2.387 11.038
v 2.5015 2.367 10.798
v 2.5125 2.3696 10.819
v 2.5063 2.351 10.833
v 2.4913 2.3369 10.821
v 2.4883 2.3467 10.799
v 2.814 2.1581 10.661
v 2.8251 2.1608 10.682
v 2.8188 2.1422 10.696
v 2.8039 2.1281 10.684
v 2.8009 2.1379 10.662
v 1.8638 2.1997 10.457
v 1.8566 2.1655 10.485
v 1.8132 2.1555 10.483
v 1.7936 2.1835 10.454
v 1.8249 2.2108 10.438
v 1.9331 1.943 10.158
v 1.9259 1.9089 10.186
v 1.8825 1.8989 10.184
v 1.8629 1.9269 10.156
v 1.8942 1.9542 10.139
v 1.8638 2.1997 10.457
v 1.8566 2.1655 10.485
v 1.8132 2.1555 10.483
v 1.7936 2.1835 10.454
v 1.8249 2.2108 10.438
v 1.9331 1.943 10.158
v 1.9259 1.9089 10.186
v 1.8825 1.8989 10.184
v 1.8629 1.9269 10.156
v 1.8942 1.9542 10.139
v 1.865 2.2003 10.457
v 1.8575 2.1649 10.485
v 1.8126 2.1545 10.484
v 1.7923 2.1835 10.454
v 1.8247 2.2118 10.437
v 1.9343 1.9436 10.158
v 1.9268 1.9082 10.186
v 1.8819 1.8979 10.185
v 1.8616 1.9269 10.155
v 1.894 1.9551 10.139
v 1.8504 2.193 10.46
v 1.8461 2.1725 10.476
v 1.8201 2.1666 10.475
v 1.8084 2.1833 10.458
v 1.8271 2.1996 10.448
v 1.9197 1.9363 10.161
v 1.9154 1.9159 10.177
v 1.8894 1.9099 10.176
v 1.8777 1.9267 10.159
v 1.8964 1.943 10.15
v 1.0528 3.07 10.221
v 1.0358 3.074 10.287
v 0.97345 3.0471 10.294
v 0.95188 3.0264 10.233
v 1.0009 3.0406 10.188
v 1.2156 2.7102 10.285
v 1.1987 2.7143 10.351
v 1.1363 2.6874 10.358
v 1.1147 2.6667 10.297
v 1.1637 2.6808 10.251
v 1.0218 3.0585 10.236
v 1.0154 3.0601 10.261
v 0.99181 3.0499 10.263
v 0.98366 3.0421 10.24
v 1.0022 3.0474 10.223
v 1.1846 2.6988 10.299
v 1.1782 2.7003 10.324
v 1.1546 2.6902 10.327
v 1.1465 2.6823 10.304
v 1.165 2.6877 10.287
v 1.0247 3.0596 10.234
v 1.0173 3.0614 10.263
v 0.99009 3.0496 10.266
v 0.98067 3.0406 10.24
v 1.0021 3.0468 10.22
v 1.1875 2.6999 10.298
v 1.1801 2.7016 10.327
v 1.1529 2.6899 10.33
v 1.1435 2.6809 10.303
v 1.1649 2.687 10.284
v 1.0247 3.0596 10.234
v 1.0173 3.0614 10.263
v 0.99009 3.0496 10.266
v 0.98067 3.0406 10.24
v 1.0021 3.0468 10.22
v 1.1875 2.6999 10.298
v 1.1801 2.7016 10.327
v 1.1529 2.6899 10.33
v 1.1435 2.6809 10.303
v 1.1649 2.687 10.284
v -1.8786 -2.7169 12.622
v -1.951 -2.6239 12.636
v -2.0537 -2.6488 12.582
v -2.0446 -2.7572 12.534
v -1.9364 -2.7993 12.559
v -2.0186 -2.8777 12.96
v -2.0911 -2.7847 12.975
v -2.1937 -2.8096 12.92
v -2.1846 -2.9179 12.873
v -2.0764 -2.96 12.897
v -0.77447 -3.2569 11.338
v -0.79754 -3.2455 11.371
v -0.83812 -3.2522 11.362
v -0.84014 -3.2678 11.323
v -0.8008 -3.2706 11.308
v -0.74635 -3.6282 11.484
v -0.76942 -3.6168 11.518
v -0.81 -3.6235 11.508
v -0.81201 -3.639 11.469
v -0.77268 -3.6419 11.454
v -0.85284 -2.8143 11.466
v -0.79385 -2.8658 11.485
v -0.82623 -2.939 11.492
v -0.90524 -2.9327 11.479
v -0.92169 -2.8557 11.463
v -0.79124 -2.8818 11.077
v -0.73225 -2.9333 11.095
v -0.76463 -3.0065 11.103
v -0.84364 -3.0003 11.089
v -0.86009 -2.9232 11.073
v -0.85772 -2.8602 11.474
v -0.83906 -2.8765 11.479
v -0.8493 -2.8997 11.482
v -0.87429 -2.8977 11.477
v -0.87949 -2.8733 11.472
v -0.79611 -2.9278 11.084
v -0.77746 -2.9441 11.09
v -0.7877 -2.9672 11.092
v -0.81268 -2.9653 11.088
v -0.81788 -2.9409 11.083
v -0.56399 -2.4677 10.905
v -0.54194 -2.47 10.868
v -0.55599 -2.5053 10.846
v -0.58672 -2.5248 10.87
v -0.59166 -2.5016 10.907
v -0.84522 -2.2458 10.727
v -0.82317 -2.2481 10.69
v -0.83722 -2.2834 10.668
v -0.86795 -2.3029 10.692
v -0.87289 -2.2797 10.729
v -0.56518 -2.4754 10.898
v -0.54959 -2.477 10.871
v -0.55952 -2.5019 10.856
v -0.58125 -2.5157 10.873
v -0.58475 -2.4993 10.899
v -0.84641 -2.2535 10.72
v -0.83082 -2.2551 10.693
v -0.84075 -2.28 10.678
v -0.86248 -2.2938 10.695
v -0.86598 -2.2774 10.721
v 0.52391 -2.4493 12.055
v 0.48448 -2.4052 12.14
v 0.39004 -2.4443 12.155
v 0.3711 -2.5126 12.08
v 0.45384 -2.5156 12.018
v 0.68099 -2.7407 12.28
v 0.64156 -2.6966 12.365
v 0.54711 -2.7357 12.38
v 0.52818 -2.804 12.305
v 0.61092 -2.807 12.243
v 0.098972 -1.3266 11.395
v 0.11748 -1.3059 11.378
v 0.13453 -1.3232 11.356
v 0.12656 -1.3546 11.36
v 0.10458 -1.3567 11.384
v -0.19585 -1.2823 11.128
v -0.17733 -1.2616 11.111
v -0.16029 -1.2789 11.09
v -0.16826 -1.3103 11.093
v -0.19024 -1.3124 11.117
v 0.098972 -1.3266 11.395
v 0.11748 -1.3059 11.378
v 0.13453 -1.3232 11.356
v 0.12656 -1.3546 11.36
v 0.10458 -1.3567 11.384
v -0.19585 -1.2823 11.128
v -0.17733 -1.2616 11.111
v -0.16029 -1.2789 11.09
v -0.16826 -1.3103 11.093
v -0.19024 -1.3124 11.117
v 0.098972 -1.3266 11.395
v 0.11748 -1.3059 11.378
v 0.13453 -1.3232 11.356
v 0.12656 -1.3546 11.36
v 0.10458 -1.3567 11.384
v -0.19585 -1.2823 11.128
v -0.17733 -1.2616 11.111
v -0.16029 -1.2789 11.09
v -0.16826 -1.3103 11.093
v -0.19024 -1.3124 11.117
v 0.098972 -1.3266 11.395
v 0.11748 -1.3059 11.378
v 0.13453 -1.3232 11.356
v 0.12656 -1.3546 11.36
v 0.10458 -1.3567 11.384
v -0.19585 -1.2823 11.128
v -0.17733 -1.2616 11.111
v -0.16029 -1.2789 11.09
v -0.16826 -1.3103 11.093
v -0.19024 -1.3124 11.117
v 0.093574 -1.3245 11.401
v 0.11781 -1.2974 11.379
v 0.14013 -1.3201 11.351
v 0.12969 -1.3611 11.355
v 0.10092 -1.3639 11.387
v -0.20124 -1.2802 11.135
v -0.17701 -1.2531 11.112
v -0.15468 -1.2758 11.084
v -0.16513 -1.3168 11.089
v -0.1939 -1.3196 11.12
v -3.0357 2.0945 12.402
v -3.0734 2.154 12.329
v -3.1603 2.1126 12.296
v -3.1762 2.0274 12.349
v -3.0992 2.0162 12.415
v -3.2382 2.3032 12.677
v -3.276 2.3628 12.603
v -3.3628 2.3213 12.571
v -3.3788 2.2361 12.624
v -3.3017 2.2249 12.689
v -1.6225 2.1763 11.745
v -1.6646 2.2266 11.749
v -1.6719 2.2517 11.689
v -1.6341 2.217 11.648
v -1.6036 2.1703 11.683
v -1.927 1.926 11.678
v -1.9692 1.9763 11.681
v -1.9764 2.0015 11.621
v -1.9387 1.9667 11.58
v -1.9082 1.9201 11.615
v -1.6324 2.1953 11.72
v -1.6497 2.2158 11.722
v -1.6526 2.2261 11.697
v -1.6372 2.2119 11.68
v -1.6248 2.1929 11.695
v -1.937 1.945 11.652
v -1.9543 1.9656 11.654
v -1.9572 1.9758 11.629
v -1.9418 1.9616 11.612
v -1.9293 1.9426 11.627
v -1.6314 2.1934 11.723
v -1.6512 2.2169 11.724
v -1.6545 2.2287 11.696
v -1.6369 2.2124 11.677
v -1.6226 2.1906 11.693
v -1.936 1.9431 11.655
v -1.9558 1.9666 11.657
v -1.9591 1.9784 11.628
v -1.9415 1.9621 11.609
v -1.9272 1.9403 11.626
v -1.6314 2.1934 11.723
v -1.6512 2.2169 11.724
v -1.6545 2.2287 11.696
v -1.6369 2.2124 11.677
v -1.6226 2.1906 11.693
v -1.936 1.9431 11.655
v -1.9558 1.9666 11.657
v -1.9591 1.9784 11.628
v -1.9415 1.9621 11.609
v -1.9272 1.9403 11.626
v 0.36884 -0.07624 14.804
v 0.15966 0.21167 14.804
v -0.17874 0.10173 14.797
v -0.17871 -0.25412 14.793
v 0.15971 -0.36411 14.797
v 0.36264 -0.080762 15.204
v 0.15346 0.20714 15.204
v -0.18494 0.097211 15.197
v -0.18491 -0.25864 15.193
v 0.15351 -0.36863 15.197
v 0.19179 -0.098218 14.776
v 0.08405 -0.077403 14.671
v -0.048423 -0.054944 14.743
v -0.022556 -0.061879 14.892
v 0.1259 -0.088623 14.913
v 0.26186 0.29555 14.783
v 0.15412 0.31636 14.677
v 0.021647 0.33882 14.749
v 0.047515 0.33189 14.899
v 0.19598 0.30514 14.92
v -0.013741 0.08524 14.123
v -0.12594 0.23586 14.157
v -0.30752 0.1783 14.144
v -0.30754 -0.0078922 14.102
v -0.12598 -0.065406 14.089
v -0.013296 -0.0031755 14.513
v -0.12549 0.14744 14.547
v -0.30707 0.089884 14.534
v -0.30709 -0.096308 14.492
v -0.12553 -0.15382 14.479
v -0.11634 0.098836 14.075
v -0.14471 0.15394 14.142
v -0.21652 0.11408 14.183
v -0.23253 0.034333 14.141
v -0.17061 0.024914 14.074
v 0.13085 -0.085997 14.329
v 0.10248 -0.030892 14.397
v 0.030665 -0.070757 14.438
v 0.014658 -0.1505 14.395
v 0.076576 -0.15992 14.328
v 0.47641 0.32964 13.967
v 0.471 0.41618 14.066
v 0.42256 0.35428 14.172
v 0.39802 0.22948 14.138
v 0.4313 0.21426 14.012
v 0.84705 0.22701 14.077
v 0.84165 0.31355 14.176
v 0.79321 0.25165 14.282
v 0.76867 0.12685 14.248
v 0.80195 0.11163 14.122
v 0.48984 0.28114 14.095
v 0.42903 0.29802 14.131
v 0.38318 0.32975 14.084
v 0.41566 0.33248 14.019
v 0.48158 0.30244 14.026
v 0.33595 -0.076461 14.003
v 0.27514 -0.059578 14.039
v 0.22929 -0.027848 13.993
v 0.26176 -0.02512 13.927
v 0.32769 -0.055165 13.934
v 0.35668 -1.0022 14.162
v 0.28448 -0.94335 14.267
v 0.14895 -0.97943 14.253
v 0.13738 -1.0606 14.138
v 0.26576 -1.0747 14.082
v 0.41962 -1.3276 14.385
v 0.34742 -1.2688 14.491
v 0.21189 -1.3048 14.477
v 0.20032 -1.386 14.362
v 0.3287 -1.4001 14.306
v 0.24294 -1.0578 14.207
v 0.19646 -1.0167 14.212
v 0.20829 -0.96917 14.174
v 0.26207 -0.98091 14.145
v 0.28349 -1.0357 14.165
v 0.04389 -1.2449 13.915
v -0.0025863 -1.2037 13.92
v 0.0092374 -1.1562 13.881
v 0.063021 -1.168 13.852
v 0.084438 -1.2227 13.873
v 0.42548 -0.56513 14.24
v 0.40599 -0.50897 14.23
v 0.43172 -0.48882 14.18
v 0.4671 -0.53254 14.158
v 0.46324 -0.5797 14.195
v 0.11867 -0.70837 14.027
v 0.099189 -0.65221 14.017
v 0.12491 -0.63207 13.967
v 0.16029 -0.67578 13.945
v 0.15644 -0.72294 13.982
v 0.42871 -0.55778 14.23
v 0.41398 -0.51533 14.223
v 0.43342 -0.5001 14.185
v 0.46017 -0.53315 14.168
v 0.45726 -0.5688 14.197
v 0.1219 -0.70103 14.017
v 0.10717 -0.65857 14.01
v 0.12662 -0.64335 13.972
v 0.15336 -0.67639 13.955
v 0.15045 -0.71204 13.984
v -0.12848 1.2376 14.035
v -0.22815 1.3568 13.908
v -0.41757 1.2908 13.896
v -0.43495 1.1309 14.017
v -0.25628 1.098 14.102
v -0.23019 1.4771 14.339
v -0.32987 1.5963 14.212
v -0.51928 1.5303 14.2
v -0.53666 1.3704 14.32
v -0.35799 1.3375 14.406
v -0.29964 1.1888 13.938
v -0.32746 1.2578 13.95
v -0.30778 1.2785 14.02
v -0.26779 1.2222 14.051
v -0.26276 1.1668 14
v 0.037175 1.3507 13.795
v 0.0093558 1.4197 13.808
v 0.029036 1.4404 13.877
v 0.069019 1.3841 13.908
v 0.074048 1.3287 13.857
v -0.42238 0.74904 13.954
v -0.47765 0.82525 13.954
v -0.53118 0.82221 13.877
v -0.509 0.74412 13.829
v -0.44176 0.6989 13.877
v -0.70227 0.5465 14.156
v -0.75753 0.62272 14.156
v -0.81107 0.61968 14.078
v -0.78889 0.54158 14.031
v -0.72165 0.49636 14.079
v -0.45434 0.7602 13.921
v -0.47691 0.79131 13.921
v -0.49876 0.79007 13.89
v -0.48971 0.75819 13.87
v -0.46226 0.73973 13.89
v -0.73423 0.55767 14.123
v -0.75679 0.58878 14.123
v -0.77865 0.58754 14.091
v -0.76959 0.55566 14.072
v -0.74214 0.5372 14.091
v -0.17447 0.60712 13.424
v -0.20918 0.66288 13.427
v -0.18991 0.69639 13.48
v -0.14329 0.66135 13.51
v -0.13374 0.60618 13.476
v 0.10576 0.79155 13.206
v 0.071049 0.84731 13.209
v 0.090317 0.88082 13.262
v 0.13694 0.84578 13.292
v 0.14648 0.79061 13.258
v -0.46547 0.14098 13.226
v -0.48198 0.1805 13.236
v -0.48339 0.18379 13.28
v -0.46775 0.1463 13.297
v -0.45668 0.11984 13.264
v -0.096353 0.29508 13.227
v -0.11286 0.3346 13.237
v -0.11426 0.33789 13.281
v -0.098627 0.3004 13.298
v -0.087556 0.27395 13.264
v -0.46547 0.14098 13.226
v -0.48198 0.1805 13.236
v -0.48339 0.18379 13.28
v -0.46775 0.1463 13.297
v -0.45668 0.11984 13.264
v -0.096353 0.29508 13.227
v -0.11286 0.3346 13.237
v -0.11426 0.33789 13.281
v -0.098627 0.3004 13.298
v -0.087556 0.27395 13.264
v -0.46684 0.14422 13.235
v -0.47931 0.1741 13.242
v -0.48038 0.17658 13.276
v -0.46856 0.14825 13.288
v -0.46019 0.12825 13.263
v -0.097714 0.29833 13.235
v -0.11019 0.3282 13.243
v -0.11125 0.33069 13.276
v -0.099433 0.30235 13.289
v -0.091065 0.28235 13.263
v -0.96816 -1.1355 13.701
v -1.064 -1.0394 13.764
v -1.1981 -1.0608 13.701
v -1.1851 -1.1702 13.6
v -1.043 -1.2163 13.6
v -1.056 -1.4059 13.983
v -1.1518 -1.3098 14.045
v -1.2859 -1.3312 13.983
v -1.2729 -1.4406 13.882
v -1.1308 -1.4867 13.882
v -1.0344 -1.1546 13.684
v -1.1026 -1.1742 13.715
v -1.1557 -1.1251 13.688
v -1.1203 -1.0751 13.641
v -1.0453 -1.0933 13.639
v -1.1022 -1.3978 13.374
v -1.1704 -1.4174 13.404
v -1.2234 -1.3682 13.378
v -1.188 -1.3183 13.331
v -1.1131 -1.3365 13.329
v -0.81886 -0.025685 12.76
v -0.82704 -0.015557 12.787
v -0.85285 -0.028563 12.794
v -0.86062 -0.04673 12.772
v -0.83962 -0.044952 12.751
v -0.61882 -0.32512 12.934
v -0.627 -0.31499 12.961
v -0.65281 -0.328 12.968
v -0.66058 -0.34616 12.946
v -0.63958 -0.34439 12.925
v -0.81886 -0.025685 12.76
v -0.82704 -0.015557 12.787
v -0.85285 -0.028563 12.794
v -0.86062 -0.04673 12.772
v -0.83962 -0.044952 12.751
v -0.61882 -0.32512 12.934
v -0.627 -0.31499 12.961
v -0.65281 -0.328 12.968
v -0.66058 -0.34616 12.946
v -0.63958 -0.34439 12.925
v -0.81886 -0.025685 12.76
v -0.82704 -0.015557 12.787
v -0.85285 -0.028563 12.794
v -0.86062 -0.04673 12.772
v -0.83962 -0.044952 12.751
v -0.61882 -0.32512 12.934
v -0.627 -0.31499 12.961
v -0.65281 -0.328 12.968
v -0.66058 -0.34616 12.946
v -0.63958 -0.34439 12.925
v -0.81886 -0.025685 12.76
v -0.82704 -0.015557 12.787
v -0.85285 -0.028563 12.794
v -0.86062 -0.04673 12.772
v -0.83962 -0.044952 12.751
v -0.61882 -0.32512 12.934
v -0.627 -0.31499 12.961
v -0.65281 -0.328 12.968
v -0.66058 -0.34616 12.946
v -0.63958 -0.34439 12.925
v -0.81857 -0.025592 12.76
v -0.82686 -0.015319 12.787
v -0.85303 -0.02851 12.794
v -0.86092 -0.046935 12.772
v -0.83961 -0.045131 12.75
v -0.61853 -0.32503 12.934
v -0.62682 -0.31475 12.961
v -0.65299 -0.32794 12.968
v -0.66087 -0.34637 12.946
v -0.63957 -0.34456 12.924
v -0.81857 -0.025592 12.76
v -0.82686 -0.015319 12.787
v -0.85303 -0.02851 12.794
v -0.86092 -0.046935 12.772
v -0.83961 -0.045131 12.75
v -0.61853 -0.32503 12.934
v -0.62682 -0.31475 12.961
v -0.65299 -0.32794 12.968
v -0.66087 -0.34637 12.946
v -0.63957 -0.34456 12.924
v -0.81528 -0.024554 12.758
v -0.82486 -0.012693 12.789
v -0.85508 -0.027925 12.798
v -0.86418 -0.0492 12.772
v -0.83959 -0.047116 12.747
v -0.61524 -0.32399 12.932
v -0.62482 -0.31213 12.963
v -0.65504 -0.32736 12.972
v -0.66414 -0.34863 12.946
v -0.63955 -0.34655 12.921
v 2.035 0.12331 13.591
v 1.9589 0.24923 13.623
v 1.8568 0.21625 13.728
v 1.8696 0.069951 13.761
v 1.9797 0.012515 13.676
v 2.3012 0.21126 13.876
v 2.2251 0.33717 13.908
v 2.123 0.30419 14.013
v 2.1358 0.15789 14.047
v 2.246 0.10046 13.962
v 1.7091 0.39489 13.239
v 1.6691 0.39568 13.189
v 1.61 0.39934 13.212
v 1.6134 0.40082 13.275
v 1.6746 0.39807 13.292
v 1.7298 0.79422 13.228
v 1.6899 0.79501 13.179
v 1.6307 0.79867 13.202
v 1.6341 0.80014 13.265
v 1.6953 0.7974 13.281
v 1.6254 -0.34565 13.242
v 1.5884 -0.28424 13.207
v 1.5228 -0.31187 13.172
v 1.5192 -0.39035 13.184
v 1.5826 -0.41122 13.228
v 1.4174 -0.28251 13.577
v 1.3804 -0.22111 13.543
v 1.3148 -0.24873 13.508
v 1.3112 -0.32721 13.52
v 1.3747 -0.34809 13.563
v 1.5901 -0.33544 13.228
v 1.5872 -0.327 13.189
v 1.5573 -0.3485 13.174
v 1.5417 -0.37023 13.204
v 1.562 -0.36215 13.237
v 1.3349 -0.03907 13.312
v 1.332 -0.030635 13.273
v 1.3021 -0.052136 13.258
v 1.2865 -0.073859 13.288
v 1.3068 -0.065784 13.321
v 1.5912 -0.33483 13.229
v 1.5881 -0.32601 13.189
v 1.5568 -0.3485 13.173
v 1.5406 -0.37121 13.204
v 1.5618 -0.36277 13.238
v 1.3359 -0.038463 13.313
v 1.3329 -0.029642 13.272
v 1.3016 -0.052128 13.257
v 1.2853 -0.074847 13.287
v 1.3065 -0.066402 13.322
v 1.5912 -0.33483 13.229
v 1.5881 -0.32601 13.189
v 1.5568 -0.3485 13.173
v 1.5406 -0.37121 13.204
v 1.5618 -0.36277 13.238
v 1.3359 -0.038463 13.313
v 1.3329 -0.029642 13.272
v 1.3016 -0.052128 13.257
v 1.2853 -0.074847 13.287
v 1.3065 -0.066402 13.322
v 0.77962 -0.26309 12.612
v 0.80857 -0.23204 12.559
v 0.81097 -0.27618 12.507
v 0.78351 -0.33451 12.528
v 0.76414 -0.32642 12.593
v 0.42013 -0.1386 12.488
v 0.44908 -0.10755 12.435
v 0.45149 -0.15169 12.384
v 0.42403 -0.21002 12.405
v 0.40465 -0.20193 12.469
v 0.78538 -0.27691 12.581
v 0.7972 -0.26424 12.559
v 0.79818 -0.28226 12.538
v 0.78697 -0.30607 12.547
v 0.77906 -0.30277 12.573
v 0.4259 -0.15242 12.457
v 0.43772 -0.13974 12.436
v 0.4387 -0.15776 12.415
v 0.42749 -0.18158 12.423
v 0.41958 -0.17828 12.45
v -0.38184 -1.4562 12.997
v -0.39825 -1.4498 13.033
v -0.43674 -1.4609 13.032
v -0.44412 -1.4742 12.995
v -0.41019 -1.4713 12.973
v -0.28004 -1.8264 13.11
v -0.29645 -1.82 13.146
v -0.33493 -1.8311 13.144
v -0.34231 -1.8444 13.107
v -0.30838 -1.8415 13.086
v -0.76537 -1.1629 12.601
v -0.80744 -1.1966 12.544
v -0.88316 -1.1893 12.562
v -0.88788 -1.1511 12.631
v -0.81508 -1.1348 12.654
v -0.77949 -0.81457 12.405
v -0.82157 -0.84822 12.348
v -0.89728 -0.84092 12.366
v -0.902 -0.80274 12.435
v -0.82921 -0.78646 12.458
v -0.81078 -1.1657 12.599
v -0.82409 -1.1763 12.581
v -0.84803 -1.174 12.587
v -0.84952 -1.1619 12.609
v -0.8265 -1.1568 12.616
v -0.82491 -0.81731 12.403
v -0.83821 -0.82795 12.385
v -0.86215 -0.82564 12.391
v -0.86365 -0.81357 12.413
v -0.84063 -0.80842 12.42
v -0.8546 -1.233 12.406
v -0.90085 -1.23 12.358
v -0.95972 -1.2196 12.387
v -0.94987 -1.2161 12.453
v -0.8849 -1.2244 12.465
v -0.79893 -0.83797 12.377
v -0.84518 -0.83497 12.329
v -0.90405 -0.82453 12.358
v -0.89419 -0.82107 12.424
v -0.82922 -0.82938 12.435
v -0.88905 -1.2278 12.411
v -0.90653 -1.2267 12.393
v -0.92879 -1.2227 12.404
v -0.92506 -1.2214 12.429
v -0.9005 -1.2245 12.433
v -0.83338 -0.83275 12.382
v -0.85086 -0.83162 12.364
v -0.87311 -0.82767 12.375
v -0.86939 -0.82637 12.4
v -0.84483 -0.82951 12.404
v -0.13279 -0.80396 12.093
v -0.14942 -0.8186 12.07
v -0.18083 -0.81628 12.077
v -0.18361 -0.80021 12.105
v -0.15392 -0.7926 12.115
v -0.15264 -0.45876 11.892
v -0.16927 -0.4734 11.869
v -0.20068 -0.47108 11.876
v -0.20346 -0.45501 11.904
v -0.17377 -0.4474 11.914
v -0.13279 -0.80396 12.093
v -0.14942 -0.8186 12.07
v -0.18083 -0.81628 12.077
v -0.18361 -0.80021 12.105
v -0.15392 -0.7926 12.115
v -0.15264 -0.45876 11.892
v -0.16927 -0.4734 11.869
v -0.20068 -0.47108 11.876
v -0.20346 -0.45501 11.904
v -0.17377 -0.4474 11.914
v -0.13279 -0.80396 12.093
v -0.14942 -0.8186 12.07
v -0.18083 -0.81628 12.077
v -0.18361 -0.80021 12.105
v -0.15392 -0.7926 12.115
v -0.15264 -0.45876 11.892
v -0.16927 -0.4734 11.869
v -0.20068 -0.47108 11.876
v -0.20346 -0.45501 11.904
v -0.17377 -0.4474 11.914
v -0.13279 -0.80396 12.093
v -0.14942 -0.8186 12.07
v -0.18083 -0.81628 12.077
v -0.18361 -0.80021 12.105
v -0.15392 -0.7926 12.115
v -0.15264 -0.45876 11.892
v -0.16927 -0.4734 11.869
v -0.20068 -0.47108 11.876
v -0.20346 -0.45501 11.904
v -0.17377 -0.4474 11.914
v -0.13183 -0.80388 12.093
v -0.14904 -0.81903 12.069
v -0.18156 -0.81663 12.076
v -0.18443 -0.79999 12.105
v -0.1537 -0.79212 12.116
v -0.15168 -0.45868 11.892
v -0.16889 -0.47383 11.868
v -0.20141 -0.47143 11.875
v -0.20429 -0.45479 11.904
v -0.17355 -0.44691 11.915
v -0.13183 -0.80388 12.093
v -0.14904 -0.81903 12.069
v -0.18156 -0.81663 12.076
v -0.18443 -0.79999 12.105
v -0.1537 -0.79212 12.116
v -0.15168 -0.45868 11.892
v -0.16889 -0.47383 11.868
v -0.20141 -0.47143 11.875
v -0.20429 -0.45479 11.904
v -0.17355 -0.44691 11.915
v -1.3816 1.3256 12.565
v -1.422 1.3807 12.54
v -1.4905 1.3572 12.534
v -1.4926 1.2876 12.555
v -1.4253 1.2681 12.574
v -1.457 1.4424 12.94
v -1.4973 1.4975 12.915
v -1.5659 1.474 12.909
v -1.5679 1.4045 12.93
v -1.5006 1.3849 12.949
v -1.0423 0.96817 12.135
v -1.0447 0.99118 12.061
v -1.0974 0.94699 12.023
v -1.1275 0.89666 12.075
v -1.0934 0.90975 12.144
v -1.3283 1.2326 12.226
v -1.3307 1.2556 12.151
v -1.3834 1.2115 12.114
v -1.4135 1.1611 12.166
v -1.3794 1.1742 12.235
v -1.0688 0.95065 12.103
v -1.0696 0.95793 12.079
v -1.0862 0.94395 12.067
v -1.0957 0.92804 12.084
v -1.085 0.93218 12.106
v -1.3548 1.2151 12.194
v -1.3556 1.2224 12.17
v -1.3722 1.2084 12.158
v -1.3817 1.1925 12.175
v -1.371 1.1966 12.196
v -2.4824 0.37183 13.443
v -2.5399 0.47542 13.376
v -2.6463 0.4262 13.306
v -2.6545 0.29219 13.33
v -2.5532 0.25858 13.415
v -2.7214 0.44357 13.756
v -2.7789 0.54717 13.688
v -2.8852 0.49795 13.618
v -2.8934 0.36393 13.643
v -2.7922 0.33033 13.728
v -2.6222 0.23715 12.809
v -2.643 0.28231 12.83
v -2.6715 0.26886 12.874
v -2.6683 0.21539 12.88
v -2.6378 0.19579 12.84
v -2.2958 0.28318 13.036
v -2.3167 0.32835 13.057
v -2.3452 0.3149 13.101
v -2.342 0.26142 13.107
v -2.3115 0.24182 13.067
v -2.6368 0.23867 12.83
v -2.6461 0.25887 12.84
v -2.6588 0.25285 12.859
v -2.6574 0.22894 12.862
v -2.6438 0.22017 12.844
v -2.3104 0.2847 13.057
v -2.3197 0.3049 13.066
v -2.3325 0.29889 13.086
v -2.331 0.27497 13.089
v -2.3174 0.26621 13.071
v -2.0176 0.23729 12.766
v -2.0352 0.27141 12.785
v -2.0657 0.25703 12.812
v -2.0668 0.21401 12.809
v -2.0371 0.20181 12.781
v -1.7459 0.21012 13.058
v -1.7635 0.24425 13.078
v -1.794 0.22986 13.105
v -1.7951 0.18684 13.102
v -1.7654 0.17464 13.073
v -2.0176 0.23729 12.766
v -2.0352 0.27141 12.785
v -2.0657 0.25703 12.812
v -2.0668 0.21401 12.809
v -2.0371 0.20181 12.781
v -1.7459 0.21012 13.058
v -1.7635 0.24425 13.078
v -1.794 0.22986 13.105
v -1.7951 0.18684 13.102
v -1.7654 0.17464 13.073
v -2.0166 0.23732 12.765
v -2.0349 0.27265 12.785
v -2.0664 0.25775 12.813
v -2.0676 0.21323 12.81
v -2.0368 0.2006 12.78
v -1.7449 0.21016 13.057
v -1.7632 0.24548 13.077
v -1.7947 0.23059 13.105
v -1.7959 0.18606 13.102
v -1.7651 0.17343 13.073
v -2.0284 0.23689 12.776
v -2.039 0.25729 12.787
v -2.0572 0.24869 12.804
v -2.0578 0.22298 12.802
v -2.0401 0.21569 12.785
v -1.7567 0.20973 13.068
v -1.7673 0.23012 13.08
v -1.7855 0.22153 13.096
v -1.7861 0.19582 13.094
v -1.7684 0.18853 13.077
v -2.623 -0.61962 11.834
v -2.6535 -0.55913 11.822
v -2.6643 -0.55421 11.754
v -2.6405 -0.61167 11.724
v -2.6149 -0.65209 11.774
v -2.9814 -0.79139 11.879
v -3.012 -0.7309 11.867
v -3.0228 -0.72598 11.799
v -2.999 -0.78343 11.769
v -2.9734 -0.82386 11.819
v -2.5753 -0.58575 11.778
v -2.6066 -0.64758 11.812
v -2.683 -0.64275 11.804
v -2.699 -0.57794 11.765
v -2.6324 -0.54271 11.75
v -2.5528 -0.78518 11.432
v -2.5841 -0.84701 11.466
v -2.6605 -0.84218 11.458
v -2.6765 -0.77737 11.419
v -2.6099 -0.74214 11.404
v -1.2189 -0.42218 11.905
v -1.2679 -0.40268 11.859
v -1.3279 -0.39614 11.894
v -1.316 -0.41159 11.961
v -1.2486 -0.42768 11.967
v -1.1345 -0.038227 11.979
v -1.1834 -0.018732 11.933
v -1.2434 -0.012188 11.968
v -1.2315 -0.027639 12.035
v -1.1642 -0.043731 12.041
v 3.2093 -0.9475 12.479
v 3.1699 -0.86358 12.539
v 3.095 -0.90367 12.609
v 3.0881 -1.0124 12.593
v 3.1588 -1.0395 12.513
v 3.4958 -1.0059 12.752
v 3.4563 -0.92194 12.812
v 3.3814 -0.96203 12.882
v 3.3746 -1.0707 12.866
v 3.4453 -1.0978 12.786
v 2.3294 -1.4746 12.103
v 2.2617 -1.4433 12.176
v 2.167 -1.4446 12.133
v 2.1761 -1.4767 12.035
v 2.2764 -1.4952 12.017
v 2.2813 -1.8533 12.223
v 2.2137 -1.822 12.295
v 2.119 -1.8233 12.253
v 2.128 -1.8554 12.155
v 2.2284 -1.874 12.136
v 2.2398 -1.4656 12.112
v 2.2426 -1.4478 12.098
v 2.2447 -1.4563 12.076
v 2.2433 -1.4794 12.078
v 2.2402 -1.4852 12.1
v 1.8434 -1.4434 12.064
v 1.8462 -1.4255 12.049
v 1.8483 -1.434 12.028
v 1.8469 -1.4571 12.029
v 1.8438 -1.4629 12.051
v 3.1955 -0.12273 11.263
v 3.1336 -0.040181 11.261
v 3.1358 0.0026177 11.355
v 3.199 -0.05348 11.414
v 3.2359 -0.13095 11.357
v 3.5036 0.10662 11.151
v 3.4417 0.18917 11.15
v 3.4439 0.23196 11.243
v 3.5071 0.17587 11.303
v 3.544 0.098398 11.245
v 3.2258 -0.037475 11.302
v 3.2241 -0.058043 11.372
v 3.1615 -0.093676 11.384
v 3.1245 -0.095131 11.321
v 3.1642 -0.060397 11.271
v 3.4041 -0.38213 11.205
v 3.4024 -0.4027 11.275
v 3.3398 -0.43834 11.287
v 3.3028 -0.43979 11.224
v 3.3425 -0.40506 11.174
v 0.72716 -0.25933 10.681
v 0.68862 -0.25608 10.619
v 0.61856 -0.26292 10.637
v 0.61379 -0.2704 10.708
v 0.68091 -0.26818 10.736
v 0.69804 0.13766 10.72
v 0.65951 0.14092 10.659
v 0.58944 0.13407 10.676
v 0.58467 0.12659 10.748
v 0.65179 0.12881 10.775
v -0.2579 -0.35421 10.636
v -0.24327 -0.33382 10.673
v -0.24879 -0.36283 10.708
v -0.26684 -0.40114 10.691
v -0.27247 -0.39582 10.647
v 0.10923 -0.49977 10.572
v 0.12387 -0.47938 10.61
v 0.11834 -0.50839 10.645
v 0.10029 -0.54671 10.628
v 0.094658 -0.54138 10.583
v -0.19772 -0.34288 10.645
v -0.21389 -0.35873 10.725
v -0.29082 -0.38956 10.73
v -0.32219 -0.39275 10.653
v -0.26465 -0.3639 10.601
v -0.052291 -0.71289 10.601
v -0.068459 -0.72875 10.681
v -0.14538 -0.75957 10.686
v -0.17676 -0.76277 10.609
v -0.11922 -0.73392 10.557
v 0.44989 3.2541 13.061
v 0.3742 3.3374 12.997
v 0.25073 3.3049 13.019
v 0.25011 3.2014 13.098
v 0.3732 3.17 13.124
v 0.44419 3.4952 13.381
v 0.3685 3.5785 13.316
v 0.24502 3.546 13.339
v 0.2444 3.4425 13.417
v 0.36749 3.4112 13.443
v 0.52922 3.4629 12.093
v 0.4831 3.4425 11.984
v 0.36654 3.4198 11.997
v 0.34063 3.4262 12.114
v 0.44117 3.4528 12.173
v 0.44896 3.8528 12.053
v 0.40284 3.8323 11.945
v 0.28628 3.8097 11.958
v 0.26037 3.8161 12.075
v 0.36091 3.8427 12.133
v 0.4325 3.487 12.112
v 0.47619 3.4792 12.056
v 0.45899 3.4184 12.023
v 0.40467 3.3885 12.058
v 0.38831 3.431 12.113
v 0.1729 3.6858 11.881
v 0.21658 3.678 11.825
v 0.19939 3.6171 11.792
v 0.14507 3.5873 11.828
v 0.1287 3.6297 11.883
v 0.64673 2.0383 12.906
v 0.63255 2.1009 13.012
v 0.55425 2.0367 13.084
v 0.52003 1.9345 13.023
v 0.57719 1.9355 12.912
v 0.95549 1.8392 13.064
v 0.94132 1.9018 13.171
v 0.86301 1.8376 13.243
v 0.8288 1.7354 13.181
v 0.88596 1.7364 13.07
v 0.6049 2.0109 12.983
v 0.59358 2.0229 12.999
v 0.57199 2.0159 12.999
v 0.56997 1.9996 12.983
v 0.59031 1.9965 12.974
v 0.69251 1.7352 13.26
v 0.68119 1.7472 13.275
v 0.65959 1.7402 13.275
v 0.65757 1.7239 13.259
v 0.67791 1.7208 13.25
v 0.32971 2.3639 13.081
v 0.29742 2.4168 13.045
v 0.23698 2.3907 13.017
v 0.23192 2.3216 13.036
v 0.28923 2.3051 13.075
v 0.13006 2.4674 13.412
v 0.097769 2.5203 13.376
v 0.037331 2.4941 13.348
v 0.032267 2.425 13.366
v 0.089576 2.4085 13.406
v -0.41545 2.7124 11.99
v -0.42593 2.7429 12.041
v -0.46799 2.713 12.073
v -0.48349 2.664 12.041
v -0.45102 2.6636 11.99
v -0.12895 2.5028 12.175
v -0.13943 2.5334 12.226
v -0.18149 2.5035 12.257
v -0.19699 2.4545 12.225
v -0.16452 2.454 12.174
v -0.43517 2.7046 12.012
v -0.43945 2.717 12.033
v -0.45662 2.7048 12.046
v -0.46295 2.6848 12.033
v -0.44969 2.6846 12.012
v -0.14867 2.495 12.196
v -0.15295 2.5075 12.217
v -0.17012 2.4953 12.23
v -0.17645 2.4753 12.217
v -0.16319 2.4751 12.196
v -0.43319 2.7053 12.01
v -0.43809 2.7196 12.034
v -0.45776 2.7056 12.048
v -0.46501 2.6827 12.033
v -0.44983 2.6825 12.01
v -0.14669 2.4958 12.194
v -0.15159 2.5101 12.218
v -0.17126 2.4961 12.233
v -0.17851 2.4732 12.218
v -0.16332 2.473 12.194
v -0.43319 2.7053 12.01
v -0.43809 2.7196 12.034
v -0.45776 2.7056 12.048
v -0.46501 2.6827 12.033
v -0.44983 2.6825 12.01
v -0.14669 2.4958 12.194
v -0.15159 2.5101 12.218
v -0.17126 2.4961 12.233
v -0.17851 2.4732 12.218
v -0.16332 2.473 12.194
v 2.8869 2.4553 10.999
v 2.8248 2.5284 10.981
v 2.7466 2.5167 11.038
v 2.7603 2.4363 11.092
v 2.8471 2.3984 11.068
v 3.0621 2.6756 11.284
v 3 2.7487 11.265
v 2.9218 2.737 11.323
v 2.9356 2.6566 11.376
v 3.0223 2.6187 11.352
v 1.9261 1.9281 10.169
v 1.9095 1.9464 10.15
v 1.8794 1.937 10.151
v 1.8774 1.9129 10.171
v 1.9062 1.9074 10.182
v 1.8568 2.1847 10.468
v 1.8402 2.203 10.449
v 1.8101 2.1937 10.45
v 1.8081 2.1696 10.47
v 1.8369 2.164 10.481
v 1.9261 1.9281 10.169
v 1.9095 1.9464 10.15
v 1.8794 1.937 10.151
v 1.8774 1.9129 10.171
v 1.9062 1.9074 10.182
v 1.8568 2.1847 10.468
v 1.8402 2.203 10.449
v 1.8101 2.1937 10.45
v 1.8081 2.1696 10.47
v 1.8369 2.164 10.481
v 1.9261 1.9281 10.169
v 1.9095 1.9464 10.15
v 1.8794 1.937 10.151
v 1.8774 1.9129 10.171
v 1.9062 1.9074 10.182
v 1.8568 2.1847 10.468
v 1.8402 2.203 10.449
v 1.8101 2.1937 10.45
v 1.8081 2.1696 10.47
v 1.8369 2.164 10.481
v 1.9261 1.9281 10.169
v 1.9095 1.9464 10.15
v 1.8794 1.937 10.151
v 1.8774 1.9129 10.171
v 1.9062 1.9074 10.182
v 1.8568 2.1847 10.468
v 1.8402 2.203 10.449
v 1.8101 2.1937 10.45
v 1.8081 2.1696 10.47
v 1.8369 2.164 10.481
v 1.927 1.9281 10.169
v 1.9098 1.9471 10.149
v 1.8787 1.9374 10.15
v 1.8766 1.9125 10.171
v 1.9065 1.9067 10.183
v 1.8577 2.1848 10.468
v 1.8405 2.2037 10.448
v 1.8094 2.194 10.449
v 1.8073 2.1691 10.47
v 1.8372 2.1634 10.482
v 1.927 1.9281 10.169
v 1.9098 1.9471 10.149
v 1.8787 1.9374 10.15
v 1.8766 1.9125 10.171
v 1.9065 1.9067 10.183
v 1.8577 2.1848 10.468
v 1.8405 2.2037 10.448
v 1.8094 2.194 10.449
v 1.8073 2.1691 10.47
v 1.8372 2.1634 10.482
v 1.1988 2.7098 10.325
v 1.193 2.6989 10.278
v 1.1496 2.6783 10.273
v 1.1286 2.6765 10.317
v 1.159 2.6959 10.349
v 1.036 3.0695 10.261
v 1.0302 3.0586 10.215
v 0.9868 3.038 10.209
v 0.96575 3.0362 10.253
v 0.99614 3.0557 10.285
v 1.1988 2.7098 10.325
v 1.193 2.6989 10.278
v 1.1496 2.6783 10.273
v 1.1286 2.6765 10.317
v 1.159 2.6959 10.349
v 1.036 3.0695 10.261
v 1.0302 3.0586 10.215
v 0.9868 3.038 10.209
v 0.96575 3.0362 10.253
v 0.99614 3.0557 10.285
v -2.0266 -2.8761 12.96
v -2.092 -2.7885 12.965
v -2.1863 -2.8135 12.915
v -2.1791 -2.9165 12.879
v -2.0804 -2.9552 12.906
v -2.1748 -3.0087 13.307
v -2.2402 -2.921 13.312
v -2.3345 -2.946 13.262
v -2.3273 -3.0491 13.226
v -2.2286 -3.0878 13.254
v -0.74635 -3.6281 11.484
v -0.7694 -3.6171 11.518
v -0.80999 -3.6237 11.508
v -0.81202 -3.6389 11.469
v -0.77269 -3.6416 11.454
v -0.71829 -4.0008 11.627
v -0.74135 -3.9898 11.66
v -0.78193 -3.9964 11.651
v -0.78396 -4.0116 11.612
v -0.74463 -4.0143 11.597
v -0.73515 -2.9482 11.097
v -0.77803 -2.8888 11.08
v -0.84901 -2.9127 11.073
v -0.85001 -2.9868 11.086
v -0.77964 -3.0088 11.101
v -0.79675 -2.8806 11.487
v -0.83963 -2.8213 11.47
v -0.91062 -2.8451 11.463
v -0.91161 -2.9192 11.475
v -0.84124 -2.9412 11.49
v -0.81305 -2.2723 10.693
v -0.83835 -2.2368 10.696
v -0.87877 -2.2499 10.707
v -0.87845 -2.2936 10.71
v -0.83783 -2.3074 10.701
v -0.72266 -2.2464 11.082
v -0.74796 -2.2109 11.085
v -0.78838 -2.2241 11.095
v -0.78805 -2.2678 11.098
v -0.74744 -2.2816 11.09
v 0.68235 -2.7436 12.285
v 0.63919 -2.6973 12.365
v 0.54429 -2.7332 12.375
v 0.5288 -2.8018 12.301
v 0.61413 -2.8082 12.246
v 0.81683 -3.0333 12.526
v 0.77367 -2.9869 12.606
v 0.67877 -3.0228 12.616
v 0.66329 -3.0914 12.542
v 0.74861 -3.0978 12.487
v -3.242 2.3013 12.67
v -3.2789 2.356 12.603
v -3.3609 2.319 12.578
v -3.3746 2.2414 12.628
v -3.3011 2.2305 12.685
v -3.4274 2.5173 12.951
v -3.4643 2.5719 12.885
v -3.5463 2.5349 12.859
v -3.56 2.4574 12.909
v -3.4865 2.4465 12.966
v -1.9221 1.9405 11.602
v -1.954 1.9801 11.599
v -1.972 1.9893 11.646
v -1.9512 1.9555 11.678
v -1.9204 1.9253 11.651
v -1.6175 2.1907 11.67
v -1.6494 2.2303 11.667
v -1.6674 2.2396 11.713
v -1.6466 2.2057 11.745
v -1.6158 2.1755 11.718
v -1.9261 1.9437 11.608
v -1.9521 1.9761 11.606
v -1.9668 1.9836 11.644
v -1.9499 1.9559 11.67
v -1.9247 1.9313 11.648
v -1.6215 2.194 11.676
v -1.6475 2.2263 11.673
v -1.6622 2.2339 11.711
v -1.6453 2.2062 11.738
v -1.6201 2.1815 11.715
v 0.34661 -0.080742 15.205
v 0.14853 0.19195 15.202
v -0.17196 0.087798 15.195
v -0.17195 -0.24926 15.194
v 0.14854 -0.35342 15.2
v 0.3381 -0.081636 15.605
v 0.14002 0.19105 15.601
v -0.18047 0.086904 15.594
v -0.18046 -0.25015 15.594
v 0.14003 -0.35432 15.6
v 0.15607 -0.094522 15.197
v 0.076542 -0.17066 15.166
v -0.025906 -0.12252 15.181
v -0.0096987 -0.016639 15.221
v 0.10277 0.0006673 15.23
v 0.16626 0.043961 14.821
v 0.086741 -0.032176 14.791
v -0.015707 0.015958 14.806
v 0.00050008 0.12184 14.846
v 0.11296 0.13915 14.855
v 0.2445 0.29885 14.83
v 0.1519 0.34152 14.914
v 0.037635 0.35107 14.848
v 0.059621 0.3143 14.723
v 0.18747 0.28203 14.712
v 0.15744 -0.079609 14.926
v 0.064832 -0.036937 15.01
v -0.049429 -0.02739 14.944
v -0.027443 -0.064162 14.819
v 0.10041 -0.096435 14.807
v 0.17876 0.29314 14.847
v 0.12615 0.34471 14.862
v 0.087463 0.35875 14.799
v 0.11616 0.31586 14.744
v 0.17259 0.27531 14.774
v -0.078872 0.0016468 14.94
v -0.13148 0.05322 14.956
v -0.17017 0.067259 14.892
v -0.14147 0.024362 14.837
v -0.085045 -0.016189 14.867
v -0.065471 0.0039462 14.606
v -0.13484 0.13507 14.523
v -0.26067 0.075115 14.426
v -0.26907 -0.093063 14.449
v -0.14843 -0.13705 14.56
v -0.32348 0.057638 14.907
v -0.39285 0.18876 14.824
v -0.51868 0.12881 14.727
v -0.52708 -0.039372 14.75
v -0.40644 -0.083356 14.861
v -0.10315 -0.0084822 14.499
v -0.15831 0.047603 14.462
v -0.2375 0.033486 14.495
v -0.23129 -0.031324 14.553
v -0.14825 -0.057261 14.555
v -0.028903 0.25694 14.789
v -0.084062 0.31303 14.752
v -0.16326 0.29891 14.785
v -0.15704 0.2341 14.843
v -0.074007 0.20816 14.845
v 0.098249 -0.050589 14.398
v 0.12608 -0.097608 14.354
v 0.077852 -0.1474 14.342
v 0.02022 -0.13115 14.379
v 0.032826 -0.07132 14.414
v -0.041455 0.1593 14.088
v -0.013627 0.11229 14.043
v -0.061852 0.062495 14.031
v -0.11948 0.078742 14.068
v -0.10688 0.13857 14.103
v 0.10811 -0.069391 14.392
v 0.11124 -0.10951 14.349
v 0.058822 -0.13595 14.345
v 0.023293 -0.11218 14.386
v 0.053756 -0.071038 14.415
v -0.010092 0.20551 14.127
v -0.0069611 0.16539 14.084
v -0.059381 0.13895 14.08
v -0.09491 0.16273 14.12
v -0.064447 0.20386 14.149
v 0.8564 0.17072 14.106
v 0.791 0.26067 14.106
v 0.75256 0.27526 14.21
v 0.7942 0.19433 14.273
v 0.85837 0.12971 14.21
v 1.1725 0.40057 14.191
v 1.1071 0.49052 14.191
v 1.0687 0.50511 14.295
v 1.1103 0.42418 14.359
v 1.1745 0.35957 14.295
v 0.82798 0.19545 14.125
v 0.80574 0.25718 14.15
v 0.79008 0.24837 14.218
v 0.80265 0.1812 14.235
v 0.82607 0.1485 14.177
v 1.2038 0.29026 14.224
v 1.1816 0.35199 14.249
v 1.1659 0.34317 14.317
v 1.1785 0.276 14.334
v 1.2019 0.2433 14.276
v 0.3315 -0.063315 13.959
v 0.28627 -0.036076 13.929
v 0.24061 -0.026469 13.968
v 0.25764 -0.04777 14.023
v 0.31381 -0.070542 14.017
v 0.4854 0.29429 14.051
v 0.44016 0.32153 14.021
v 0.39451 0.33113 14.06
v 0.41153 0.30983 14.114
v 0.4677 0.28706 14.109
v 0.31578 -0.058314 13.966
v 0.28616 -0.040482 13.946
v 0.25628 -0.034193 13.972
v 0.26742 -0.048138 14.008
v 0.30419 -0.063046 14.004
v 0.46967 0.29929 14.058
v 0.44005 0.31712 14.038
v 0.41017 0.32341 14.064
v 0.42131 0.30947 14.099
v 0.45809 0.29456 14.096
v 0.40011 -1.3275 14.379
v 0.34154 -1.2636 14.462
v 0.22776 -1.3018 14.465
v 0.21601 -1.3893 14.384
v 0.32253 -1.4051 14.331
v 0.49785 -1.5987 14.657
v 0.43928 -1.5349 14.74
v 0.3255 -1.573 14.743
v 0.31376 -1.6605 14.661
v 0.42027 -1.6763 14.608
v 0.35325 -1.368 14.386
v 0.28852 -1.366 14.35
v 0.24185 -1.3246 14.389
v 0.27774 -1.301 14.45
v 0.34659 -1.3278 14.447
v 0.47302 -1.0424 14.186
v 0.40829 -1.0404 14.151
v 0.36162 -0.99902 14.19
v 0.3975 -0.97541 14.25
v 0.46635 -1.0022 14.248
v 0.043853 -1.2416 13.912
v 0.00053706 -1.2038 13.917
v 0.011205 -1.1596 13.882
v 0.061114 -1.1699 13.855
v 0.081292 -1.2206 13.874
v -0.15342 -1.4285 13.619
v -0.19674 -1.3908 13.624
v -0.18607 -1.3465 13.589
v -0.13616 -1.3569 13.562
v -0.11598 -1.4076 13.58
v 0.041336 -1.2164 13.898
v 0.023653 -1.201 13.9
v 0.028008 -1.183 13.886
v 0.048383 -1.1872 13.875
v 0.056621 -1.2079 13.882
v -0.15594 -1.4034 13.605
v -0.17362 -1.388 13.607
v -0.16927 -1.3699 13.592
v -0.14889 -1.3742 13.581
v -0.14065 -1.3948 13.589
v 0.15422 -0.68477 13.96
v 0.13262 -0.64871 13.967
v 0.11003 -0.65351 14.002
v 0.11766 -0.69254 14.018
v 0.14498 -0.71186 13.991
v 0.46103 -0.54153 14.173
v 0.43943 -0.50546 14.18
v 0.41683 -0.51026 14.215
v 0.42446 -0.54929 14.231
v 0.45178 -0.56861 14.204
v 0.15422 -0.68477 13.96
v 0.13262 -0.64871 13.967
v 0.11003 -0.65351 14.002
v 0.11766 -0.69254 14.018
v 0.14498 -0.71186 13.991
v 0.46103 -0.54153 14.173
v 0.43943 -0.50546 14.18
v 0.41683 -0.51026 14.215
v 0.42446 -0.54929 14.231
v 0.45178 -0.56861 14.204
v 0.14877 -0.68319 13.967
v 0.13245 -0.65592 13.972
v 0.11536 -0.65955 13.999
v 0.12114 -0.68906 14.01
v 0.14178 -0.70366 13.99
v 0.45558 -0.53994 14.18
v 0.43925 -0.51268 14.185
v 0.42217 -0.51631 14.212
v 0.42794 -0.54581 14.223
v 0.44859 -0.56042 14.203
v -0.25028 1.4806 14.365
v -0.33279 1.6029 14.246
v -0.50099 1.5309 14.195
v -0.52244 1.3642 14.283
v -0.36749 1.3331 14.388
v -0.42291 1.6663 14.675
v -0.50542 1.7886 14.555
v -0.67362 1.7166 14.504
v -0.69507 1.5499 14.593
v -0.54012 1.5187 14.698
v -0.38099 1.4495 14.243
v -0.40271 1.5079 14.264
v -0.41349 1.5033 14.329
v -0.39844 1.4421 14.347
v -0.37835 1.4089 14.294
v -0.0043374 1.564 14.314
v -0.026055 1.6224 14.335
v -0.036837 1.6178 14.4
v -0.021783 1.5566 14.418
v -0.001697 1.5234 14.365
v 0.03947 1.3452 13.802
v 0.0048031 1.408 13.808
v 0.023927 1.4386 13.87
v 0.070414 1.3948 13.903
v 0.08002 1.337 13.861
v 0.34357 1.5288 13.619
v 0.3089 1.5917 13.624
v 0.32802 1.6223 13.686
v 0.37451 1.5784 13.719
v 0.38411 1.5206 13.678
v 0.062264 1.3794 13.847
v 0.044403 1.3688 13.838
v 0.025607 1.3802 13.844
v 0.031852 1.3978 13.857
v 0.054508 1.3973 13.859
v 0.097695 1.6083 13.521
v 0.079833 1.5977 13.512
v 0.061037 1.6091 13.518
v 0.067282 1.6267 13.531
v 0.089938 1.6262 13.533
v -0.693 0.56254 14.112
v -0.73942 0.61901 14.131
v -0.80915 0.60135 14.108
v -0.80582 0.53396 14.073
v -0.73403 0.50998 14.076
v -0.76547 0.38092 14.461
v -0.81189 0.43739 14.48
v -0.88161 0.41973 14.457
v -0.87829 0.35234 14.422
v -0.8065 0.32835 14.425
v -0.75567 0.53139 14.067
v -0.78841 0.57673 14.067
v -0.77675 0.60637 14.113
v -0.7368 0.57935 14.141
v -0.72377 0.53301 14.113
v -0.47578 0.73392 13.865
v -0.50852 0.77926 13.865
v -0.49686 0.8089 13.911
v -0.45692 0.78188 13.939
v -0.44389 0.73554 13.911
v -0.75598 0.54886 14.084
v -0.77189 0.57089 14.084
v -0.76623 0.58529 14.106
v -0.74682 0.57216 14.12
v -0.74049 0.54964 14.106
v -0.4761 0.75139 13.882
v -0.49201 0.77342 13.882
v -0.48634 0.78783 13.905
v -0.46693 0.7747 13.918
v -0.4606 0.75218 13.905
v -0.75598 0.54886 14.084
v -0.77189 0.57089 14.084
v -0.76623 0.58529 14.106
v -0.74682 0.57216 14.12
v -0.74049 0.54964 14.106
v -0.4761 0.75139 13.882
v -0.49201 0.77342 13.882
v -0.48634 0.78783 13.905
v -0.46693 0.7747 13.918
v -0.4606 0.75218 13.905
v 0.14825 0.81952 13.285
v 0.11078 0.87345 13.282
v 0.072378 0.86901 13.229
v 0.086123 0.81233 13.199
v 0.13302 0.78175 13.233
v -0.13197 0.63509 13.502
v -0.16945 0.68902 13.5
v -0.20785 0.68458 13.447
v -0.1941 0.6279 13.416
v -0.14721 0.59731 13.451
v 0.1305 0.82496 13.266
v 0.11047 0.85379 13.265
v 0.089942 0.85142 13.237
v 0.097289 0.82112 13.22
v 0.12235 0.80477 13.239
v -0.14973 0.64053 13.484
v -0.16976 0.66936 13.483
v -0.19029 0.66699 13.454
v -0.18294 0.63669 13.438
v -0.15787 0.62034 13.457
v -0.098017 0.29897 13.286
v -0.10968 0.32691 13.278
v -0.11064 0.32926 13.247
v -0.099562 0.30275 13.235
v -0.091764 0.28403 13.259
v -0.46714 0.14486 13.285
v -0.4788 0.17281 13.278
v -0.47976 0.17515 13.247
v -0.46868 0.14865 13.235
v -0.46089 0.12993 13.259
v -0.098017 0.29897 13.286
v -0.10968 0.32691 13.278
v -0.11064 0.32926 13.247
v -0.099562 0.30275 13.235
v -0.091764 0.28403 13.259
v -0.46714 0.14486 13.285
v -0.4788 0.17281 13.278
v -0.47976 0.17515 13.247
v -0.46868 0.14865 13.235
v -0.46089 0.12993 13.259
v -0.098017 0.29897 13.286
v -0.10968 0.32691 13.278
v -0.11064 0.32926 13.247
v -0.099562 0.30275 13.235
v -0.091764 0.28403 13.259
v -0.46714 0.14486 13.285
v -0.4788 0.17281 13.278
v -0.47976 0.17515 13.247
v -0.46868 0.14865 13.235
v -0.46089 0.12993 13.259
v -0.098017 0.29897 13.286
v -0.10968 0.32691 13.278
v -0.11064 0.32926 13.247
v -0.099562 0.30275 13.235
v -0.091764 0.28403 13.259
v -0.46714 0.14486 13.285
v -0.4788 0.17281 13.278
v -0.47976 0.17515 13.247
v -0.46868 0.14865 13.235
v -0.46089 0.12993 13.259
v -1.0588 -1.3997 13.977
v -1.1468 -1.2906 14.01
v -1.2799 -1.3256 13.967
v -1.2742 -1.4563 13.907
v -1.1376 -1.5021 13.912
v -1.1298 -1.5677 14.333
v -1.2178 -1.4585 14.366
v -1.3509 -1.4935 14.323
v -1.3452 -1.6243 14.263
v -1.2086 -1.6701 14.268
v -1.1606 -1.4103 13.932
v -1.1883 -1.3838 13.925
v -1.2037 -1.3726 13.959
v -1.1856 -1.3922 13.987
v -1.159 -1.4154 13.971
v -0.88863 -1.1183 13.96
v -0.9163 -1.0918 13.952
v -0.93175 -1.0806 13.986
v -0.91363 -1.1002 14.015
v -0.88698 -1.1234 13.998
v -1.0969 -1.3686 13.36
v -1.141 -1.3208 13.326
v -1.2105 -1.3377 13.343
v -1.2094 -1.396 13.388
v -1.1392 -1.415 13.399
v -1.0793 -1.1242 13.676
v -1.1234 -1.0764 13.642
v -1.1929 -1.0933 13.659
v -1.1918 -1.1516 13.704
v -1.1216 -1.1706 13.715
v -1.1539 -1.3712 13.344
v -1.1612 -1.3508 13.353
v -1.166 -1.3536 13.375
v -1.1617 -1.3758 13.381
v -1.1543 -1.3867 13.362
v -0.77657 -1.2758 13.436
v -0.78379 -1.2553 13.445
v -0.78859 -1.2581 13.467
v -0.78434 -1.2803 13.473
v -0.7769 -1.2912 13.454
v 2.3007 0.21118 13.875
v 2.2249 0.33715 13.908
v 2.1233 0.30425 14.014
v 2.1362 0.15796 14.047
v 2.2459 0.10044 13.961
v 2.5685 0.29905 14.159
v 2.4927 0.42502 14.192
v 2.391 0.39212 14.298
v 2.404 0.24583 14.331
v 2.5136 0.18831 14.245
v 2.2511 0.15355 13.911
v 2.1548 0.20531 13.881
v 2.1295 0.2804 13.962
v 2.2102 0.27505 14.041
v 2.2854 0.19665 14.01
v 2.4605 0.4334 13.716
v 2.3642 0.48516 13.687
v 2.3389 0.56025 13.768
v 2.4196 0.5549 13.847
v 2.4948 0.4765 13.815
v 1.7235 0.77298 13.239
v 1.6677 0.75473 13.263
v 1.6233 0.79501 13.243
v 1.6516 0.83817 13.206
v 1.7136 0.82455 13.204
v 1.6617 0.54041 12.92
v 1.6059 0.52216 12.944
v 1.5615 0.56244 12.923
v 1.5898 0.6056 12.886
v 1.6518 0.59198 12.884
v 1.7071 0.78131 13.237
v 1.6706 0.76936 13.252
v 1.6415 0.79573 13.239
v 1.66 0.82398 13.215
v 1.7006 0.81507 13.213
v 1.6453 0.54874 12.917
v 1.6087 0.53679 12.933
v 1.5797 0.56316 12.919
v 1.5982 0.59141 12.895
v 1.6388 0.5825 12.894
v 1.4179 -0.27673 13.525
v 1.386 -0.24677 13.582
v 1.3178 -0.27037 13.585
v 1.3075 -0.31492 13.529
v 1.3693 -0.31885 13.492
v 1.5335 -0.58642 13.75
v 1.5016 -0.55646 13.807
v 1.4334 -0.58006 13.81
v 1.4231 -0.62461 13.754
v 1.4849 -0.62854 13.717
v 1.324 -0.037987 13.275
v 1.3296 -0.040921 13.302
v 1.3115 -0.059575 13.313
v 1.2946 -0.06817 13.292
v 1.3024 -0.054828 13.269
v 1.5793 -0.33436 13.191
v 1.5849 -0.33729 13.219
v 1.5667 -0.35594 13.229
v 1.5499 -0.36454 13.208
v 1.5577 -0.3512 13.185
v 1.324 -0.037987 13.275
v 1.3296 -0.040921 13.302
v 1.3115 -0.059575 13.313
v 1.2946 -0.06817 13.292
v 1.3024 -0.054828 13.269
v 1.5793 -0.33436 13.191
v 1.5849 -0.33729 13.219
v 1.5667 -0.35594 13.229
v 1.5499 -0.36454 13.208
v 1.5577 -0.3512 13.185
v 1.3246 -0.037332 13.274
v 1.3304 -0.0404 13.303
v 1.3114 -0.059909 13.314
v 1.2938 -0.068898 13.292
v 1.302 -0.054944 13.268
v 1.5798 -0.3337 13.191
v 1.5857 -0.33677 13.219
v 1.5667 -0.35628 13.23
v 1.5491 -0.36527 13.209
v 1.5572 -0.35131 13.184
v 1.3246 -0.037332 13.274
v 1.3304 -0.0404 13.303
v 1.3114 -0.059909 13.314
v 1.2938 -0.068898 13.292
v 1.302 -0.054944 13.268
v 1.5798 -0.3337 13.191
v 1.5857 -0.33677 13.219
v 1.5667 -0.35628 13.23
v 1.5491 -0.36527 13.209
v 1.5572 -0.35131 13.184
v 1.3246 -0.037332 13.274
v 1.3304 -0.0404 13.303
v 1.3114 -0.059909 13.314
v 1.2938 -0.068898 13.292
v 1.302 -0.054944 13.268
v 1.5798 -0.3337 13.191
v 1.5857 -0.33677 13.219
v 1.5667 -0.35628 13.23
v 1.5491 -0.36527 13.209
v 1.5572 -0.35131 13.184
v 1.3246 -0.037332 13.274
v 1.3304 -0.0404 13.303
v 1.3114 -0.059909 13.314
v 1.2938 -0.068898 13.292
v 1.302 -0.054944 13.268
v 1.5798 -0.3337 13.191
v 1.5857 -0.33677 13.219
v 1.5667 -0.35628 13.23
v 1.5491 -0.36527 13.209
v 1.5572 -0.35131 13.184
v 0.44699 -0.15241 12.396
v 0.44425 -0.11964 12.437
v 0.42164 -0.14535 12.477
v 0.41041 -0.19402 12.46
v 0.42608 -0.19837 12.411
v 0.80648 -0.2769 12.52
v 0.80374 -0.24413 12.561
v 0.78113 -0.26985 12.6
v 0.7699 -0.31851 12.584
v 0.78557 -0.32286 12.534
v 0.44385 -0.15416 12.403
v 0.44161 -0.1274 12.437
v 0.42315 -0.1484 12.469
v 0.41398 -0.18813 12.456
v 0.42678 -0.19169 12.415
v 0.80334 -0.27865 12.527
v 0.8011 -0.25189 12.56
v 0.78264 -0.27289 12.593
v 0.77347 -0.31262 12.58
v 0.78626 -0.31618 12.539
v -0.7852 -0.81467 12.389
v -0.82343 -0.76739 12.43
v -0.89273 -0.79085 12.433
v -0.89732 -0.85263 12.394
v -0.83087 -0.86735 12.367
v -0.69957 -1.0278 12.716
v -0.7378 -0.98056 12.757
v -0.80709 -1.004 12.76
v -0.81169 -1.0658 12.721
v -0.74523 -1.0805 12.694
v -0.81504 -0.83471 12.39
v -0.84705 -0.82771 12.424
v -0.8891 -0.8233 12.403
v -0.88308 -0.82758 12.357
v -0.8373 -0.83463 12.349
v -0.87071 -1.2297 12.419
v -0.90272 -1.2227 12.453
v -0.94478 -1.2183 12.433
v -0.93875 -1.2226 12.386
v -0.89298 -1.2297 12.378
v -0.81504 -0.83471 12.39
v -0.84705 -0.82771 12.424
v -0.8891 -0.8233 12.403
v -0.88308 -0.82758 12.357
v -0.8373 -0.83463 12.349
v -0.87071 -1.2297 12.419
v -0.90272 -1.2227 12.453
v -0.94478 -1.2183 12.433
v -0.93875 -1.2226 12.386
v -0.89298 -1.2297 12.378
v -1.4915 1.4445 12.956
v -1.5059 1.4767 12.928
v -1.5367 1.4591 12.901
v -1.5413 1.416 12.912
v -1.5133 1.407 12.946
v -1.7768 1.5395 13.219
v -1.7913 1.5717 13.192
v -1.8221 1.554 13.165
v -1.8266 1.511 13.176
v -1.7987 1.502 13.209
v -1.457 1.4424 12.94
v -1.4973 1.4975 12.915
v -1.5659 1.474 12.909
v -1.5679 1.4045 12.93
v -1.5006 1.3849 12.949
v -1.5323 1.5593 13.315
v -1.5726 1.6143 13.29
v -1.6412 1.5909 13.284
v -1.6433 1.5213 13.305
v -1.576 1.5018 13.325
v -1.346 1.2451 12.134
v -1.3244 1.2445 12.204
v -1.3617 1.1921 12.239
v -1.4065 1.1604 12.19
v -1.3967 1.1931 12.126
v -1.06 0.9806 12.043
v -1.0384 0.98 12.113
v -1.0757 0.92765 12.148
v -1.1204 0.89589 12.099
v -1.1107 0.92861 12.035
v -2.7202 0.44354 13.754
v -2.7786 0.54707 13.687
v -2.8862 0.49792 13.619
v -2.8944 0.36401 13.644
v -2.7918 0.33041 13.728
v -2.9536 0.51707 14.071
v -3.0119 0.6206 14.004
v -3.1196 0.57145 13.936
v -3.1277 0.43754 13.961
v -3.0251 0.40394 14.044
v -2.7345 0.43822 13.688
v -2.788 0.43465 13.611
v -2.8778 0.43376 13.639
v -2.8797 0.43679 13.732
v -2.7911 0.43954 13.763
v -2.7424 0.83793 13.675
v -2.7959 0.83436 13.598
v -2.8857 0.83347 13.625
v -2.8876 0.83649 13.719
v -2.799 0.83925 13.75
v -2.3421 0.27729 13.104
v -2.3366 0.31765 13.087
v -2.3112 0.31418 13.052
v -2.3011 0.27167 13.046
v -2.3202 0.24888 13.079
v -2.6682 0.22816 12.878
v -2.6627 0.26852 12.861
v -2.6373 0.26504 12.825
v -2.6272 0.22254 12.82
v -2.6463 0.19975 12.852
v -1.7913 0.21359 13.101
v -1.7743 0.23477 13.087
v -1.7552 0.22054 13.068
v -1.7604 0.19056 13.07
v -1.7827 0.18627 13.09
v -2.063 0.24075 12.808
v -2.046 0.26194 12.794
v -2.0269 0.2477 12.775
v -2.0321 0.21772 12.777
v -2.0544 0.21343 12.798
v -1.7913 0.21359 13.101
v -1.7743 0.23477 13.087
v -1.7552 0.22054 13.068
v -1.7604 0.19056 13.07
v -1.7827 0.18627 13.09
v -2.063 0.24075 12.808
v -2.046 0.26194 12.794
v -2.0269 0.2477 12.775
v -2.0321 0.21772 12.777
v -2.0544 0.21343 12.798
v -1.7913 0.21359 13.101
v -1.7743 0.23477 13.087
v -1.7552 0.22054 13.068
v -1.7604 0.19056 13.07
v -1.7827 0.18627 13.09
v -2.063 0.24075 12.808
v -2.046 0.26194 12.794
v -2.0269 0.2477 12.775
v -2.0321 0.21772 12.777
v -2.0544 0.21343 12.798
v -1.7913 0.21359 13.101
v -1.7743 0.23477 13.087
v -1.7552 0.22054 13.068
v -1.7604 0.19056 13.07
v -1.7827 0.18627 13.09
v -2.063 0.24075 12.808
v -2.046 0.26194 12.794
v -2.0269 0.2477 12.775
v -2.0321 0.21772 12.777
v -2.0544 0.21343 12.798
v -1.7919 0.21375 13.101
v -1.7743 0.23567 13.087
v -1.7546 0.22094 13.067
v -1.76 0.18991 13.069
v -1.7831 0.18546 13.09
v -2.0636 0.24091 12.809
v -2.046 0.26283 12.795
v -2.0263 0.2481 12.775
v -2.0317 0.21707 12.777
v -2.0548 0.21263 12.798
v -1.7919 0.21375 13.101
v -1.7743 0.23567 13.087
v -1.7546 0.22094 13.067
v -1.76 0.18991 13.069
v -1.7831 0.18546 13.09
v -2.0636 0.24091 12.809
v -2.046 0.26283 12.795
v -2.0263 0.2481 12.775
v -2.0317 0.21707 12.777
v -2.0548 0.21263 12.798
v -2.9795 -0.78437 11.875
v -3.0047 -0.72909 11.859
v -3.0203 -0.73188 11.798
v -3.0047 -0.78889 11.776
v -2.9795 -0.82133 11.824
v -3.3421 -0.92085 11.974
v -3.3674 -0.86557 11.958
v -3.3829 -0.86836 11.897
v -3.3674 -0.92537 11.876
v -3.3421 -0.95781 11.923
v -2.5591 -0.79791 11.439
v -2.5981 -0.75089 11.409
v -2.6629 -0.77005 11.416
v -2.6639 -0.82891 11.45
v -2.5998 -0.84613 11.464
v -2.5816 -0.59848 11.785
v -2.6206 -0.55146 11.755
v -2.6854 -0.57062 11.762
v -2.6864 -0.62948 11.796
v -2.6223 -0.6467 11.81
v -2.586 -0.79831 11.437
v -2.6068 -0.77318 11.422
v -2.6414 -0.78342 11.425
v -2.642 -0.81488 11.443
v -2.6077 -0.82408 11.451
v -2.6084 -0.59888 11.783
v -2.6293 -0.57375 11.768
v -2.6639 -0.58399 11.771
v -2.6645 -0.61545 11.789
v -2.6302 -0.62466 11.797
v -1.1355 -0.042808 12.004
v -1.1881 -0.039952 12.049
v -1.2453 -0.020722 12.014
v -1.228 -0.011693 11.948
v -1.1601 -0.025343 11.941
v -1.2199 -0.42676 11.93
v -1.2726 -0.4239 11.975
v -1.3298 -0.40467 11.941
v -1.3125 -0.39564 11.874
v -1.2446 -0.40929 11.867
v -1.1686 -0.034106 11.996
v -1.1901 -0.032941 12.015
v -1.2134 -0.02509 12.001
v -1.2063 -0.021404 11.973
v -1.1786 -0.026976 11.971
v -1.253 -0.41806 11.922
v -1.2745 -0.41689 11.941
v -1.2979 -0.40904 11.927
v -1.2908 -0.40535 11.899
v -1.2631 -0.41093 11.897
v 3.4964 -1.0058 12.753
v 3.4565 -0.92197 12.812
v 3.3809 -0.96207 12.881
v 3.3741 -1.0707 12.865
v 3.4454 -1.0978 12.786
v 3.7803 -1.0652 13.028
v 3.7405 -0.98128 13.088
v 3.6649 -1.0214 13.157
v 3.658 -1.13 13.14
v 3.7294 -1.1571 13.061
v 3.3681 -1.0049 12.766
v 3.4178 -0.93108 12.805
v 3.4853 -0.96868 12.864
v 3.4773 -1.0657 12.862
v 3.4049 -1.0881 12.8
v 3.628 -1.017 12.462
v 3.6777 -0.94325 12.501
v 3.7452 -0.98084 12.561
v 3.7372 -1.0779 12.558
v 3.6648 -1.1002 12.497
v 2.2604 -1.8189 12.165
v 2.24 -1.7913 12.26
v 2.1562 -1.8388 12.289
v 2.1247 -1.8957 12.212
v 2.1891 -1.8834 12.136
v 2.4801 -2.124 12.302
v 2.4597 -2.0964 12.396
v 2.3759 -2.1439 12.425
v 2.3445 -2.2008 12.348
v 2.4089 -2.1885 12.272
v 3.5503 0.1456 11.205
v 3.4932 0.15217 11.154
v 3.429 0.17011 11.192
v 3.4464 0.17463 11.267
v 3.5214 0.15948 11.275
v 3.6334 0.53452 11.162
v 3.5763 0.54109 11.111
v 3.5121 0.55904 11.149
v 3.5295 0.56355 11.224
v 3.6045 0.54841 11.232
v 3.3945 -0.38873 11.211
v 3.3932 -0.40499 11.267
v 3.3437 -0.43316 11.276
v 3.3144 -0.43431 11.226
v 3.3458 -0.40685 11.186
v 3.5728 -0.73339 11.114
v 3.5715 -0.74965 11.17
v 3.522 -0.77782 11.179
v 3.4928 -0.77897 11.129
v 3.5242 -0.75151 11.089
v 0.69798 0.13855 10.711
v 0.66033 0.12971 10.772
v 0.59001 0.12626 10.755
v 0.58421 0.13297 10.683
v 0.65093 0.14056 10.656
v 0.72709 -0.25844 10.672
v 0.68944 -0.26728 10.733
v 0.61913 -0.27073 10.716
v 0.61332 -0.26403 10.644
v 0.68005 -0.25643 10.617
v 0.6641 0.13582 10.713
v 0.64726 0.13187 10.741
v 0.61582 0.13032 10.733
v 0.61322 0.13332 10.701
v 0.64306 0.13672 10.689
v 0.69322 -0.26117 10.674
v 0.67638 -0.26513 10.702
v 0.64493 -0.26667 10.694
v 0.64233 -0.26367 10.662
v 0.67218 -0.26027 10.649
v 0.11674 -0.50724 10.633
v 0.11908 -0.48965 10.606
v 0.10787 -0.50726 10.581
v 0.098602 -0.53574 10.593
v 0.10408 -0.53573 10.625
v -0.25039 -0.36168 10.696
v -0.24805 -0.34409 10.669
v -0.25926 -0.3617 10.645
v -0.26853 -0.39018 10.657
v -0.26305 -0.39017 10.688
v 0.11674 -0.50724 10.633
v 0.11908 -0.48965 10.606
v 0.10787 -0.50726 10.581
v 0.098602 -0.53574 10.593
v 0.10408 -0.53573 10.625
v -0.25039 -0.36168 10.696
v -0.24805 -0.34409 10.669
v -0.25926 -0.3617 10.645
v -0.26853 -0.39018 10.657
v -0.26305 -0.39017 10.688
v -0.053769 -0.71941 10.651
v -0.075111 -0.71884 10.576
v -0.14802 -0.74694 10.571
v -0.17173 -0.76487 10.644
v -0.11348 -0.74786 10.693
v -0.1992 -0.34939 10.695
v -0.22054 -0.34882 10.62
v -0.29345 -0.37692 10.615
v -0.31716 -0.39485 10.688
v -0.25892 -0.37784 10.737
v -0.091686 -0.73245 10.636
v -0.099231 -0.73225 10.609
v -0.12501 -0.74218 10.607
v -0.13339 -0.74852 10.633
v -0.1128 -0.74251 10.65
v -0.23712 -0.36243 10.68
v -0.24466 -0.36223 10.653
v -0.27044 -0.37216 10.651
v -0.27882 -0.3785 10.677
v -0.25823 -0.37249 10.694
v 0.43719 3.4959 13.383
v 0.36703 3.5769 13.326
v 0.25112 3.5442 13.342
v 0.24963 3.4431 13.409
v 0.36463 3.4133 13.435
v 0.42107 3.7177 13.716
v 0.35091 3.7986 13.658
v 0.235 3.766 13.674
v 0.23351 3.6648 13.742
v 0.34851 3.635 13.767
v 0.43175 3.8468 12.055
v 0.39183 3.8637 11.966
v 0.29669 3.835 11.969
v 0.27781 3.8004 12.06
v 0.36128 3.8077 12.114
v 0.32476 4.214 12.173
v 0.28484 4.2309 12.083
v 0.1897 4.2022 12.086
v 0.17082 4.1676 12.177
v 0.25429 4.1749 12.231
v 0.21449 3.6513 11.805
v 0.19663 3.6891 11.857
v 0.14547 3.6585 11.888
v 0.1317 3.6017 11.855
v 0.17436 3.5972 11.803
v 0.47409 3.4526 12.035
v 0.45624 3.4904 12.088
v 0.40507 3.4597 12.119
v 0.3913 3.403 12.086
v 0.43396 3.3985 12.034
v 0.18736 3.6437 11.829
v 0.18105 3.6571 11.847
v 0.16296 3.6462 11.858
v 0.15809 3.6262 11.846
v 0.17317 3.6246 11.828
v 0.44697 3.445 12.059
v 0.44065 3.4584 12.078
v 0.42256 3.4475 12.089
v 0.4177 3.4275 12.077
v 0.43278 3.4259 12.059
v 0.94997 1.8327 13.081
v 0.93346 1.8857 13.168
v 0.86369 1.8342 13.224
v 0.83707 1.7494 13.172
v 0.8904 1.7485 13.083
v 1.244 1.6294 13.261
v 1.2275 1.6824 13.348
v 1.1577 1.6309 13.404
v 1.1311 1.5461 13.351
v 1.1844 1.5452 13.263
v 0.95342 1.8047 13.15
v 0.9079 1.7942 13.201
v 0.84444 1.8056 13.176
v 0.85074 1.8232 13.109
v 0.91809 1.8227 13.093
v 0.92547 1.4196 13.046
v 0.87994 1.409 13.097
v 0.81648 1.4205 13.071
v 0.82278 1.438 13.005
v 0.89014 1.4375 12.989
v 0.1283 2.4672 13.411
v 0.097089 2.5183 13.376
v 0.038668 2.4931 13.349
v 0.033774 2.4263 13.367
v 0.08917 2.4103 13.405
v -0.07135 2.5707 13.742
v -0.10256 2.6218 13.707
v -0.16098 2.5965 13.68
v -0.16588 2.5297 13.698
v -0.11048 2.5138 13.736
v -0.16014 2.5206 12.243
v -0.13216 2.52 12.199
v -0.1458 2.4774 12.172
v -0.18221 2.4518 12.199
v -0.19107 2.4784 12.243
v -0.44664 2.7301 12.059
v -0.41866 2.7295 12.015
v -0.4323 2.6869 11.987
v -0.46871 2.6613 12.015
v -0.47757 2.688 12.059
v 3.0652 2.6808 11.293
v 3.0059 2.7544 11.277
v 2.9224 2.7352 11.32
v 2.93 2.6498 11.363
v 3.0182 2.6162 11.346
v 3.1951 2.8597 11.627
v 3.1359 2.9332 11.61
v 3.0524 2.914 11.653
v 3.06 2.8287 11.696
v 3.1482 2.795 11.68
v 1.0279 3.0608 10.233
v 1.0194 3.0628 10.266
v 0.98821 3.0493 10.27
v 0.97742 3.039 10.239
v 1.0019 3.0461 10.216
v 1.1907 2.701 10.297
v 1.1822 2.7031 10.33
v 1.151 2.6896 10.333
v 1.1403 2.6793 10.303
v 1.1648 2.6863 10.28
v 1.0279 3.0608 10.233
v 1.0194 3.0628 10.266
v 0.98821 3.0493 10.27
v 0.97742 3.039 10.239
v 1.0019 3.0461 10.216
v 1.1907 2.701 10.297
v 1.1822 2.7031 10.33
v 1.151 2.6896 10.333
v 1.1403 2.6793 10.303
v 1.1648 2.6863 10.28
v 1.0279 3.0608 10.233
v 1.0194 3.0628 10.266
v 0.98821 3.0493 10.27
v 0.97742 3.039 10.239
v 1.0019 3.0461 10.216
v 1.1907 2.701 10.297
v 1.1822 2.7031 10.33
v 1.151 2.6896 10.333
v 1.1403 2.6793 10.303
v 1.1648 2.6863 10.28
v 1.0279 3.0608 10.233
v 1.0194 3.0628 10.266
v 0.98821 3.0493 10.27
v 0.97742 3.039 10.239
v 1.0019 3.0461 10.216
v 1.1907 2.701 10.297
v 1.1822 2.7031 10.33
v 1.151 2.6896 10.333
v 1.1403 2.6793 10.303
v 1.1648 2.6863 10.28
v -2.1767 -3.008 13.303
v -2.2402 -2.9239 13.311
v -2.3326 -2.9485 13.265
v -2.3261 -3.0477 13.23
v -2.2298 -3.0845 13.253
v -2.3124 -3.1433 13.654
v -2.3759 -3.0592 13.662
v -2.4683 -3.0837 13.617
v -2.4618 -3.183 13.581
v -2.3655 -3.2198 13.604
v -0.8533 -2.8186 11.467
v -0.79812 -2.8668 11.484
v -0.82841 -2.9353 11.491
v -0.90232 -2.9294 11.479
v -0.9177 -2.8573 11.464
v -0.7917 -2.8862 11.078
v -0.73652 -2.9344 11.095
v -0.76681 -3.0028 11.102
v -0.84071 -2.997 11.089
v -0.8561 -2.9249 11.074
v -0.85745 -2.8577 11.473
v -0.83659 -2.8759 11.48
v -0.84804 -2.9018 11.482
v -0.87598 -2.8996 11.478
v -0.88179 -2.8724 11.472
v -0.79585 -2.9253 11.084
v -0.77499 -2.9435 11.09
v -0.78644 -2.9694 11.093
v -0.81437 -2.9672 11.088
v -0.82019 -2.9399 11.082
v 0.78076 -3.0396 12.537
v 0.7565 -3.0095 12.579
v 0.70424 -3.0304 12.588
v 0.6962 -3.0735 12.552
v 0.74349 -3.0792 12.52
v 0.9286 -3.2953 12.807
v 0.90434 -3.2652 12.849
v 0.85208 -3.2861 12.858
v 0.84404 -3.3292 12.821
v 0.89133 -3.3349 12.79
v 0.79461 -3.0527 12.619
v 0.74833 -2.9672 12.588
v 0.68533 -2.9912 12.512
v 0.69268 -3.0915 12.495
v 0.76022 -3.1295 12.562
v 0.50025 -3.1176 12.882
v 0.45396 -3.0321 12.851
v 0.39096 -3.0561 12.775
v 0.39831 -3.1564 12.758
v 0.46585 -3.1944 12.825
v -3.4286 2.5157 12.942
v -3.4661 2.564 12.879
v -3.5462 2.5315 12.864
v -3.5581 2.4632 12.918
v -3.4854 2.4534 12.966
v -3.5795 2.7602 13.22
v -3.617 2.8085 13.158
v -3.697 2.7761 13.143
v -3.709 2.7078 13.196
v -3.6363 2.698 13.244
v -1.6301 2.1908 11.726
v -1.6532 2.2184 11.728
v -1.6571 2.2321 11.695
v -1.6365 2.2131 11.673
v -1.6198 2.1876 11.692
v -1.9347 1.9406 11.658
v -1.9578 1.9681 11.66
v -1.9617 1.9819 11.627
v -1.9411 1.9628 11.605
v -1.9244 1.9373 11.624
v -1.6301 2.1908 11.726
v -1.6532 2.2184 11.728
v -1.6571 2.2321 11.695
v -1.6365 2.2131 11.673
v -1.6198 2.1876 11.692
v -1.9347 1.9406 11.658
v -1.9578 1.9681 11.66
v -1.9617 1.9819 11.627
v -1.9411 1.9628 11.605
v -1.9244 1.9373 11.624
v -1.6287 2.1881 11.73
v -1.6553 2.2199 11.732
v -1.6599 2.2358 11.694
v -1.636 2.2138 11.668
v -1.6167 2.1843 11.69
v -1.9333 1.9378 11.662
v -1.9599 1.9696 11.664
v -1.9645 1.9855 11.626
v -1.9406 1.9635 11.6
v -1.9213 1.9341 11.622
v 0.29396 -0.081584 15.606
v 0.12643 0.14911 15.598
v -0.14473 0.06093 15.591
v -0.14479 -0.22426 15.595
v 0.12634 -0.31234 15.604
v 0.28239 -0.076381 16.006
v 0.11486 0.15431 15.998
v -0.1563 0.066133 15.991
v -0.15635 -0.21906 15.995
v 0.11478 -0.30714 16.004
v 0.17075 -0.063054 15.505
v 0.10598 0.059613 15.619
v -0.034162 -0.012912 15.705
v -0.055999 -0.1804 15.644
v 0.070644 -0.21139 15.521
v 0.41584 -0.19905 15.791
v 0.35106 -0.076388 15.905
v 0.21092 -0.14891 15.991
v 0.18909 -0.3164 15.93
v 0.31573 -0.34739 15.806
v 0.079108 0.053356 14.735
v 0.068744 0.14142 14.792
v 0.060327 0.11385 14.893
v 0.065488 0.0087484 14.899
v 0.077096 -0.028639 14.801
v 0.47662 0.074988 14.774
v 0.46626 0.16305 14.831
v 0.45784 0.13548 14.932
v 0.463 0.03038 14.938
v 0.47461 -0.0070072 14.84
v 0.10671 0.053037 14.818
v 0.076971 0.066197 14.788
v 0.037805 0.067679 14.808
v 0.043342 0.055436 14.85
v 0.08593 0.046386 14.856
v 0.17322 0.43388 14.92
v 0.14348 0.44704 14.891
v 0.10431 0.44852 14.911
v 0.10985 0.43628 14.953
v 0.15244 0.42723 14.959
v 0.13636 -0.046234 14.842
v 0.090062 0.033759 14.926
v -0.012765 -0.017072 14.975
v -0.030013 -0.12848 14.922
v 0.062153 -0.1465 14.84
v 0.35758 -0.21765 15.128
v 0.31128 -0.13766 15.212
v 0.20846 -0.18849 15.261
v 0.19121 -0.2999 15.208
v 0.28337 -0.31792 15.126
v 0.086614 -0.060342 14.903
v 0.061271 -0.029266 14.885
v 0.019191 -0.041916 14.889
v 0.018528 -0.08081 14.91
v 0.060197 -0.092198 14.919
v 0.062634 0.1283 15.255
v 0.037291 0.15938 15.237
v -0.0047893 0.14673 15.241
v -0.0054529 0.10784 15.262
v 0.036217 0.096447 15.271
v -0.076701 0.025853 14.914
v -0.10779 0.071013 14.904
v -0.1577 0.054049 14.886
v -0.15745 -0.0015948 14.885
v -0.10739 -0.019021 14.902
v -0.20847 0.015527 15.291
v -0.23956 0.060687 15.282
v -0.28947 0.043724 15.264
v -0.28923 -0.01192 15.263
v -0.23917 -0.029347 15.28
v -0.09102 0.056523 14.902
v -0.083045 0.0078338 14.89
v -0.12808 -0.015667 14.889
v -0.1639 0.018497 14.901
v -0.14099 0.063113 14.909
v -0.12919 0.14709 14.515
v -0.12121 0.098398 14.503
v -0.16625 0.074897 14.501
v -0.20206 0.10906 14.513
v -0.17915 0.15368 14.521
v -0.36416 0.057027 14.911
v -0.406 0.16534 14.832
v -0.48613 0.11494 14.728
v -0.49381 -0.02452 14.743
v -0.41843 -0.060314 14.856
v -0.68868 0.09947 15.141
v -0.73052 0.20778 15.062
v -0.81065 0.15739 14.958
v -0.81833 0.017923 14.973
v -0.74295 -0.017871 15.086
v -0.36152 0.025519 14.842
v -0.43515 0.055301 14.895
v -0.50679 0.078442 14.836
v -0.47743 0.062962 14.746
v -0.38764 0.030254 14.75
v -0.49895 -0.34961 14.862
v -0.57259 -0.31983 14.915
v -0.64423 -0.29669 14.856
v -0.61487 -0.31217 14.766
v -0.52508 -0.34487 14.77
v -0.1157 0.29461 14.741
v -0.075059 0.32863 14.806
v -0.070893 0.27088 14.867
v -0.10896 0.20118 14.839
v -0.13665 0.21584 14.761
v 0.23193 0.16336 14.593
v 0.27257 0.19737 14.658
v 0.27674 0.13963 14.719
v 0.23867 0.069926 14.691
v 0.21098 0.084592 14.613
v -0.093385 0.27498 14.791
v -0.086836 0.27035 14.812
v -0.10049 0.2545 14.82
v -0.11548 0.24933 14.804
v -0.11108 0.26198 14.786
v 0.1522 -0.0084834 14.652
v 0.15875 -0.013108 14.673
v 0.1451 -0.028959 14.681
v 0.13011 -0.034132 14.665
v 0.1345 -0.021477 14.647
v -0.019236 0.11616 14.049
v -0.047795 0.15246 14.091
v -0.10519 0.13047 14.099
v -0.1121 0.080578 14.063
v -0.058978 0.071734 14.032
v 0.11366 -0.11734 14.346
v 0.085102 -0.08104 14.387
v 0.02771 -0.10303 14.395
v 0.020799 -0.15292 14.359
v 0.07392 -0.16177 14.328
v -0.042241 0.11342 14.057
v -0.057507 0.13283 14.08
v -0.088184 0.12107 14.084
v -0.091879 0.094404 14.065
v -0.063484 0.089677 14.048
v 0.090656 -0.12008 14.354
v 0.075391 -0.10067 14.376
v 0.044713 -0.11243 14.38
v 0.041019 -0.1391 14.361
v 0.069413 -0.14382 14.345
v -0.0038575 0.18087 14.098
v -0.028472 0.20814 14.138
v -0.07891 0.19001 14.141
v -0.085469 0.15154 14.104
v -0.039083 0.14589 14.078
v 0.11435 -0.094034 14.364
v 0.089731 -0.066766 14.403
v 0.039293 -0.084891 14.407
v 0.032735 -0.12336 14.37
v 0.07912 -0.12901 14.343
v -0.027794 0.17778 14.106
v -0.038801 0.18998 14.123
v -0.061358 0.18187 14.125
v -0.064291 0.16467 14.109
v -0.043547 0.16214 14.097
v 0.09041 -0.097118 14.371
v 0.079402 -0.084923 14.389
v 0.056845 -0.093029 14.39
v 0.053912 -0.11023 14.374
v 0.074656 -0.11276 14.362
v 1.1786 0.41985 14.215
v 1.1273 0.49126 14.216
v 1.075 0.48629 14.286
v 1.094 0.4118 14.329
v 1.158 0.37074 14.285
v 1.4528 0.61408 14.432
v 1.4015 0.68549 14.433
v 1.3492 0.68052 14.503
v 1.3682 0.60603 14.546
v 1.4322 0.56497 14.502
v 1.1182 0.42592 14.21
v 1.1144 0.48652 14.241
v 1.1275 0.47729 14.307
v 1.1393 0.41098 14.317
v 1.1336 0.37923 14.257
v 1.5078 0.48505 14.141
v 1.504 0.54565 14.172
v 1.5171 0.53642 14.238
v 1.5289 0.47011 14.248
v 1.5232 0.43836 14.188
v 1.1766 0.28426 14.333
v 1.1675 0.34544 14.309
v 1.1844 0.34513 14.245
v 1.204 0.28376 14.229
v 1.1992 0.24614 14.284
v 0.80078 0.18945 14.234
v 0.79163 0.25063 14.21
v 0.80857 0.25032 14.146
v 0.82818 0.18895 14.13
v 0.82337 0.15134 14.185
v 1.1829 0.29505 14.299
v 1.1797 0.31668 14.29
v 1.1856 0.31657 14.267
v 1.1926 0.29487 14.262
v 1.1909 0.28157 14.281
v 0.80707 0.20024 14.2
v 0.80383 0.22187 14.191
v 0.80982 0.22176 14.169
v 0.81675 0.20006 14.163
v 0.81505 0.18676 14.182
v 0.46943 0.29242 14.085
v 0.43345 0.30241 14.107
v 0.40633 0.32118 14.079
v 0.42554 0.3228 14.04
v 0.46454 0.30502 14.044
v 0.31554 -0.065178 13.993
v 0.27956 -0.055191 14.015
v 0.25243 -0.036419 13.987
v 0.27165 -0.034805 13.949
v 0.31065 -0.052579 13.952
v 0.46943 0.29242 14.085
v 0.43345 0.30241 14.107
v 0.40633 0.32118 14.079
v 0.42554 0.3228 14.04
v 0.46454 0.30502 14.044
v 0.31554 -0.065178 13.993
v 0.27956 -0.055191 14.015
v 0.25243 -0.036419 13.987
v 0.27165 -0.034805 13.949
v 0.31065 -0.052579 13.952
v 0.46724 0.29364 14.084
v 0.43393 0.30288 14.104
v 0.40881 0.32026 14.078
v 0.4266 0.32176 14.043
v 0.46271 0.3053 14.046
v 0.31334 -0.063966 13.992
v 0.28004 -0.054719 14.012
v 0.25492 -0.03734 13.987
v 0.27271 -0.035846 13.951
v 0.30882 -0.052302 13.954
v 0.49247 -1.5999 14.659
v 0.43643 -1.5369 14.734
v 0.32912 -1.5731 14.737
v 0.31884 -1.6585 14.663
v 0.41979 -1.6751 14.615
v 0.58842 -1.8603 14.947
v 0.53239 -1.7973 15.022
v 0.42507 -1.8335 15.025
v 0.41479 -1.9189 14.952
v 0.51575 -1.9355 14.903
v 0.47919 -1.0185 14.216
v 0.43293 -0.98621 14.257
v 0.37067 -0.9894 14.226
v 0.37846 -1.0237 14.166
v 0.44553 -1.0417 14.16
v 0.40321 -1.3639 14.403
v 0.35694 -1.3315 14.444
v 0.29468 -1.3347 14.413
v 0.30247 -1.369 14.353
v 0.36955 -1.387 14.347
v -0.11987 -1.3919 13.573
v -0.15149 -1.3514 13.569
v -0.19166 -1.3588 13.6
v -0.18486 -1.4039 13.624
v -0.14049 -1.4243 13.608
v 0.076105 -1.2049 13.868
v 0.044482 -1.1645 13.863
v 0.0043179 -1.1719 13.894
v 0.011119 -1.217 13.919
v 0.055486 -1.2374 13.902
v -0.15421 -1.3927 13.574
v -0.16287 -1.3695 13.581
v -0.16435 -1.3692 13.607
v -0.1566 -1.3923 13.616
v -0.15034 -1.4067 13.595
v 0.22206 -1.2585 13.594
v 0.2134 -1.2353 13.602
v 0.21192 -1.235 13.627
v 0.21966 -1.2581 13.636
v 0.22593 -1.2725 13.616
v 0.43209 -0.55008 14.22
v 0.42235 -0.522 14.215
v 0.43521 -0.51193 14.19
v 0.4529 -0.53379 14.179
v 0.45098 -0.55737 14.198
v 0.12529 -0.69333 14.007
v 0.11555 -0.66524 14.002
v 0.12841 -0.65517 13.977
v 0.1461 -0.67703 13.966
v 0.14417 -0.70061 13.985
v 0.43209 -0.55008 14.22
v 0.42235 -0.522 14.215
v 0.43521 -0.51193 14.19
v 0.4529 -0.53379 14.179
v 0.45098 -0.55737 14.198
v 0.12529 -0.69333 14.007
v 0.11555 -0.66524 14.002
v 0.12841 -0.65517 13.977
v 0.1461 -0.67703 13.966
v 0.14417 -0.70061 13.985
v 0.43209 -0.55008 14.22
v 0.42235 -0.522 14.215
v 0.43521 -0.51193 14.19
v 0.4529 -0.53379 14.179
v 0.45098 -0.55737 14.198
v 0.12529 -0.69333 14.007
v 0.11555 -0.66524 14.002
v 0.12841 -0.65517 13.977
v 0.1461 -0.67703 13.966
v 0.14417 -0.70061 13.985
v 0.43209 -0.55008 14.22
v 0.42235 -0.522 14.215
v 0.43521 -0.51193 14.19
v 0.4529 -0.53379 14.179
v 0.45098 -0.55737 14.198
v 0.12529 -0.69333 14.007
v 0.11555 -0.66524 14.002
v 0.12841 -0.65517 13.977
v 0.1461 -0.67703 13.966
v 0.14417 -0.70061 13.985
v 0.43164 -0.55112 14.222
v 0.42122 -0.5211 14.216
v 0.43497 -0.51033 14.189
v 0.45388 -0.5337 14.178
v 0.45182 -0.55891 14.198
v 0.12483 -0.69436 14.009
v 0.11442 -0.66434 14.003
v 0.12816 -0.65358 13.976
v 0.14708 -0.67694 13.965
v 0.14502 -0.70215 13.985
v 0.43164 -0.55112 14.222
v 0.42122 -0.5211 14.216
v 0.43497 -0.51033 14.189
v 0.45388 -0.5337 14.178
v 0.45182 -0.55891 14.198
v 0.12483 -0.69436 14.009
v 0.11442 -0.66434 14.003
v 0.12816 -0.65358 13.976
v 0.14708 -0.67694 13.965
v 0.14502 -0.70215 13.985
v -0.43333 1.6661 14.678
v -0.50881 1.7839 14.563
v -0.6653 1.7139 14.506
v -0.68653 1.5529 14.585
v -0.54316 1.5233 14.691
v -0.62284 1.8411 14.983
v -0.69832 1.9589 14.869
v -0.85481 1.889 14.812
v -0.87604 1.728 14.891
v -0.73267 1.6984 14.997
v -0.52213 1.6627 14.619
v -0.53949 1.653 14.564
v -0.59546 1.6365 14.566
v -0.61269 1.6359 14.621
v -0.56737 1.6521 14.654
v -0.63603 2.0448 14.588
v -0.65339 2.0352 14.533
v -0.70936 2.0186 14.534
v -0.72658 2.018 14.59
v -0.68126 2.0342 14.623
v -0.0074498 1.5857 14.391
v -0.006426 1.6018 14.362
v -0.021593 1.5834 14.339
v -0.031991 1.5559 14.354
v -0.02325 1.5572 14.386
v -0.35475 1.7635 14.479
v -0.35372 1.7796 14.45
v -0.36889 1.7612 14.428
v -0.37929 1.7337 14.442
v -0.37055 1.7351 14.474
v 0.028892 1.5762 14.378
v -0.0041911 1.6224 14.375
v -0.056553 1.6056 14.36
v -0.055832 1.549 14.354
v -0.0030245 1.5308 14.365
v -0.066757 1.5346 14.764
v -0.09984 1.5808 14.761
v -0.1522 1.564 14.746
v -0.15148 1.5074 14.74
v -0.098673 1.4892 14.751
v 0.39883 1.5599 13.691
v 0.35553 1.6105 13.704
v 0.30157 1.6029 13.663
v 0.31153 1.5476 13.625
v 0.37164 1.521 13.642
v 0.22108 1.3355 13.97
v 0.17778 1.386 13.983
v 0.12382 1.3784 13.943
v 0.13378 1.3232 13.905
v 0.19389 1.2966 13.922
v 0.36586 1.5654 13.674
v 0.35055 1.5832 13.679
v 0.33147 1.5806 13.665
v 0.33499 1.561 13.651
v 0.35624 1.5516 13.657
v 0.18811 1.3409 13.954
v 0.1728 1.3588 13.958
v 0.15372 1.3561 13.944
v 0.15724 1.3366 13.93
v 0.17849 1.3272 13.936
v -0.81703 0.35105 14.499
v -0.85622 0.41118 14.496
v -0.85745 0.4334 14.428
v -0.81902 0.387 14.389
v -0.79404 0.33611 14.433
v -1.1462 0.1332 14.434
v -1.1853 0.19333 14.431
v -1.1866 0.21554 14.363
v -1.1481 0.16914 14.324
v -1.1232 0.11825 14.368
v -0.80956 0.38983 14.446
v -0.81704 0.37526 14.463
v -0.8407 0.37243 14.461
v -0.84785 0.38523 14.442
v -0.8286 0.39599 14.433
v -0.74808 0.073613 14.209
v -0.75556 0.059052 14.226
v -0.77922 0.056214 14.224
v -0.78637 0.06902 14.205
v -0.76712 0.079774 14.196
v -0.45154 0.75922 13.924
v -0.47697 0.79429 13.924
v -0.5016 0.79289 13.888
v -0.4914 0.75696 13.867
v -0.46046 0.73615 13.889
v -0.73143 0.55669 14.126
v -0.75686 0.59176 14.126
v -0.78149 0.59036 14.09
v -0.77129 0.55442 14.068
v -0.74035 0.53361 14.09
v -0.4561 0.76081 13.919
v -0.47686 0.78945 13.919
v -0.49698 0.78831 13.89
v -0.48865 0.75897 13.872
v -0.46338 0.74197 13.89
v -0.73599 0.55828 14.121
v -0.75675 0.58692 14.121
v -0.77687 0.58577 14.092
v -0.76853 0.55643 14.074
v -0.74327 0.53944 14.092
v -0.17319 0.61874 13.436
v -0.19774 0.65816 13.437
v -0.18411 0.68186 13.475
v -0.15115 0.65708 13.496
v -0.1444 0.61807 13.472
v 0.10704 0.80317 13.218
v 0.08249 0.84259 13.219
v 0.096114 0.86629 13.257
v 0.12908 0.84151 13.278
v 0.13583 0.8025 13.254
v -0.17319 0.61874 13.436
v -0.19774 0.65816 13.437
v -0.18411 0.68186 13.475
v -0.15115 0.65708 13.496
v -0.1444 0.61807 13.472
v 0.10704 0.80317 13.218
v 0.08249 0.84259 13.219
v 0.096114 0.86629 13.257
v 0.12908 0.84151 13.278
v 0.13583 0.8025 13.254
v -0.17244 0.62558 13.442
v -0.191 0.65538 13.444
v -0.1807 0.6733 13.472
v -0.15578 0.65457 13.488
v -0.15068 0.62508 13.47
v 0.10779 0.81001 13.224
v 0.089231 0.83982 13.226
v 0.09953 0.85773 13.254
v 0.12445 0.839 13.27
v 0.12955 0.80951 13.252
v -1.1475 -1.5689 14.334
v -1.2244 -1.4764 14.366
v -1.3373 -1.5033 14.321
v -1.3302 -1.6125 14.262
v -1.2129 -1.653 14.27
v -1.237 -1.759 14.675
v -1.3139 -1.6665 14.706
v -1.4268 -1.6935 14.662
v -1.4197 -1.8026 14.602
v -1.3024 -1.8432 14.611
v -0.89773 -1.1164 14.011
v -0.91736 -1.083 14.007
v -0.92331 -1.077 13.969
v -0.90735 -1.1068 13.949
v -0.89154 -1.1311 13.975
v -1.2434 -1.3164 14.033
v -1.263 -1.283 14.029
v -1.269 -1.277 13.991
v -1.253 -1.3068 13.972
v -1.2372 -1.3312 13.998
v -1.1493 -1.1367 13.736
v -1.1569 -1.0744 13.708
v -1.1437 -1.0795 13.64
v -1.1278 -1.145 13.627
v -1.1312 -1.1804 13.686
v -1.5351 -1.2158 13.666
v -1.5428 -1.1534 13.638
v -1.5295 -1.1585 13.57
v -1.5136 -1.2241 13.557
v -1.517 -1.2595 13.616
v 2.5518 0.30218 14.179
v 2.4905 0.40236 14.204
v 2.4064 0.37499 14.286
v 2.4157 0.25789 14.311
v 2.5055 0.2129 14.245
v 2.8091 0.38547 14.474
v 2.7479 0.48565 14.499
v 2.6638 0.45828 14.58
v 2.673 0.34118 14.605
v 2.7629 0.29619 14.54
v 2.4283 0.44938 13.706
v 2.3695 0.52422 13.704
v 2.3744 0.56842 13.788
v 2.4363 0.52089 13.843
v 2.4696 0.44732 13.792
v 2.7258 0.67866 13.569
v 2.6669 0.75351 13.566
v 2.6718 0.7977 13.65
v 2.7337 0.75018 13.705
v 2.7671 0.67661 13.654
v 1.6518 0.56261 12.906
v 1.624 0.59341 12.889
v 1.5825 0.58428 12.903
v 1.5848 0.54784 12.929
v 1.6276 0.53445 12.931
v 1.7136 0.79518 13.225
v 1.6858 0.82598 13.208
v 1.6444 0.81685 13.223
v 1.6466 0.78041 13.249
v 1.6894 0.76702 13.25
v 1.6518 0.56261 12.906
v 1.624 0.59341 12.889
v 1.5825 0.58428 12.903
v 1.5848 0.54784 12.929
v 1.6276 0.53445 12.931
v 1.7136 0.79518 13.225
v 1.6858 0.82598 13.208
v 1.6444 0.81685 13.223
v 1.6466 0.78041 13.249
v 1.6894 0.76702 13.25
v 1.649 0.56275 12.906
v 1.6232 0.59127 12.89
v 1.5849 0.58281 12.904
v 1.587 0.54908 12.928
v 1.6266 0.53668 12.929
v 1.7108 0.79532 13.226
v 1.685 0.82383 13.21
v 1.6467 0.81538 13.223
v 1.6488 0.78165 13.248
v 1.6884 0.76925 13.249
v 1.5276 -0.58731 13.752
v 1.499 -0.56038 13.803
v 1.4376 -0.5816 13.806
v 1.4283 -0.62164 13.755
v 1.4839 -0.62517 13.722
v 1.6432 -0.897 13.977
v 1.6146 -0.87007 14.029
v 1.5532 -0.89129 14.031
v 1.5439 -0.93133 13.981
v 1.5995 -0.93486 13.947
v 0.78403 -0.27365 12.588
v 0.79988 -0.25665 12.559
v 0.8012 -0.28082 12.531
v 0.78616 -0.31277 12.543
v 0.77554 -0.30834 12.578
v 0.42454 -0.14916 12.465
v 0.44039 -0.13216 12.436
v 0.44171 -0.15633 12.407
v 0.42667 -0.18828 12.419
v 0.41606 -0.18385 12.454
v 0.78403 -0.27365 12.588
v 0.79988 -0.25665 12.559
v 0.8012 -0.28082 12.531
v 0.78616 -0.31277 12.543
v 0.77554 -0.30834 12.578
v 0.42454 -0.14916 12.465
v 0.44039 -0.13216 12.436
v 0.44171 -0.15633 12.407
v 0.42667 -0.18828 12.419
v 0.41606 -0.18385 12.454
v 0.7832 -0.27167 12.593
v 0.80151 -0.25204 12.559
v 0.80303 -0.27995 12.527
v 0.78566 -0.31685 12.54
v 0.77341 -0.31173 12.581
v 0.42372 -0.14718 12.469
v 0.44202 -0.12755 12.436
v 0.44354 -0.15546 12.403
v 0.42618 -0.19236 12.416
v 0.41392 -0.18724 12.457
v -0.71373 -0.99257 12.743
v -0.70863 -1.0532 12.702
v -0.7749 -1.0842 12.7
v -0.82095 -1.0427 12.739
v -0.78315 -0.98612 12.766
v -0.79937 -0.7794 12.416
v -0.79427 -0.83999 12.375
v -0.86053 -0.87099 12.372
v -0.90659 -0.82956 12.411
v -0.86879 -0.77296 12.438
v -0.74268 -1.0169 12.735
v -0.74076 -1.0398 12.719
v -0.7658 -1.0516 12.718
v -0.78321 -1.0359 12.733
v -0.76892 -1.0145 12.743
v -0.82832 -0.80377 12.407
v -0.82639 -0.82667 12.392
v -0.85144 -0.83839 12.391
v -0.86884 -0.82273 12.406
v -0.85456 -0.80134 12.416
v -0.8823 -1.2288 12.41
v -0.90542 -1.2273 12.386
v -0.93486 -1.2221 12.401
v -0.92993 -1.2204 12.433
v -0.89744 -1.2245 12.439
v -0.82662 -0.83378 12.381
v -0.84975 -0.83228 12.357
v -0.87918 -0.82706 12.371
v -0.87425 -0.82533 12.404
v -0.84177 -0.82948 12.41
v -0.8823 -1.2288 12.41
v -0.90542 -1.2273 12.386
v -0.93486 -1.2221 12.401
v -0.92993 -1.2204 12.433
v -0.89744 -1.2245 12.439
v -0.82662 -0.83378 12.381
v -0.84975 -0.83228 12.357
v -0.87918 -0.82706 12.371
v -0.87425 -0.82533 12.404
v -0.84177 -0.82948 12.41
v -0.8823 -1.2288 12.41
v -0.90542 -1.2273 12.386
v -0.93486 -1.2221 12.401
v -0.92993 -1.2204 12.433
v -0.89744 -1.2245 12.439
v -0.82662 -0.83378 12.381
v -0.84975 -0.83228 12.357
v -0.87918 -0.82706 12.371
v -0.87425 -0.82533 12.404
v -0.84177 -0.82948 12.41
v -0.8823 -1.2288 12.41
v -0.90542 -1.2273 12.386
v -0.93486 -1.2221 12.401
v -0.92993 -1.2204 12.433
v -0.89744 -1.2245 12.439
v -0.82662 -0.83378 12.381
v -0.84975 -0.83228 12.357
v -0.87918 -0.82706 12.371
v -0.87425 -0.82533 12.404
v -0.84177 -0.82948 12.41
v -1.7779 1.5446 13.191
v -1.7868 1.5155 13.199
v -1.8183 1.5143 13.198
v -1.8288 1.5426 13.189
v -1.8038 1.5613 13.185
v -1.7576 1.4286 12.809
v -1.7665 1.3996 12.817
v -1.798 1.3984 12.816
v -1.8085 1.4266 12.807
v -1.7835 1.4453 12.802
v -1.7779 1.5446 13.191
v -1.7868 1.5155 13.199
v -1.8183 1.5143 13.198
v -1.8288 1.5426 13.189
v -1.8038 1.5613 13.185
v -1.7576 1.4286 12.809
v -1.7665 1.3996 12.817
v -1.798 1.3984 12.816
v -1.8085 1.4266 12.807
v -1.7835 1.4453 12.802
v -1.5684 1.6081 13.293
v -1.5374 1.553 13.316
v -1.5833 1.5042 13.322
v -1.6428 1.529 13.303
v -1.6336 1.5932 13.284
v -1.4931 1.4913 12.918
v -1.462 1.4362 12.941
v -1.508 1.3873 12.947
v -1.5675 1.4122 12.928
v -1.5582 1.4764 12.909
v -1.583 1.5782 13.299
v -1.5703 1.5557 13.309
v -1.5891 1.5357 13.311
v -1.6134 1.5459 13.303
v -1.6096 1.5721 13.296
v -1.5077 1.4613 12.924
v -1.495 1.4389 12.934
v -1.5138 1.4189 12.936
v -1.538 1.429 12.928
v -1.5343 1.4553 12.921
v -1.0448 0.96651 12.132
v -1.047 0.98804 12.062
v -1.0963 0.9467 12.028
v -1.1245 0.89963 12.076
v -1.0926 0.91187 12.141
v -1.3308 1.231 12.223
v -1.3331 1.2525 12.153
v -1.3823 1.2112 12.118
v -1.4105 1.1641 12.167
v -1.3786 1.1763 12.231
v -1.0673 0.95161 12.104
v -1.0682 0.95974 12.078
v -1.0868 0.94412 12.065
v -1.0975 0.92633 12.083
v -1.0854 0.93095 12.108
v -1.3533 1.2161 12.195
v -1.3542 1.2242 12.169
v -1.3728 1.2086 12.156
v -1.3835 1.1908 12.174
v -1.3714 1.1954 12.199
v -2.9734 0.50995 14.064
v -3.0248 0.60149 14.022
v -3.1077 0.56676 13.954
v -3.1075 0.45375 13.953
v -3.0245 0.41864 14.022
v -3.2275 0.50798 14.373
v -3.279 0.59952 14.331
v -3.3619 0.56479 14.263
v -3.3617 0.45178 14.262
v -3.2787 0.41667 14.33
v -2.9931 0.48236 14.025
v -3.0572 0.49452 14.066
v -3.108 0.52823 14.019
v -3.0753 0.53691 13.951
v -3.0044 0.50856 13.954
v -3.1306 0.12341 13.915
v -3.1946 0.13557 13.955
v -3.2454 0.16928 13.909
v -3.2128 0.17796 13.84
v -3.1418 0.14961 13.844
v -2.7522 0.81947 13.654
v -2.8165 0.84466 13.6
v -2.8886 0.85829 13.648
v -2.8688 0.84153 13.732
v -2.7845 0.81754 13.735
v -2.6457 1.2016 13.705
v -2.71 1.2268 13.651
v -2.7821 1.2404 13.699
v -2.7623 1.2237 13.783
v -2.678 1.1997 13.787
v -2.7957 0.82994 13.666
v -2.82 0.83946 13.646
v -2.8472 0.84461 13.664
v -2.8398 0.83828 13.696
v -2.8079 0.82921 13.697
v -2.6892 1.2121 13.717
v -2.7135 1.2216 13.697
v -2.7407 1.2267 13.715
v -2.7333 1.2204 13.747
v -2.7014 1.2113 13.748
v -2.6331 0.23521 12.826
v -2.6451 0.26129 12.838
v -2.6616 0.25352 12.863
v -2.6597 0.22265 12.867
v -2.6421 0.21134 12.843
v -2.3068 0.28129 13.052
v -2.3188 0.30737 13.064
v -2.3352 0.2996 13.09
v -2.3334 0.26873 13.093
v -2.3158 0.25742 13.07
v -2.6112 0.24007 12.844
v -2.6338 0.2422 12.881
v -2.6765 0.23687 12.872
v -2.6803 0.23144 12.828
v -2.64 0.23342 12.811
v -2.5718 -0.15534 12.889
v -2.5944 -0.15321 12.927
v -2.6371 -0.15854 12.918
v -2.6409 -0.16397 12.874
v -2.6006 -0.16199 12.857
v -3.3398 -0.91998 11.973
v -3.3658 -0.86499 11.958
v -3.3843 -0.86887 11.898
v -3.3698 -0.92626 11.876
v -3.3422 -0.95785 11.923
v -3.6972 -1.0546 12.093
v -3.7232 -0.99956 12.077
v -3.7417 -1.0034 12.017
v -3.7271 -1.0608 11.995
v -3.6996 -1.0924 12.042
v -3.3583 -0.89105 11.943
v -3.344 -0.89165 11.919
v -3.3524 -0.91429 11.904
v -3.3718 -0.92766 11.919
v -3.3755 -0.9133 11.943
v -3.6451 -0.67371 11.768
v -3.6308 -0.67432 11.744
v -3.6391 -0.69695 11.729
v -3.6586 -0.71033 11.745
v -3.6622 -0.69596 11.769
v -2.5994 -0.59087 11.779
v -2.6189 -0.62942 11.8
v -2.6665 -0.62641 11.796
v -2.6765 -0.58599 11.772
v -2.635 -0.56403 11.762
v -2.5769 -0.7903 11.433
v -2.5964 -0.82885 11.454
v -2.6441 -0.82584 11.45
v -2.654 -0.78542 11.426
v -2.6125 -0.76346 11.416
v -2.5994 -0.59087 11.779
v -2.6189 -0.62942 11.8
v -2.6665 -0.62641 11.796
v -2.6765 -0.58599 11.772
v -2.635 -0.56403 11.762
v -2.5769 -0.7903 11.433
v -2.5964 -0.82885 11.454
v -2.6441 -0.82584 11.45
v -2.654 -0.78542 11.426
v -2.6125 -0.76346 11.416
v -2.6091 -0.59294 11.78
v -2.6238 -0.62208 11.796
v -2.6599 -0.61981 11.792
v -2.6674 -0.58925 11.774
v -2.636 -0.57265 11.767
v -2.5866 -0.79237 11.434
v -2.6014 -0.82151 11.45
v -2.6374 -0.81923 11.446
v -2.6449 -0.78868 11.428
v -2.6136 -0.77208 11.421
v -1.2266 -0.42082 11.906
v -1.269 -0.40394 11.867
v -1.3209 -0.39827 11.897
v -1.3106 -0.41165 11.955
v -1.2523 -0.42559 11.961
v -1.1421 -0.036871 11.98
v -1.1845 -0.019988 11.941
v -1.2364 -0.014321 11.971
v -1.2261 -0.027701 12.029
v -1.1678 -0.041637 12.034
v 3.7672 -1.0694 13.043
v 3.7324 -1.0005 13.083
v 3.673 -1.029 13.139
v 3.6711 -1.1155 13.134
v 3.7294 -1.1405 13.075
v 4.0471 -1.0905 13.328
v 4.0122 -1.0216 13.368
v 3.9528 -1.0501 13.424
v 3.9509 -1.1366 13.419
v 4.0092 -1.1615 13.36
v 3.7211 -1.023 12.542
v 3.7008 -0.98543 12.522
v 3.6663 -1.0009 12.493
v 3.6654 -1.0481 12.496
v 3.6992 -1.0617 12.526
v 3.4616 -1.0008 12.845
v 3.4412 -0.96324 12.825
v 3.4068 -0.97873 12.797
v 3.4058 -1.0259 12.799
v 3.4397 -1.0395 12.829
v 3.7613 -1.0337 12.528
v 3.7031 -1.0127 12.586
v 3.6275 -1.0072 12.547
v 3.6391 -1.0246 12.465
v 3.7218 -1.041 12.453
v 3.6951 -1.4214 12.6
v 3.6369 -1.4005 12.659
v 3.5613 -1.3949 12.62
v 3.5729 -1.4123 12.537
v 3.6556 -1.4287 12.525
v 2.4807 -2.1273 12.306
v 2.4568 -2.0973 12.395
v 2.3735 -2.1411 12.42
v 2.346 -2.1983 12.346
v 2.4122 -2.1897 12.275
v 2.6882 -2.4309 12.463
v 2.6643 -2.4008 12.552
v 2.581 -2.4447 12.578
v 2.5535 -2.5018 12.504
v 2.6197 -2.4933 12.433
v 3.6363 0.55357 11.18
v 3.5953 0.54783 11.115
v 3.5209 0.54415 11.134
v 3.5159 0.54762 11.211
v 3.5872 0.55344 11.239
v 3.6115 0.95232 11.16
v 3.5706 0.94657 11.095
v 3.4962 0.9429 11.114
v 3.4912 0.94637 11.191
v 3.5625 0.95219 11.219
v 3.5254 0.52102 11.198
v 3.5301 0.58891 11.189
v 3.5915 0.60209 11.161
v 3.6248 0.54235 11.153
v 3.5839 0.49224 11.177
v 3.3681 0.47833 10.833
v 3.3728 0.54622 10.823
v 3.4343 0.5594 10.795
v 3.4675 0.49965 10.788
v 3.4267 0.44955 10.811
v 3.5728 -0.73339 11.114
v 3.5715 -0.74965 11.17
v 3.522 -0.77782 11.179
v 3.4928 -0.77897 11.129
v 3.5242 -0.75151 11.089
v 3.7512 -1.078 11.017
v 3.7498 -1.0943 11.073
v 3.7003 -1.1225 11.082
v 3.6711 -1.1236 11.032
v 3.7025 -1.0962 10.992
v 3.5647 -0.73899 11.119
v 3.5637 -0.75159 11.162
v 3.5253 -0.77341 11.169
v 3.5027 -0.7743 11.131
v 3.527 -0.75303 11.1
v 3.743 -1.0837 11.022
v 3.742 -1.0962 11.065
v 3.7037 -1.1181 11.072
v 3.681 -1.119 11.034
v 3.7053 -1.0977 11.003
v 0.7159 -0.26007 10.68
v 0.68444 -0.25742 10.63
v 0.62723 -0.26301 10.644
v 0.62333 -0.26911 10.703
v 0.67814 -0.2673 10.725
v 0.68678 0.13692 10.719
v 0.65532 0.13958 10.669
v 0.59811 0.13399 10.683
v 0.59422 0.12788 10.742
v 0.64902 0.12969 10.764
v -0.25791 -0.35226 10.631
v -0.24141 -0.32929 10.674
v -0.24764 -0.36198 10.713
v -0.26798 -0.40515 10.694
v -0.27433 -0.39915 10.644
v 0.10922 -0.49782 10.568
v 0.12572 -0.47485 10.61
v 0.11949 -0.50754 10.649
v 0.09915 -0.55071 10.631
v 0.092803 -0.54471 10.58
v -0.215 -0.35054 10.653
v -0.22652 -0.36184 10.71
v -0.28135 -0.38381 10.713
v -0.30371 -0.38609 10.658
v -0.2627 -0.36553 10.621
v -0.069567 -0.72056 10.609
v -0.08109 -0.73186 10.666
v -0.13591 -0.75383 10.669
v -0.15827 -0.75611 10.614
v -0.11727 -0.73555 10.577
v 0.42115 3.7168 13.713
v 0.35013 3.799 13.658
v 0.23444 3.767 13.677
v 0.23394 3.6651 13.743
v 0.34934 3.6341 13.765
v 0.41568 3.9348 14.048
v 0.34467 4.0169 13.994
v 0.22897 3.9849 14.013
v 0.22848 3.883 14.079
v 0.34387 3.852 14.101
v 0.38512 3.6984 13.752
v 0.32148 3.7641 13.776
v 0.25276 3.7639 13.711
v 0.27392 3.698 13.646
v 0.35572 3.6576 13.672
v 0.18456 3.4254 13.964
v 0.12092 3.4911 13.989
v 0.052199 3.4909 13.924
v 0.073358 3.425 13.859
v 0.15516 3.3845 13.884
v 0.32434 4.2144 12.174
v 0.28514 4.2326 12.084
v 0.1903 4.2028 12.086
v 0.17089 4.1663 12.176
v 0.25373 4.1735 12.23
v 0.21207 4.5782 12.297
v 0.17287 4.5963 12.207
v 0.07803 4.5666 12.208
v 0.058623 4.53 12.299
v 0.14147 4.5372 12.353
v 0.24835 4.1725 12.1
v 0.2218 4.2321 12.111
v 0.22714 4.2444 12.176
v 0.257 4.1925 12.205
v 0.27011 4.1481 12.157
v 0.60459 4.3436 12.038
v 0.57804 4.4031 12.05
v 0.58339 4.4155 12.114
v 0.61325 4.3636 12.143
v 0.62635 4.3191 12.095
v 0.43245 3.4806 12.106
v 0.47005 3.4739 12.058
v 0.45525 3.4215 12.029
v 0.4085 3.3958 12.06
v 0.39441 3.4324 12.107
v 0.17285 3.6793 11.876
v 0.21045 3.6726 11.827
v 0.19564 3.6202 11.799
v 0.1489 3.5945 11.83
v 0.13481 3.6311 11.877
v 1.2363 1.595 13.28
v 1.1923 1.6598 13.285
v 1.1437 1.6514 13.346
v 1.1576 1.5813 13.378
v 1.2148 1.5464 13.338
v 1.5093 1.761 13.52
v 1.4654 1.8259 13.525
v 1.4167 1.8174 13.586
v 1.4306 1.7473 13.619
v 1.4879 1.7125 13.578
v 1.223 1.562 13.316
v 1.1568 1.5638 13.306
v 1.1351 1.625 13.322
v 1.1877 1.6611 13.342
v 1.2421 1.6221 13.339
v 1.2845 1.6824 12.94
v 1.2184 1.6841 12.93
v 1.1966 1.7454 12.946
v 1.2493 1.7815 12.966
v 1.3037 1.7425 12.962
v 0.91822 1.4167 13.023
v 0.87503 1.4582 12.998
v 0.82069 1.4537 13.033
v 0.83029 1.4094 13.08
v 0.89057 1.3866 13.073
v 1.0522 1.7027 13.269
v 1.009 1.7441 13.244
v 0.95465 1.7396 13.279
v 0.96425 1.6953 13.325
v 1.0245 1.6725 13.319
v 0.88634 1.4218 13.035
v 0.87001 1.4375 13.025
v 0.84947 1.4358 13.038
v 0.8531 1.4191 13.056
v 0.87589 1.4104 13.053
v 1.0203 1.7077 13.28
v 1.004 1.7234 13.271
v 0.98343 1.7217 13.284
v 0.98706 1.705 13.301
v 1.0098 1.6963 13.299
v -0.07135 2.5707 13.742
v -0.10256 2.6218 13.707
v -0.16098 2.5965 13.68
v -0.16588 2.5297 13.698
v -0.11048 2.5138 13.736
v -0.271 2.6741 14.073
v -0.30221 2.7252 14.038
v -0.36063 2.6999 14.011
v -0.36553 2.6332 14.029
v -0.31013 2.6172 14.067
v -0.10301 2.5681 13.724
v -0.11481 2.5874 13.711
v -0.13689 2.5778 13.7
v -0.13874 2.5526 13.707
v -0.1178 2.5466 13.722
v -0.30266 2.6715 14.055
v -0.31446 2.6908 14.041
v -0.33654 2.6813 14.031
v -0.33839 2.656 14.038
v -0.31745 2.65 14.052
v -0.41991 2.7106 11.995
v -0.42899 2.7371 12.039
v -0.46541 2.7112 12.066
v -0.47884 2.6687 12.039
v -0.45072 2.6683 11.995
v -0.13341 2.5011 12.18
v -0.14249 2.5275 12.224
v -0.17891 2.5016 12.251
v -0.19234 2.4592 12.223
v -0.16422 2.4588 12.179
v -0.43211 2.7058 12.009
v -0.43736 2.721 12.034
v -0.45838 2.7061 12.05
v -0.46614 2.6816 12.034
v -0.4499 2.6814 12.008
v -0.14561 2.4962 12.193
v -0.15085 2.5115 12.218
v -0.17188 2.4966 12.234
v -0.17963 2.472 12.218
v -0.1634 2.4718 12.193
v 3.1945 2.86 11.625
v 3.1361 2.9351 11.614
v 3.0531 2.9149 11.657
v 3.0603 2.8273 11.695
v 3.1477 2.7933 11.675
v 3.3337 3.0193 11.964
v 3.2752 3.0944 11.953
v 3.1922 3.0742 11.997
v 3.1994 2.9865 12.035
v 3.2868 2.9526 12.015
v 3.1363 2.874 11.642
v 3.1313 2.8774 11.668
v 3.1084 2.8653 11.674
v 3.0992 2.8543 11.651
v 3.1164 2.8597 11.632
v 3.3355 2.5372 11.725
v 3.3305 2.5407 11.751
v 3.3076 2.5285 11.757
v 3.2984 2.5175 11.734
v 3.3156 2.5229 11.715
v -2.3136 -3.1434 13.657
v -2.3764 -3.0585 13.661
v -2.4674 -3.0832 13.613
v -2.4607 -3.1833 13.58
v -2.3657 -3.2205 13.607
v -2.4631 -3.2692 14.006
v -2.5259 -3.1843 14.01
v -2.6169 -3.2089 13.962
v -2.6102 -3.309 13.929
v -2.5152 -3.3463 13.956
v -2.3306 -3.1319 13.632
v -2.3707 -3.1102 13.568
v -2.4468 -3.1266 13.58
v -2.4537 -3.1585 13.652
v -2.3819 -3.1617 13.684
v -2.3842 -2.7678 13.789
v -2.4243 -2.7461 13.725
v -2.5004 -2.7625 13.737
v -2.5073 -2.7943 13.809
v -2.4355 -2.7976 13.841
v -0.74183 -2.9483 11.096
v -0.78018 -2.8952 11.081
v -0.84367 -2.9165 11.075
v -0.84455 -2.9828 11.086
v -0.78161 -3.0025 11.099
v -0.80343 -2.8807 11.486
v -0.84178 -2.8276 11.47
v -0.90527 -2.8489 11.464
v -0.90616 -2.9152 11.475
v -0.84321 -2.9349 11.489
v 0.92143 -3.295 12.807
v 0.90243 -3.2706 12.846
v 0.85806 -3.2898 12.856
v 0.84964 -3.3261 12.823
v 0.88881 -3.3293 12.793
v 1.0907 -3.5572 13.058
v 1.0717 -3.5327 13.096
v 1.0273 -3.552 13.106
v 1.0189 -3.5883 13.073
v 1.0581 -3.5915 13.044
v 0.89753 -3.3111 12.807
v 0.8797 -3.289 12.805
v 0.86792 -3.285 12.831
v 0.87847 -3.3047 12.848
v 0.89677 -3.3209 12.834
v 1.1955 -3.0632 12.906
v 1.1777 -3.0411 12.904
v 1.1659 -3.0372 12.93
v 1.1764 -3.0569 12.947
v 1.1947 -3.073 12.933
v 0.49408 -3.1169 12.875
v 0.45269 -3.0405 12.848
v 0.39634 -3.062 12.779
v 0.40291 -3.1517 12.765
v 0.46332 -3.1857 12.824
v 0.19971 -3.1818 13.138
v 0.15832 -3.1054 13.111
v 0.10197 -3.1269 13.042
v 0.10854 -3.2166 13.028
v 0.16895 -3.2506 13.087
v 0.46797 -3.1141 12.847
v 0.44728 -3.0759 12.833
v 0.4191 -3.0866 12.799
v 0.42239 -3.1315 12.791
v 0.45259 -3.1485 12.821
v 0.17361 -3.179 13.11
v 0.15291 -3.1408 13.096
v 0.12473 -3.1516 13.062
v 0.12802 -3.1964 13.054
v 0.15822 -3.2134 13.084
v -3.581 2.7598 13.219
v -3.6179 2.8071 13.158
v -3.6961 2.7756 13.144
v -3.7075 2.7089 13.196
v -3.6363 2.6991 13.243
v -3.7296 3.0038 13.499
v -3.7665 3.0511 13.438
v -3.8447 3.0197 13.424
v -3.8561 2.9529 13.476
v -3.7849 2.9431 13.523
v 0.24595 -0.076342 16.007
v 0.10364 0.1197 15.997
v -0.12679 0.044699 15.99
v -0.12689 -0.19769 15.995
v 0.10348 -0.2725 16.005
v 0.23037 -0.06796 16.406
v 0.088053 0.12808 16.397
v -0.14238 0.053081 16.389
v -0.14248 -0.18931 16.394
v 0.087893 -0.26411 16.405
v 0.093093 0.010695 16.076
v 0.13918 -0.024751 15.937
v 0.048032 -0.13161 15.884
v -0.054386 -0.16221 15.989
v -0.026536 -0.074259 16.108
v -0.14753 0.29178 15.924
v -0.10144 0.25633 15.785
v -0.19259 0.14947 15.732
v -0.29501 0.11887 15.837
v -0.26716 0.20682 15.956
v 0.32212 -0.18984 15.76
v 0.33086 -0.092752 15.878
v 0.29215 -0.16824 16.004
v 0.25949 -0.31198 15.965
v 0.27801 -0.32534 15.815
v 0.70478 -0.29199 15.816
v 0.71352 -0.1949 15.934
v 0.67481 -0.27038 16.06
v 0.64214 -0.41413 16.021
v 0.66066 -0.42748 15.871
v 0.253 -0.22553 15.952
v 0.27556 -0.14374 15.909
v 0.3271 -0.16407 15.832
v 0.33639 -0.25842 15.827
v 0.29059 -0.2964 15.901
v -0.081645 -0.2468 15.734
v -0.059078 -0.16501 15.691
v -0.0075396 -0.18533 15.614
v 0.0017458 -0.27968 15.609
v -0.044054 -0.31767 15.683
v 0.50568 0.049555 14.894
v 0.45105 0.080922 14.918
v 0.41939 0.11016 14.866
v 0.45445 0.096858 14.81
v 0.50778 0.059404 14.827
v 0.29029 -0.28283 14.838
v 0.23566 -0.25147 14.862
v 0.204 -0.22223 14.81
v 0.23906 -0.23553 14.754
v 0.29239 -0.27298 14.771
v 0.46119 0.075277 14.931
v 0.46177 0.14344 14.888
v 0.4705 0.12307 14.81
v 0.47532 0.042325 14.805
v 0.46957 0.012786 14.88
v 0.063675 0.053645 14.892
v 0.064249 0.1218 14.849
v 0.072981 0.10144 14.771
v 0.077804 0.020693 14.766
v 0.072052 -0.0088456 14.842
v 0.15755 0.42949 14.94
v 0.13446 0.44673 14.952
v 0.11442 0.45272 14.929
v 0.12511 0.43919 14.903
v 0.15177 0.42483 14.91
v -0.045331 0.096781 15.03
v -0.068416 0.11402 15.042
v -0.088462 0.12001 15.019
v -0.077766 0.10647 14.993
v -0.051109 0.09212 15
v 0.36503 -0.21832 15.15
v 0.31294 -0.15362 15.237
v 0.20204 -0.19768 15.255
v 0.18558 -0.28961 15.179
v 0.28632 -0.30238 15.114
v 0.51004 -0.47163 15.423
v 0.45795 -0.40692 15.511
v 0.34705 -0.45098 15.529
v 0.3306 -0.54292 15.452
v 0.43133 -0.55568 15.387
v 0.27517 -0.23497 15.161
v 0.26934 -0.2078 15.176
v 0.26495 -0.21452 15.206
v 0.26807 -0.24584 15.21
v 0.27438 -0.25848 15.182
v 0.66684 -0.18814 15.227
v 0.66102 -0.16097 15.242
v 0.65663 -0.16769 15.273
v 0.65975 -0.19901 15.276
v 0.66606 -0.21165 15.248
v 0.050921 0.13398 15.251
v 0.039069 0.10822 15.264
v 0.0080221 0.10944 15.262
v 0.00068688 0.13595 15.247
v 0.0272 0.15111 15.241
v 0.074902 -0.054667 14.9
v 0.063049 -0.080426 14.913
v 0.032003 -0.07921 14.91
v 0.024667 -0.052699 14.895
v 0.05118 -0.037531 14.889
v -0.23439 0.0074817 15.281
v -0.25522 0.0061371 15.295
v -0.27324 0.018056 15.282
v -0.26353 0.026766 15.261
v -0.23952 0.020231 15.26
v -0.33276 -0.33326 15.096
v -0.3536 -0.33461 15.11
v -0.37161 -0.32269 15.097
v -0.36191 -0.31398 15.076
v -0.3379 -0.32051 15.075
v -0.29265 0.0093231 15.262
v -0.27147 0.053554 15.27
v -0.22502 0.045519 15.286
v -0.21748 -0.0036769 15.288
v -0.25928 -0.026047 15.273
v -0.16088 0.019648 14.884
v -0.1397 0.063879 14.893
v -0.093244 0.055845 14.909
v -0.085707 0.0066484 14.91
v -0.12751 -0.015722 14.895
v -0.12231 0.11703 14.507
v -0.14767 0.15143 14.518
v -0.18948 0.13772 14.518
v -0.18996 0.094862 14.508
v -0.14845 0.082076 14.501
v -0.084147 0.02647 14.895
v -0.1095 0.060861 14.905
v -0.15131 0.047158 14.906
v -0.15179 0.0042974 14.896
v -0.11028 -0.008488 14.889
v -0.13806 0.11686 14.509
v -0.1527 0.13672 14.515
v -0.17684 0.1288 14.515
v -0.17712 0.10406 14.509
v -0.15315 0.096678 14.505
v -0.099895 0.026297 14.896
v -0.11453 0.046152 14.902
v -0.13867 0.038241 14.903
v -0.13895 0.013495 14.897
v -0.11498 0.0061136 14.893
v -0.67637 0.099435 15.112
v -0.72675 0.19498 15.048
v -0.82063 0.14951 14.978
v -0.82827 0.025855 14.999
v -0.73911 -0.0050927 15.082
v -0.9324 0.16591 15.412
v -0.98279 0.26146 15.348
v -1.0767 0.21599 15.278
v -1.0843 0.092335 15.299
v -0.99514 0.061387 15.382
v -0.7085 0.10403 15.06
v -0.73231 0.1157 15.003
v -0.79193 0.095915 15.003
v -0.80497 0.072016 15.059
v -0.75341 0.077031 15.095
v -0.82927 0.46452 15.184
v -0.85307 0.47619 15.127
v -0.91269 0.4564 15.127
v -0.92573 0.4325 15.183
v -0.87417 0.43752 15.219
v -0.50829 -0.33405 14.849
v -0.56067 -0.29805 14.893
v -0.62753 -0.29879 14.854
v -0.61646 -0.33524 14.788
v -0.54277 -0.35703 14.784
v -0.60332 -0.68155 15.023
v -0.65571 -0.64555 15.066
v -0.72256 -0.64629 15.028
v -0.7115 -0.68274 14.961
v -0.6378 -0.70453 14.958
v 0.27576 0.15522 14.685
v 0.27837 0.15527 14.628
v 0.23649 0.12175 14.608
v 0.208 0.10098 14.653
v 0.23226 0.12166 14.7
v 0.029037 0.46987 14.674
v 0.031652 0.46993 14.617
v -0.010226 0.43641 14.597
v -0.038723 0.41563 14.642
v -0.014457 0.43631 14.689
v 0.29706 0.13292 14.642
v 0.26375 0.17924 14.666
v 0.20616 0.15886 14.674
v 0.20387 0.099945 14.656
v 0.26005 0.083914 14.636
v 0.39393 0.015129 15.012
v 0.36062 0.061448 15.035
v 0.30303 0.041068 15.044
v 0.30074 -0.017847 15.026
v 0.35692 -0.033878 15.006
v 0.072664 -0.089614 14.377
v 0.098803 -0.11453 14.352
v 0.077175 -0.15145 14.342
v 0.037669 -0.14936 14.361
v 0.034882 -0.11114 14.383
v -0.07587 0.083177 14.048
v -0.049731 0.058263 14.023
v -0.071359 0.021338 14.014
v -0.11086 0.02343 14.033
v -0.11365 0.061649 14.054
v 0.072664 -0.089614 14.377
v 0.098803 -0.11453 14.352
v 0.077175 -0.15145 14.342
v 0.037669 -0.14936 14.361
v 0.034882 -0.11114 14.383
v -0.07587 0.083177 14.048
v -0.049731 0.058263 14.023
v -0.071359 0.021338 14.014
v -0.11086 0.02343 14.033
v -0.11365 0.061649 14.054
v 0.070608 -0.097816 14.374
v 0.090367 -0.11665 14.355
v 0.074017 -0.14456 14.347
v 0.044154 -0.14298 14.362
v 0.042047 -0.11409 14.378
v -0.077926 0.074975 14.045
v -0.058167 0.056142 14.026
v -0.074517 0.028229 14.019
v -0.10438 0.029811 14.033
v -0.10649 0.058701 14.049
v 0.098673 -0.077087 14.388
v 0.10101 -0.10699 14.356
v 0.061934 -0.1267 14.353
v 0.035453 -0.10898 14.383
v 0.058159 -0.078315 14.405
v -0.019531 0.19781 14.123
v -0.017197 0.16791 14.091
v -0.056269 0.1482 14.088
v -0.08275 0.16593 14.118
v -0.060045 0.19659 14.14
v 1.4585 0.64908 14.522
v 1.4365 0.68047 14.446
v 1.3652 0.64242 14.422
v 1.343 0.58751 14.482
v 1.4007 0.59163 14.544
v 1.2446 0.93435 14.703
v 1.2226 0.96574 14.628
v 1.1513 0.92769 14.603
v 1.1291 0.87278 14.664
v 1.1868 0.8769 14.725
v 1.5265 0.48846 14.25
v 1.5131 0.54364 14.221
v 1.5039 0.53177 14.16
v 1.5118 0.46925 14.15
v 1.5257 0.44248 14.206
v 1.1369 0.42933 14.319
v 1.1235 0.48451 14.29
v 1.1143 0.47264 14.228
v 1.1222 0.41012 14.219
v 1.1361 0.38335 14.275
v 1.5201 0.4926 14.217
v 1.515 0.51346 14.207
v 1.5116 0.50897 14.183
v 1.5145 0.48534 14.18
v 1.5198 0.47522 14.201
v 1.1305 0.43347 14.286
v 1.1254 0.45433 14.275
v 1.122 0.44984 14.252
v 1.1249 0.42621 14.248
v 1.1302 0.4161 14.269
v 0.82555 0.19694 14.133
v 0.80641 0.25007 14.154
v 0.79293 0.24248 14.213
v 0.80374 0.18467 14.227
v 0.8239 0.15653 14.178
v 1.2014 0.29175 14.231
v 1.1822 0.34487 14.253
v 1.1688 0.33729 14.312
v 1.1796 0.27948 14.326
v 1.1997 0.25133 14.277
v 0.30873 -0.056075 13.969
v 0.28612 -0.042455 13.954
v 0.26329 -0.037652 13.974
v 0.2718 -0.048302 14.001
v 0.29989 -0.059688 13.998
v 0.46263 0.30153 14.061
v 0.44001 0.31515 14.046
v 0.41718 0.31995 14.066
v 0.42569 0.3093 14.093
v 0.45378 0.29791 14.09
v 0.30873 -0.056075 13.969
v 0.28612 -0.042455 13.954
v 0.26329 -0.037652 13.974
v 0.2718 -0.048302 14.001
v 0.29989 -0.059688 13.998
v 0.46263 0.30153 14.061
v 0.44001 0.31515 14.046
v 0.41718 0.31995 14.066
v 0.42569 0.3093 14.093
v 0.45378 0.29791 14.09
v 0.30873 -0.056075 13.969
v 0.28612 -0.042455 13.954
v 0.26329 -0.037652 13.974
v 0.2718 -0.048302 14.001
v 0.29989 -0.059688 13.998
v 0.46263 0.30153 14.061
v 0.44001 0.31515 14.046
v 0.41718 0.31995 14.066
v 0.42569 0.3093 14.093
v 0.45378 0.29791 14.09
v 0.30873 -0.056075 13.969
v 0.28612 -0.042455 13.954
v 0.26329 -0.037652 13.974
v 0.2718 -0.048302 14.001
v 0.29989 -0.059688 13.998
v 0.46263 0.30153 14.061
v 0.44001 0.31515 14.046
v 0.41718 0.31995 14.066
v 0.42569 0.3093 14.093
v 0.45378 0.29791 14.09
v 0.31578 -0.058314 13.966
v 0.28616 -0.040482 13.946
v 0.25628 -0.034193 13.972
v 0.26742 -0.048138 14.008
v 0.30419 -0.063046 14.004
v 0.46967 0.29929 14.058
v 0.44005 0.31712 14.038
v 0.41017 0.32341 14.064
v 0.42131 0.30947 14.099
v 0.45809 0.29456 14.096
v 0.57676 -1.861 14.947
v 0.52816 -1.8043 15.014
v 0.43413 -1.8372 15.019
v 0.42461 -1.9141 14.956
v 0.51276 -1.9288 14.912
v 0.6818 -2.1127 15.24
v 0.63321 -2.056 15.306
v 0.53917 -2.0889 15.312
v 0.52965 -2.1658 15.249
v 0.6178 -2.1805 15.205
v 0.404 -1.3648 14.387
v 0.35629 -1.3843 14.341
v 0.2935 -1.3664 14.365
v 0.30239 -1.3359 14.427
v 0.37068 -1.3349 14.441
v 0.4356 -1.0088 14.208
v 0.38789 -1.0283 14.161
v 0.3251 -1.0104 14.185
v 0.33399 -0.97986 14.247
v 0.40229 -0.97889 14.261
v 0.3661 -1.3599 14.391
v 0.34923 -1.3668 14.374
v 0.32703 -1.3605 14.383
v 0.33018 -1.3497 14.404
v 0.35432 -1.3494 14.409
v 0.3977 -1.0039 14.211
v 0.38083 -1.0108 14.194
v 0.35863 -1.0045 14.203
v 0.36178 -0.99368 14.225
v 0.38592 -0.99333 14.23
v 0.041441 -1.2302 13.907
v 0.009774 -1.2027 13.91
v 0.017532 -1.1703 13.885
v 0.053993 -1.1778 13.865
v 0.06877 -1.2148 13.879
v -0.15555 -1.4171 13.613
v -0.18721 -1.3896 13.617
v -0.17945 -1.3573 13.591
v -0.14299 -1.3648 13.571
v -0.12822 -1.4018 13.585
v 0.040522 -1.2211 13.902
v 0.01813 -1.2016 13.904
v 0.023615 -1.1788 13.886
v 0.049397 -1.1841 13.872
v 0.059846 -1.2102 13.882
v -0.15646 -1.408 13.608
v -0.17886 -1.3886 13.611
v -0.17337 -1.3657 13.592
v -0.14759 -1.371 13.578
v -0.13714 -1.3972 13.588
v -0.6498 1.8341 14.966
v -0.71337 1.9334 14.886
v -0.83715 1.8803 14.84
v -0.85008 1.7481 14.891
v -0.73429 1.7195 14.969
v -0.83268 1.9781 15.291
v -0.89626 2.0775 15.211
v -1.02 2.0243 15.165
v -1.033 1.8921 15.217
v -0.91717 1.8636 15.294
v -0.66448 1.8138 14.928
v -0.73715 1.8716 14.989
v -0.83717 1.8623 14.942
v -0.82631 1.7988 14.851
v -0.71958 1.7688 14.843
v -0.73878 1.4879 15.148
v -0.81146 1.5457 15.209
v -0.91147 1.5364 15.161
v -0.90061 1.4729 15.071
v -0.79388 1.4429 15.062
v -0.63998 2.0436 14.587
v -0.65583 2.0347 14.536
v -0.70692 2.0196 14.538
v -0.72264 2.0191 14.589
v -0.68127 2.0339 14.619
v -0.75387 2.4257 14.555
v -0.76972 2.4169 14.505
v -0.82081 2.4018 14.507
v -0.83654 2.4013 14.558
v -0.79517 2.4161 14.588
v -0.66283 2.0362 14.579
v -0.66992 2.0322 14.557
v -0.69277 2.0255 14.558
v -0.6998 2.0252 14.58
v -0.6813 2.0318 14.594
v -0.77673 2.4183 14.548
v -0.78382 2.4144 14.526
v -0.80667 2.4076 14.526
v -0.8137 2.4074 14.549
v -0.7952 2.414 14.563
v -0.38806 1.7401 14.447
v -0.38622 1.7728 14.45
v -0.35566 1.7803 14.459
v -0.33862 1.7523 14.462
v -0.35864 1.7275 14.454
v -0.27687 1.772 14.064
v -0.27504 1.8046 14.067
v -0.24448 1.8122 14.077
v -0.22743 1.7842 14.079
v -0.24745 1.7594 14.071
v -0.079814 1.5617 14.748
v -0.078088 1.5132 14.763
v -0.1257 1.4951 14.764
v -0.15685 1.5324 14.749
v -0.12849 1.5736 14.739
v -0.037782 1.4426 14.368
v -0.036056 1.3941 14.384
v -0.083669 1.376 14.384
v -0.11482 1.4133 14.369
v -0.086462 1.4545 14.359
v -0.10264 1.5181 14.745
v -0.12655 1.5243 14.739
v -0.13283 1.5455 14.751
v -0.1128 1.5525 14.766
v -0.094141 1.5356 14.762
v 0.033895 1.7395 14.441
v 0.0099852 1.7456 14.435
v 0.0037035 1.7668 14.448
v 0.023731 1.7738 14.462
v 0.042391 1.7569 14.458
v 0.17444 1.3363 13.891
v 0.16417 1.3925 13.92
v 0.16205 1.3816 13.983
v 0.17102 1.3187 13.993
v 0.17868 1.2907 13.936
v 0.56924 1.3962 13.914
v 0.55896 1.4524 13.944
v 0.55685 1.4414 14.007
v 0.56581 1.3785 14.017
v 0.57347 1.3506 13.959
v -1.13 0.13882 14.428
v -1.175 0.19032 14.434
v -1.1963 0.20806 14.371
v -1.1645 0.16753 14.326
v -1.1235 0.12473 14.361
v -1.4288 -0.12574 14.454
v -1.4738 -0.074238 14.461
v -1.4952 -0.056495 14.398
v -1.4633 -0.097028 14.353
v -1.4223 -0.13982 14.387
v -0.75595 0.54676 14.082
v -0.77388 0.57159 14.082
v -0.76749 0.58783 14.107
v -0.74561 0.57303 14.122
v -0.73848 0.54764 14.107
v -0.47606 0.74929 13.88
v -0.49399 0.77412 13.88
v -0.48761 0.79036 13.905
v -0.46573 0.77556 13.921
v -0.45859 0.75018 13.905
v -0.75595 0.54676 14.082
v -0.77388 0.57159 14.082
v -0.76749 0.58783 14.107
v -0.74561 0.57303 14.122
v -0.73848 0.54764 14.107
v -0.47606 0.74929 13.88
v -0.49399 0.77412 13.88
v -0.48761 0.79036 13.905
v -0.46573 0.77556 13.921
v -0.45859 0.75018 13.905
v -0.75589 0.54388 14.079
v -0.7766 0.57255 14.079
v -0.76923 0.5913 14.108
v -0.74396 0.57421 14.126
v -0.73572 0.5449 14.108
v -0.47601 0.74641 13.877
v -0.49672 0.77509 13.877
v -0.48934 0.79383 13.906
v -0.46408 0.77675 13.924
v -0.45583 0.74744 13.906
v 0.12918 0.82537 13.265
v 0.11044 0.85233 13.264
v 0.091244 0.85011 13.237
v 0.098117 0.82177 13.222
v 0.12156 0.80648 13.239
v -0.15105 0.64094 13.483
v -0.16978 0.6679 13.482
v -0.18898 0.66568 13.455
v -0.18211 0.63734 13.44
v -0.15866 0.62205 13.457
v 0.12918 0.82537 13.265
v 0.11044 0.85233 13.264
v 0.091244 0.85011 13.237
v 0.098117 0.82177 13.222
v 0.12156 0.80648 13.239
v -0.15105 0.64094 13.483
v -0.16978 0.6679 13.482
v -0.18898 0.66568 13.455
v -0.18211 0.63734 13.44
v -0.15866 0.62205 13.457
v 0.12918 0.82537 13.265
v 0.11044 0.85233 13.264
v 0.091244 0.85011 13.237
v 0.098117 0.82177 13.222
v 0.12156 0.80648 13.239
v -0.15105 0.64094 13.483
v -0.16978 0.6679 13.482
v -0.18898 0.66568 13.455
v -0.18211 0.63734 13.44
v -0.15866 0.62205 13.457
v 0.12918 0.82537 13.265
v 0.11044 0.85233 13.264
v 0.091244 0.85011 13.237
v 0.098117 0.82177 13.222
v 0.12156 0.80648 13.239
v -0.15105 0.64094 13.483
v -0.16978 0.6679 13.482
v -0.18898 0.66568 13.455
v -0.18211 0.63734 13.44
v -0.15866 0.62205 13.457
v -1.2363 -1.7565 14.672
v -1.3112 -1.6589 14.69
v -1.4259 -1.6914 14.655
v -1.4218 -1.8089 14.614
v -1.3046 -1.8492 14.625
v -1.3147 -1.8864 15.042
v -1.3897 -1.7889 15.06
v -1.5043 -1.8213 15.025
v -1.5002 -1.9388 14.984
v -1.383 -1.9791 14.995
v -1.3148 -1.7153 14.609
v -1.2963 -1.7188 14.679
v -1.3381 -1.7695 14.711
v -1.3824 -1.7974 14.66
v -1.368 -1.7639 14.597
v -1.0411 -1.9942 14.523
v -1.0226 -1.9976 14.594
v -1.0644 -2.0484 14.626
v -1.1087 -2.0763 14.575
v -1.0943 -2.0428 14.511
v -1.2509 -1.2816 13.979
v -1.2321 -1.2787 14.014
v -1.2424 -1.3093 14.036
v -1.2675 -1.331 14.015
v -1.2727 -1.3139 13.98
v -0.94554 -1.4921 13.83
v -0.92682 -1.4892 13.864
v -0.9371 -1.5198 13.886
v -0.96216 -1.5415 13.865
v -0.96738 -1.5244 13.83
v -1.5351 -1.2158 13.666
v -1.5428 -1.1534 13.638
v -1.5295 -1.1585 13.57
v -1.5136 -1.2241 13.557
v -1.517 -1.2595 13.616
v -1.9209 -1.2949 13.596
v -1.9286 -1.2325 13.568
v -1.9153 -1.2376 13.5
v -1.8994 -1.3032 13.487
v -1.9028 -1.3385 13.546
v -1.5304 -1.2074 13.631
v -1.5333 -1.1838 13.62
v -1.5283 -1.1857 13.594
v -1.5223 -1.2105 13.589
v -1.5236 -1.2239 13.612
v -1.9162 -1.2864 13.56
v -1.9191 -1.2629 13.55
v -1.9141 -1.2648 13.524
v -1.9081 -1.2896 13.519
v -1.9094 -1.303 13.542
v 2.8119 0.38698 14.477
v 2.7502 0.48676 14.503
v 2.6624 0.45745 14.579
v 2.6699 0.33956 14.601
v 2.7623 0.29601 14.538
v 3.0567 0.4591 14.785
v 2.995 0.55887 14.811
v 2.9073 0.52956 14.887
v 2.9148 0.41167 14.909
v 3.0071 0.36812 14.846
v 2.7075 0.43174 14.477
v 2.7605 0.46479 14.543
v 2.7732 0.39912 14.604
v 2.7281 0.32548 14.576
v 2.6875 0.34564 14.498
v 3.0319 0.30853 14.278
v 3.0849 0.34158 14.344
v 3.0976 0.27591 14.405
v 3.0524 0.20227 14.377
v 3.0118 0.22243 14.299
v 2.772 0.70238 13.581
v 2.7037 0.76338 13.555
v 2.6484 0.78009 13.631
v 2.6824 0.72942 13.704
v 2.7588 0.68139 13.673
v 3.0064 1.0094 13.685
v 2.9382 1.0704 13.659
v 2.8828 1.0872 13.734
v 2.9169 1.0365 13.808
v 2.9933 0.98845 13.777
v 2.7199 0.71842 13.679
v 2.7029 0.77328 13.658
v 2.6999 0.77017 13.597
v 2.7151 0.71338 13.58
v 2.7275 0.6814 13.631
v 2.3361 0.60862 13.703
v 2.319 0.66348 13.682
v 2.3161 0.66037 13.621
v 2.3312 0.60358 13.605
v 2.3436 0.5716 13.655
v 1.6997 0.78503 13.235
v 1.6718 0.77591 13.247
v 1.6496 0.79605 13.237
v 1.6638 0.81763 13.218
v 1.6948 0.81082 13.217
v 1.6379 0.55246 12.916
v 1.61 0.54334 12.928
v 1.5878 0.56348 12.917
v 1.602 0.58506 12.899
v 1.6329 0.57825 12.898
v 1.6997 0.78503 13.235
v 1.6718 0.77591 13.247
v 1.6496 0.79605 13.237
v 1.6638 0.81763 13.218
v 1.6948 0.81082 13.217
v 1.6379 0.55246 12.916
v 1.61 0.54334 12.928
v 1.5878 0.56348 12.917
v 1.602 0.58506 12.899
v 1.6329 0.57825 12.898
v 1.6997 0.78503 13.235
v 1.6718 0.77591 13.247
v 1.6496 0.79605 13.237
v 1.6638 0.81763 13.218
v 1.6948 0.81082 13.217
v 1.6379 0.55246 12.916
v 1.61 0.54334 12.928
v 1.5878 0.56348 12.917
v 1.602 0.58506 12.899
v 1.6329 0.57825 12.898
v 1.6997 0.78503 13.235
v 1.6718 0.77591 13.247
v 1.6496 0.79605 13.237
v 1.6638 0.81763 13.218
v 1.6948 0.81082 13.217
v 1.6379 0.55246 12.916
v 1.61 0.54334 12.928
v 1.5878 0.56348 12.917
v 1.602 0.58506 12.899
v 1.6329 0.57825 12.898
v 1.7071 0.78131 13.237
v 1.6706 0.76936 13.252
v 1.6415 0.79573 13.239
v 1.66 0.82398 13.215
v 1.7006 0.81507 13.213
v 1.6453 0.54874 12.917
v 1.6087 0.53679 12.933
v 1.5797 0.56316 12.919
v 1.5982 0.59141 12.895
v 1.6388 0.5825 12.894
v 1.6356 -0.87661 14.009
v 1.6316 -0.91571 13.957
v 1.5714 -0.93988 13.955
v 1.5381 -0.91572 14.005
v 1.5778 -0.87662 14.038
v 1.52 -0.56692 13.784
v 1.516 -0.60602 13.732
v 1.4558 -0.63019 13.729
v 1.4225 -0.60603 13.78
v 1.4622 -0.56693 13.813
v 1.568 -0.90928 14.024
v 1.5797 -0.86939 14.005
v 1.6069 -0.87859 13.969
v 1.612 -0.92416 13.966
v 1.588 -0.94313 14
v 1.2472 -0.93189 13.786
v 1.2589 -0.892 13.767
v 1.2862 -0.9012 13.731
v 1.2913 -0.94677 13.728
v 1.2672 -0.96574 13.762
v -0.80298 -0.81582 12.393
v -0.83002 -0.78239 12.422
v -0.87901 -0.79897 12.424
v -0.88226 -0.84266 12.396
v -0.83527 -0.85307 12.377
v -0.71735 -1.029 12.72
v -0.74438 -0.99555 12.749
v -0.79338 -1.0121 12.751
v -0.79663 -1.0558 12.724
v -0.74964 -1.0662 12.705
v -0.80298 -0.81582 12.393
v -0.83002 -0.78239 12.422
v -0.87901 -0.79897 12.424
v -0.88226 -0.84266 12.396
v -0.83527 -0.85307 12.377
v -0.71735 -1.029 12.72
v -0.74438 -0.99555 12.749
v -0.79338 -1.0121 12.751
v -0.79663 -1.0558 12.724
v -0.74964 -1.0662 12.705
v -1.4742 1.4419 12.937
v -1.5031 1.4814 12.919
v -1.5523 1.4646 12.914
v -1.5537 1.4147 12.93
v -1.5055 1.4007 12.944
v -1.5495 1.5588 13.312
v -1.5784 1.5983 13.294
v -1.6276 1.5814 13.289
v -1.6291 1.5315 13.305
v -1.5808 1.5175 13.319
v -1.4822 1.4417 12.935
v -1.5058 1.4739 12.921
v -1.5459 1.4602 12.917
v -1.5471 1.4195 12.929
v -1.5077 1.408 12.941
v -1.5575 1.5585 13.311
v -1.5811 1.5908 13.296
v -1.6213 1.577 13.292
v -1.6225 1.5363 13.304
v -1.5831 1.5249 13.316
v -1.3482 1.241 12.139
v -1.3289 1.2405 12.201
v -1.3623 1.1937 12.232
v -1.4023 1.1653 12.189
v -1.3936 1.1945 12.131
v -1.0622 0.97658 12.048
v -1.0429 0.97605 12.11
v -1.0763 0.92922 12.141
v -1.1163 0.90081 12.098
v -1.1076 0.93008 12.04
v -3.2395 0.51001 14.365
v -3.2807 0.58653 14.324
v -3.3511 0.55473 14.266
v -3.3533 0.45856 14.272
v -3.2843 0.43092 14.333
v -3.4993 0.53458 14.668
v -3.5406 0.6111 14.627
v -3.6109 0.5793 14.569
v -3.6131 0.48313 14.575
v -3.5441 0.45549 14.636
v -3.1628 0.14995 13.92
v -3.1793 0.18459 13.903
v -3.2038 0.17304 13.871
v -3.2024 0.13126 13.868
v -3.177 0.11699 13.899
v -3.4746 0.12151 14.169
v -3.4911 0.15615 14.152
v -3.5156 0.1446 14.12
v -3.5142 0.10282 14.117
v -3.4888 0.088553 14.148
v -3.1357 0.13801 13.874
v -3.1823 0.16622 13.84
v -3.2328 0.17363 13.879
v -3.2173 0.14999 13.936
v -3.1573 0.12798 13.933
v -2.9982 0.49696 13.984
v -3.0448 0.52518 13.951
v -3.0953 0.53258 13.99
v -3.0798 0.50894 14.047
v -3.0198 0.48693 14.044
v -2.6782 1.1709 13.711
v -2.7493 1.1759 13.695
v -2.7738 1.2397 13.72
v -2.7179 1.2741 13.752
v -2.6589 1.2316 13.746
v -2.5869 1.3465 13.363
v -2.6579 1.3515 13.347
v -2.6825 1.4152 13.373
v -2.6266 1.4496 13.405
v -2.5676 1.4071 13.399
v -2.6878 1.1956 13.745
v -2.7287 1.2141 13.764
v -2.7516 1.2386 13.729
v -2.7247 1.2352 13.688
v -2.6853 1.2086 13.698
v -2.885 0.86322 13.642
v -2.926 0.88176 13.661
v -2.9488 0.90625 13.625
v -2.9219 0.90285 13.585
v -2.8825 0.87626 13.595
v -2.7191 1.2017 13.747
v -2.7326 1.2317 13.743
v -2.7226 1.2434 13.714
v -2.703 1.2205 13.7
v -2.7008 1.1948 13.721
v -3.0377 1.0342 13.573
v -3.0511 1.0642 13.569
v -3.0411 1.0758 13.539
v -3.0215 1.0529 13.525
v -3.0194 1.0272 13.546
v -2.5718 -0.15534 12.889
v -2.5944 -0.15321 12.927
v -2.6371 -0.15854 12.918
v -2.6409 -0.16397 12.874
v -2.6006 -0.16199 12.857
v -2.5325 -0.55075 12.935
v -2.555 -0.54862 12.973
v -2.5977 -0.55395 12.964
v -2.6015 -0.55938 12.92
v -2.5612 -0.5574 12.903
v -3.6941 -1.0538 12.08
v -3.7215 -1.0106 12.075
v -3.7437 -1.0111 12.028
v -3.73 -1.0545 12.005
v -3.6994 -1.0809 12.036
v -4.0132 -1.2387 12.234
v -4.0406 -1.1955 12.23
v -4.0628 -1.196 12.183
v -4.0491 -1.2394 12.16
v -4.0185 -1.2658 12.191
v -2.5879 -0.79834 11.437
v -2.6075 -0.77483 11.423
v -2.6399 -0.78441 11.426
v -2.6404 -0.81384 11.443
v -2.6083 -0.82245 11.45
v -2.6104 -0.59891 11.783
v -2.6299 -0.5754 11.769
v -2.6623 -0.58498 11.772
v -2.6628 -0.61441 11.789
v -2.6308 -0.62302 11.796
v -2.5879 -0.79834 11.437
v -2.6075 -0.77483 11.423
v -2.6399 -0.78441 11.426
v -2.6404 -0.81384 11.443
v -2.6083 -0.82245 11.45
v -2.6104 -0.59891 11.783
v -2.6299 -0.5754 11.769
v -2.6623 -0.58498 11.772
v -2.6628 -0.61441 11.789
v -2.6308 -0.62302 11.796
v -2.5879 -0.79834 11.437
v -2.6075 -0.77483 11.423
v -2.6399 -0.78441 11.426
v -2.6404 -0.81384 11.443
v -2.6083 -0.82245 11.45
v -2.6104 -0.59891 11.783
v -2.6299 -0.5754 11.769
v -2.6623 -0.58498 11.772
v -2.6628 -0.61441 11.789
v -2.6308 -0.62302 11.796
v -2.5879 -0.79834 11.437
v -2.6075 -0.77483 11.423
v -2.6399 -0.78441 11.426
v -2.6404 -0.81384 11.443
v -2.6083 -0.82245 11.45
v -2.6104 -0.59891 11.783
v -2.6299 -0.5754 11.769
v -2.6623 -0.58498 11.772
v -2.6628 -0.61441 11.789
v -2.6308 -0.62302 11.796
v -1.143 -0.040838 12.002
v -1.1885 -0.038365 12.041
v -1.2381 -0.021711 12.011
v -1.2231 -0.013891 11.953
v -1.1643 -0.025712 11.948
v -1.2274 -0.42479 11.928
v -1.273 -0.42232 11.967
v -1.3225 -0.40566 11.937
v -1.3076 -0.39784 11.88
v -1.2488 -0.40966 11.874
v -1.1634 -0.035456 11.997
v -1.1898 -0.034028 12.02
v -1.2183 -0.024413 12.003
v -1.2097 -0.019898 11.969
v -1.1758 -0.026723 11.966
v -1.2479 -0.41941 11.923
v -1.2742 -0.41798 11.946
v -1.3028 -0.40836 11.929
v -1.2942 -0.40385 11.895
v -1.2602 -0.41067 11.892
v 4.047 -1.0925 13.328
v 4.0103 -1.0221 13.363
v 3.9517 -1.0484 13.421
v 3.9522 -1.135 13.422
v 4.0111 -1.1622 13.365
v 4.3273 -1.0865 13.614
v 4.2906 -1.0161 13.648
v 4.2319 -1.0423 13.706
v 4.2325 -1.1289 13.708
v 4.2914 -1.1562 13.65
v 4.0263 -1.0856 13.332
v 4.0104 -1.0366 13.376
v 3.9725 -1.0642 13.426
v 3.9649 -1.1303 13.412
v 3.9982 -1.1435 13.354
v 4.357 -1.168 13.542
v 4.3411 -1.119 13.586
v 4.3031 -1.1466 13.635
v 4.2955 -1.2127 13.621
v 4.3288 -1.2259 13.563
v 3.4702 -1.0084 12.813
v 3.4367 -1.0088 12.78
v 3.3954 -0.99934 12.801
v 3.4032 -0.99308 12.847
v 3.4495 -0.99866 12.855
v 3.5279 -0.61757 12.751
v 3.4944 -0.61798 12.717
v 3.4531 -0.60854 12.738
v 3.4609 -0.60228 12.784
v 3.5072 -0.60786 12.792
v 3.6766 -1.4188 12.597
v 3.6336 -1.4034 12.64
v 3.5778 -1.3992 12.612
v 3.5864 -1.4121 12.551
v 3.6474 -1.4242 12.542
v 3.6105 -1.8065 12.67
v 3.5674 -1.7911 12.713
v 3.5116 -1.7869 12.685
v 3.5202 -1.7998 12.624
v 3.5812 -1.8119 12.615
v 2.6871 -2.4305 12.461
v 2.6643 -2.3995 12.551
v 2.5821 -2.4442 12.578
v 2.5542 -2.5029 12.506
v 2.6191 -2.4944 12.433
v 2.9018 -2.7287 12.62
v 2.879 -2.6977 12.709
v 2.7969 -2.7424 12.736
v 2.7689 -2.801 12.664
v 2.8338 -2.7926 12.592
v 2.651 -2.4553 12.5
v 2.6296 -2.4275 12.494
v 2.5968 -2.4367 12.505
v 2.598 -2.4702 12.517
v 2.6315 -2.4817 12.514
v 2.7285 -2.3209 12.869
v 2.707 -2.2931 12.863
v 2.6742 -2.3023 12.873
v 2.6754 -2.3358 12.885
v 2.7089 -2.3473 12.883
v 3.6068 0.94775 11.144
v 3.5648 1.0065 11.149
v 3.4973 0.98453 11.164
v 3.4977 0.91213 11.168
v 3.5654 0.8894 11.155
v 3.6857 0.96841 11.535
v 3.6437 1.0272 11.541
v 3.5762 1.0052 11.555
v 3.5765 0.93278 11.559
v 3.6443 0.91005 11.547
v 3.5621 0.94799 11.171
v 3.5512 0.96878 11.161
v 3.5336 0.96095 11.144
v 3.5337 0.93531 11.143
v 3.5513 0.92731 11.16
v 3.2847 0.94458 11.459
v 3.2737 0.96537 11.449
v 3.2562 0.95754 11.432
v 3.2563 0.9319 11.432
v 3.2739 0.9239 11.448
v 3.3715 0.48042 10.831
v 3.3759 0.54328 10.822
v 3.4327 0.55549 10.796
v 3.4636 0.50017 10.79
v 3.4257 0.45378 10.811
v 3.2143 0.43773 10.466
v 3.2186 0.50059 10.457
v 3.2755 0.51279 10.431
v 3.3063 0.45748 10.424
v 3.2685 0.41109 10.446
v 3.3966 0.49593 10.819
v 3.3984 0.52159 10.815
v 3.4216 0.52657 10.805
v 3.4342 0.50399 10.802
v 3.4187 0.48505 10.811
v 3.2393 0.45324 10.454
v 3.2411 0.4789 10.45
v 3.2643 0.48388 10.439
v 3.2769 0.4613 10.436
v 3.2615 0.44236 10.445
v 3.7507 -1.0898 11.058
v 3.7385 -1.0826 11.01
v 3.6938 -1.1035 11.002
v 3.6784 -1.1236 11.045
v 3.7135 -1.1151 11.08
v 3.5724 -0.74513 11.155
v 3.5602 -0.73794 11.107
v 3.5155 -0.75884 11.099
v 3.5001 -0.77894 11.142
v 3.5352 -0.77047 11.177
v 3.7356 -1.0953 11.05
v 3.7286 -1.0912 11.022
v 3.7028 -1.1033 11.018
v 3.6939 -1.1149 11.043
v 3.7142 -1.11 11.063
v 3.5573 -0.75068 11.147
v 3.5502 -0.74653 11.119
v 3.5245 -0.7586 11.115
v 3.5155 -0.7702 11.14
v 3.5358 -0.76531 11.16
v 3.7376 -1.0946 11.051
v 3.7299 -1.0901 11.021
v 3.7016 -1.1033 11.016
v 3.6919 -1.116 11.043
v 3.7141 -1.1106 11.065
v 3.5592 -0.74996 11.148
v 3.5515 -0.74541 11.118
v 3.5233 -0.75863 11.113
v 3.5135 -0.77134 11.14
v 3.5357 -0.76598 11.162
v 3.7376 -1.0946 11.051
v 3.7299 -1.0901 11.021
v 3.7016 -1.1033 11.016
v 3.6919 -1.116 11.043
v 3.7141 -1.1106 11.065
v 3.5592 -0.74996 11.148
v 3.5515 -0.74541 11.118
v 3.5233 -0.75863 11.113
v 3.5135 -0.77134 11.14
v 3.5357 -0.76598 11.162
v 0.68673 0.13764 10.712
v 0.65599 0.13043 10.762
v 0.59858 0.12761 10.748
v 0.59384 0.13308 10.689
v 0.64832 0.13929 10.667
v 0.71585 -0.25935 10.672
v 0.68511 -0.26657 10.722
v 0.62769 -0.26938 10.708
v 0.62295 -0.26391 10.65
v 0.67743 -0.25771 10.627
v 0.67208 0.13646 10.713
v 0.65034 0.13136 10.748
v 0.60974 0.12937 10.738
v 0.60639 0.13324 10.697
v 0.64491 0.13762 10.681
v 0.70119 -0.26053 10.674
v 0.67945 -0.26563 10.709
v 0.63886 -0.26763 10.699
v 0.6355 -0.26375 10.657
v 0.67403 -0.25937 10.642
v 0.11769 -0.50624 10.636
v 0.12033 -0.48642 10.606
v 0.10769 -0.50627 10.578
v 0.097248 -0.53836 10.591
v 0.10343 -0.53834 10.627
v -0.24944 -0.36068 10.699
v -0.2468 -0.34086 10.669
v -0.25944 -0.36071 10.642
v -0.26988 -0.3928 10.655
v -0.2637 -0.39278 10.69
v 0.11769 -0.50624 10.636
v 0.12033 -0.48642 10.606
v 0.10769 -0.50627 10.578
v 0.097248 -0.53836 10.591
v 0.10343 -0.53834 10.627
v -0.24944 -0.36068 10.699
v -0.2468 -0.34086 10.669
v -0.25944 -0.36071 10.642
v -0.26988 -0.3928 10.655
v -0.2637 -0.39278 10.69
v -0.076221 -0.72713 10.642
v -0.089393 -0.72678 10.596
v -0.13439 -0.74412 10.593
v -0.14903 -0.75519 10.637
v -0.11308 -0.74469 10.668
v -0.22165 -0.35711 10.686
v -0.23483 -0.35676 10.64
v -0.27982 -0.3741 10.637
v -0.29446 -0.38517 10.681
v -0.25851 -0.37467 10.712
v -0.086824 -0.73078 10.638
v -0.096138 -0.73053 10.605
v -0.12796 -0.74279 10.603
v -0.13831 -0.75062 10.634
v -0.11289 -0.74319 10.656
v -0.23226 -0.36076 10.682
v -0.24157 -0.36051 10.649
v -0.27339 -0.37277 10.647
v -0.28374 -0.3806 10.678
v -0.25832 -0.37317 10.7
v 0.39186 3.9335 14.045
v 0.33616 3.9942 14
v 0.24753 3.9721 14.02
v 0.24846 3.8978 14.077
v 0.33766 3.874 14.092
v 0.40353 4.1768 14.362
v 0.34783 4.2374 14.317
v 0.2592 4.2153 14.338
v 0.26012 4.1411 14.394
v 0.34932 4.1173 14.409
v 0.33697 3.9063 13.992
v 0.29325 3.9703 13.995
v 0.27591 3.9846 14.069
v 0.3089 3.9295 14.113
v 0.34664 3.881 14.065
v 0.66672 4.1301 14.026
v 0.623 4.1942 14.029
v 0.60565 4.2085 14.103
v 0.63865 4.1533 14.146
v 0.67639 4.1049 14.099
v 0.13253 3.4604 13.999
v 0.1382 3.5184 13.928
v 0.11491 3.4726 13.852
v 0.094834 3.3864 13.876
v 0.10572 3.3789 13.966
v -0.24981 3.5646 14.053
v -0.24413 3.6225 13.982
v -0.26743 3.5768 13.906
v -0.2875 3.4906 13.93
v -0.27661 3.483 14.021
v 0.12626 3.4508 13.908
v 0.12708 3.4601 13.929
v 0.1143 3.4463 13.944
v 0.10558 3.4284 13.931
v 0.11297 3.4312 13.909
v 0.45205 3.2332 13.989
v 0.45287 3.2426 14.01
v 0.44009 3.2288 14.025
v 0.43137 3.2109 14.012
v 0.43876 3.2137 13.99
v 0.19957 4.5829 12.315
v 0.17348 4.6178 12.229
v 0.090914 4.5752 12.203
v 0.065975 4.5138 12.274
v 0.13313 4.5186 12.343
v -0.0071006 4.8736 12.496
v -0.033189 4.9086 12.41
v -0.11575 4.8659 12.384
v -0.14069 4.8046 12.455
v -0.07354 4.8094 12.524
v 0.14462 4.5528 12.259
v 0.12791 4.5697 12.255
v 0.1177 4.5755 12.276
v 0.12809 4.5622 12.293
v 0.14473 4.5482 12.282
v 0.41917 4.8385 12.314
v 0.40246 4.8554 12.309
v 0.39224 4.8611 12.33
v 0.40264 4.8479 12.348
v 0.41928 4.8339 12.337
v 0.6045 4.3443 12.039
v 0.57866 4.4022 12.051
v 0.58386 4.4142 12.114
v 0.61292 4.3637 12.141
v 0.62567 4.3205 12.095
v 0.96074 4.5153 11.977
v 0.9349 4.5733 11.989
v 0.94011 4.5853 12.052
v 0.96916 4.5347 12.079
v 0.98192 4.4915 12.033
v 0.21083 3.6502 11.808
v 0.19453 3.6848 11.856
v 0.14783 3.6568 11.884
v 0.13526 3.605 11.854
v 0.1742 3.6009 11.807
v 0.47043 3.4515 12.038
v 0.45414 3.4861 12.086
v 0.40743 3.4581 12.115
v 0.39486 3.4063 12.084
v 0.4338 3.4022 12.037
v 0.18966 3.6443 11.827
v 0.18237 3.6598 11.848
v 0.16148 3.6473 11.861
v 0.15586 3.6241 11.847
v 0.17327 3.6223 11.826
v 0.44926 3.4456 12.057
v 0.44197 3.4611 12.079
v 0.42108 3.4486 12.091
v 0.41546 3.4254 12.078
v 0.43288 3.4236 12.056
v 1.4989 1.7642 13.527
v 1.4652 1.818 13.535
v 1.4271 1.8094 13.586
v 1.4372 1.7502 13.609
v 1.4816 1.7223 13.572
v 1.7866 1.9049 13.766
v 1.7529 1.9587 13.775
v 1.7148 1.9501 13.826
v 1.7249 1.8909 13.848
v 1.7693 1.863 13.812
v 1.2762 1.6933 12.942
v 1.2262 1.6946 12.934
v 1.2098 1.741 12.947
v 1.2496 1.7682 12.962
v 1.2907 1.7388 12.959
v 1.3378 1.8137 12.566
v 1.2878 1.815 12.558
v 1.2713 1.8613 12.57
v 1.3112 1.8886 12.585
v 1.3522 1.8592 12.583
v 1.2728 1.6978 12.943
v 1.2295 1.699 12.936
v 1.2152 1.7391 12.947
v 1.2497 1.7627 12.96
v 1.2853 1.7372 12.958
v 1.3343 1.8182 12.567
v 1.291 1.8194 12.56
v 1.2768 1.8595 12.57
v 1.3113 1.8831 12.584
v 1.3469 1.8576 12.581
v 1.0286 1.6867 13.3
v 0.98649 1.6914 13.318
v 0.96436 1.723 13.293
v 0.99276 1.7378 13.26
v 1.0324 1.7153 13.265
v 0.8946 1.4008 13.055
v 0.85253 1.4055 13.072
v 0.83041 1.4371 13.047
v 0.8588 1.4519 13.015
v 0.89847 1.4294 13.019
v 1.0286 1.6867 13.3
v 0.98649 1.6914 13.318
v 0.96436 1.723 13.293
v 0.99276 1.7378 13.26
v 1.0324 1.7153 13.265
v 0.8946 1.4008 13.055
v 0.85253 1.4055 13.072
v 0.83041 1.4371 13.047
v 0.8588 1.4519 13.015
v 0.89847 1.4294 13.019
v -0.34026 2.701 14.023
v -0.298 2.7039 14.047
v -0.28877 2.6598 14.067
v -0.32533 2.6297 14.054
v -0.35715 2.6552 14.027
v -0.1406 2.5976 13.692
v -0.098344 2.6004 13.716
v -0.089122 2.5564 13.736
v -0.12568 2.5263 13.723
v -0.1575 2.5518 13.696
v -0.34026 2.701 14.023
v -0.298 2.7039 14.047
v -0.28877 2.6598 14.067
v -0.32533 2.6297 14.054
v -0.35715 2.6552 14.027
v -0.1406 2.5976 13.692
v -0.098344 2.6004 13.716
v -0.089122 2.5564 13.736
v -0.12568 2.5263 13.723
v -0.1575 2.5518 13.696
v -0.16014 2.5206 12.243
v -0.13216 2.52 12.199
v -0.1458 2.4774 12.172
v -0.18221 2.4518 12.199
v -0.19107 2.4784 12.243
v -0.44664 2.7301 12.059
v -0.41866 2.7295 12.015
v -0.4323 2.6869 11.987
v -0.46871 2.6613 12.015
v -0.47757 2.688 12.059
v 3.3344 3.0197 11.976
v 3.2758 3.0838 11.943
v 3.1919 3.0672 11.979
v 3.1986 2.9928 12.034
v 3.2867 2.9634 12.032
v 3.4208 3.2575 12.286
v 3.3622 3.3216 12.253
v 3.2782 3.305 12.289
v 3.2849 3.2306 12.344
v 3.3731 3.2013 12.342
v -2.4824 -3.2683 13.998
v -2.5311 -3.2037 14.003
v -2.6007 -3.2218 13.966
v -2.5951 -3.2976 13.938
v -2.522 -3.3264 13.958
v -2.631 -3.4069 14.343
v -2.6796 -3.3422 14.348
v -2.7493 -3.3604 14.31
v -2.7437 -3.4362 14.282
v -2.6706 -3.4649 14.302
v -2.5582 -3.2706 14.028
v -2.5566 -3.2115 13.995
v -2.5407 -3.2244 13.93
v -2.5324 -3.2914 13.924
v -2.5433 -3.3199 13.984
v -2.9465 -3.3097 13.94
v -2.9449 -3.2506 13.907
v -2.9289 -3.2635 13.842
v -2.9207 -3.3305 13.836
v -2.9315 -3.359 13.896
v -2.402 -2.7579 13.817
v -2.4204 -2.7256 13.753
v -2.4801 -2.7597 13.727
v -2.4986 -2.8131 13.774
v -2.4504 -2.812 13.83
v -2.6366 -2.5014 14.015
v -2.655 -2.4691 13.951
v -2.7146 -2.5032 13.925
v -2.7332 -2.5566 13.972
v -2.6849 -2.5555 14.028
v -0.85401 -2.8253 11.468
v -0.80465 -2.8683 11.483
v -0.83174 -2.9296 11.49
v -0.89785 -2.9244 11.478
v -0.91161 -2.8599 11.465
v -0.79241 -2.8928 11.079
v -0.74305 -2.9359 11.094
v -0.77014 -2.9972 11.1
v -0.83624 -2.9919 11.089
v -0.85 -2.9274 11.076
v -0.85699 -2.8534 11.473
v -0.83231 -2.8749 11.48
v -0.84586 -2.9055 11.483
v -0.87891 -2.9029 11.478
v -0.88579 -2.8707 11.471
v -0.79539 -2.9209 11.083
v -0.77071 -2.9425 11.091
v -0.78425 -2.9731 11.094
v -0.81731 -2.9705 11.088
v -0.82419 -2.9382 11.082
v 1.0932 -3.5586 13.063
v 1.071 -3.537 13.102
v 1.0244 -3.5531 13.104
v 1.0177 -3.5847 13.066
v 1.0602 -3.5881 13.041
v 1.2071 -3.861 13.299
v 1.185 -3.8394 13.338
v 1.1384 -3.8555 13.339
v 1.1317 -3.8871 13.302
v 1.1742 -3.8905 13.277
v 0.20367 -3.1467 13.063
v 0.19293 -3.1874 13.128
v 0.1194 -3.2127 13.129
v 0.084696 -3.1876 13.064
v 0.13678 -3.1469 13.023
v 0.31643 -3.4807 12.873
v 0.30569 -3.5214 12.939
v 0.23215 -3.5466 12.94
v 0.19745 -3.5216 12.875
v 0.24953 -3.4808 12.834
v 0.12398 -3.1904 13.051
v 0.12681 -3.1451 13.066
v 0.15822 -3.1429 13.101
v 0.17482 -3.1868 13.109
v 0.15366 -3.2162 13.078
v 0.41835 -3.1255 12.788
v 0.42117 -3.0801 12.803
v 0.45259 -3.0779 12.839
v 0.46919 -3.1219 12.846
v 0.44803 -3.1513 12.815
v 0.13158 -3.1858 13.061
v 0.13349 -3.1551 13.071
v 0.15476 -3.1536 13.095
v 0.16599 -3.1834 13.1
v 0.15167 -3.2033 13.079
v 0.42595 -3.1209 12.798
v 0.42786 -3.0902 12.808
v 0.44913 -3.0887 12.832
v 0.46036 -3.1185 12.837
v 0.44604 -3.1384 12.816
v 0.13158 -3.1858 13.061
v 0.13349 -3.1551 13.071
v 0.15476 -3.1536 13.095
v 0.16599 -3.1834 13.1
v 0.15167 -3.2033 13.079
v 0.42595 -3.1209 12.798
v 0.42786 -3.0902 12.808
v 0.44913 -3.0887 12.832
v 0.46036 -3.1185 12.837
v 0.44604 -3.1384 12.816
v -3.7343 3.0022 13.501
v -3.7695 3.0533 13.449
v -3.8418 3.0226 13.429
v -3.8513 2.9526 13.469
v -3.7849 2.94 13.513
v -3.9027 3.1982 13.807
v -3.9379 3.2493 13.754
v -4.0102 3.2186 13.734
v -4.0196 3.1486 13.774
v -3.9532 3.136 13.819
v -3.8042 3.0367 13.531
v -3.7583 3.055 13.461
v -3.765 2.9892 13.407
v -3.815 2.9302 13.443
v -3.8392 2.9595 13.52
v -4.1256 3.2065 13.364
v -4.0798 3.2248 13.294
v -4.0864 3.159 13.24
v -4.1364 3.1 13.276
v -4.1607 3.1293 13.353
v 0.19492 -0.067957 16.405
v 0.077102 0.094313 16.396
v -0.1137 0.032211 16.39
v -0.1138 -0.16844 16.396
v 0.076936 -0.23035 16.405
v 0.18003 -0.056991 16.804
v 0.062207 0.10528 16.795
v -0.12859 0.043177 16.79
v -0.1287 -0.15747 16.796
v 0.062041 -0.21938 16.804
v 0.13903 -0.055049 16.405
v 0.072106 -0.12808 16.312
v -0.060894 -0.11814 16.338
v -0.076171 -0.038972 16.448
v 0.047388 2.2121e-05 16.489
v 0.11616 0.26702 16.169
v 0.049236 0.19399 16.076
v -0.083764 0.20393 16.102
v -0.09904 0.2831 16.212
v 0.024518 0.32209 16.253
v -0.12869 0.18777 15.787
v -0.19453 0.27806 15.787
v -0.26896 0.2669 15.869
v -0.24912 0.16972 15.921
v -0.16243 0.12082 15.87
v 0.12234 0.37201 16.038
v 0.056498 0.46229 16.038
v -0.017926 0.45114 16.12
v 0.0019174 0.35396 16.172
v 0.088606 0.30506 16.121
v -0.16189 0.25278 15.788
v -0.14297 0.25346 15.887
v -0.20389 0.18669 15.93
v -0.26047 0.14474 15.859
v -0.23451 0.18559 15.771
v 0.11399 -0.032338 15.737
v 0.13291 -0.031655 15.836
v 0.071987 -0.098427 15.879
v 0.015409 -0.14038 15.808
v 0.041368 -0.099532 15.72
v 0.71631 -0.32699 15.831
v 0.68379 -0.21289 15.897
v 0.6449 -0.2465 16.023
v 0.65338 -0.38137 16.035
v 0.69752 -0.43112 15.916
v 1.0942 -0.29214 15.958
v 1.0617 -0.17804 16.024
v 1.0228 -0.21165 16.149
v 1.0313 -0.34653 16.161
v 1.0754 -0.39627 16.043
v 0.73823 -0.3156 15.94
v 0.70139 -0.3727 15.955
v 0.63386 -0.35666 15.95
v 0.62896 -0.28964 15.932
v 0.69346 -0.26427 15.926
v 0.74196 -0.4196 15.554
v 0.70513 -0.4767 15.569
v 0.6376 -0.46065 15.564
v 0.63269 -0.39364 15.546
v 0.69719 -0.36826 15.539
v 0.038149 -0.2415 15.685
v -0.017021 -0.16795 15.692
v -0.10134 -0.19245 15.664
v -0.098283 -0.28114 15.639
v -0.012074 -0.31145 15.651
v -0.055429 -0.35102 16.058
v -0.1106 -0.27747 16.066
v -0.19492 -0.30197 16.037
v -0.19186 -0.39065 16.012
v -0.10565 -0.42097 16.025
v -0.019618 -0.23953 15.671
v -0.032998 -0.22169 15.673
v -0.053449 -0.22763 15.666
v -0.052707 -0.24914 15.66
v -0.031798 -0.25649 15.663
v -0.1132 -0.34905 16.044
v -0.12658 -0.33121 16.046
v -0.14703 -0.33715 16.039
v -0.14628 -0.35866 16.033
v -0.12538 -0.36601 16.036
v 0.25726 -0.25262 14.752
v 0.25418 -0.20074 14.79
v 0.24848 -0.22109 14.851
v 0.24803 -0.28555 14.851
v 0.25345 -0.30504 14.79
v 0.6556 -0.25571 14.789
v 0.65252 -0.20382 14.827
v 0.64682 -0.22417 14.888
v 0.64637 -0.28864 14.887
v 0.65179 -0.30812 14.826
v 0.13167 0.049822 14.813
v 0.081626 0.071965 14.764
v 0.015722 0.07446 14.797
v 0.025038 0.053858 14.868
v 0.096701 0.038631 14.878
v 0.19818 0.43067 14.916
v 0.14814 0.45281 14.866
v 0.082231 0.4553 14.9
v 0.091547 0.4347 14.97
v 0.16321 0.41947 14.98
v 0.097666 0.054203 14.819
v 0.075284 0.064106 14.797
v 0.04581 0.065221 14.812
v 0.049977 0.056008 14.843
v 0.082025 0.049198 14.848
v 0.16417 0.43505 14.922
v 0.14179 0.44495 14.9
v 0.11232 0.44607 14.915
v 0.11649 0.43685 14.946
v 0.14853 0.43004 14.951
v -0.046462 0.10893 15
v -0.057214 0.13064 15.019
v -0.080407 0.11814 15.035
v -0.08399 0.088694 15.026
v -0.063011 0.083003 15.004
v 0.21531 -0.010489 15.277
v 0.20455 0.011224 15.297
v 0.18136 -0.0012809 15.313
v 0.17778 -0.030722 15.304
v 0.19876 -0.036413 15.282
v -0.046462 0.10893 15
v -0.057214 0.13064 15.019
v -0.080407 0.11814 15.035
v -0.08399 0.088694 15.026
v -0.063011 0.083003 15.004
v 0.21531 -0.010489 15.277
v 0.20455 0.011224 15.297
v 0.18136 -0.0012809 15.313
v 0.17778 -0.030722 15.304
v 0.19876 -0.036413 15.282
v 0.48908 -0.52407 15.517
v 0.4016 -0.45345 15.555
v 0.33319 -0.4273 15.462
v 0.37838 -0.48176 15.367
v 0.47472 -0.54157 15.401
v 0.26268 -0.84491 15.594
v 0.17521 -0.77429 15.631
v 0.1068 -0.74814 15.538
v 0.15199 -0.8026 15.443
v 0.24833 -0.86241 15.477
v 0.43332 -0.49274 15.463
v 0.41417 -0.50208 15.471
v 0.39671 -0.48868 15.465
v 0.40507 -0.47106 15.453
v 0.4277 -0.47357 15.452
v 0.39044 -0.69999 15.123
v 0.37128 -0.70933 15.131
v 0.35382 -0.69593 15.125
v 0.36219 -0.67831 15.113
v 0.38482 -0.68082 15.112
v 0.68784 -0.18214 15.26
v 0.67321 -0.16786 15.236
v 0.64318 -0.17795 15.236
v 0.63923 -0.19846 15.259
v 0.66683 -0.20105 15.275
v 0.58172 0.11869 15.502
v 0.5671 0.13296 15.477
v 0.53707 0.12287 15.477
v 0.53312 0.10236 15.501
v 0.56072 0.099772 15.516
v 0.075644 -0.060507 14.903
v 0.057724 -0.038533 14.89
v 0.027969 -0.047478 14.892
v 0.0275 -0.074981 14.907
v 0.056965 -0.083033 14.914
v 0.051664 0.12814 15.255
v 0.033743 0.15011 15.242
v 0.0039884 0.14117 15.244
v 0.0035193 0.11367 15.259
v 0.032984 0.10561 15.265
v 0.075644 -0.060507 14.903
v 0.057724 -0.038533 14.89
v 0.027969 -0.047478 14.892
v 0.0275 -0.074981 14.907
v 0.056965 -0.083033 14.914
v 0.051664 0.12814 15.255
v 0.033743 0.15011 15.242
v 0.0039884 0.14117 15.244
v 0.0035193 0.11367 15.259
v 0.032984 0.10561 15.265
v -0.10035 0.047165 14.901
v -0.094829 0.013432 14.893
v -0.12603 -0.0028497 14.892
v -0.15084 0.02082 14.9
v -0.13497 0.051731 14.906
v -0.13852 0.13773 14.513
v -0.13299 0.104 14.505
v -0.1642 0.087715 14.504
v -0.18901 0.11138 14.512
v -0.17314 0.1423 14.518
v -0.086063 0.025896 14.911
v -0.11064 0.061598 14.903
v -0.1501 0.048188 14.889
v -0.1499 0.0041969 14.888
v -0.11033 -0.00958 14.901
v -0.21784 0.015571 15.288
v -0.24241 0.051273 15.281
v -0.28187 0.037862 15.266
v -0.28168 -0.0061285 15.265
v -0.2421 -0.019905 15.279
v -0.95066 0.16552 15.409
v -0.98881 0.24708 15.351
v -1.0621 0.2075 15.282
v -1.0693 0.10147 15.299
v -1.0004 0.075527 15.378
v -1.2371 0.22805 15.682
v -1.2752 0.30962 15.623
v -1.3485 0.27003 15.555
v -1.3557 0.16401 15.571
v -1.2868 0.13806 15.65
v -0.83046 0.46165 15.163
v -0.85616 0.43463 15.208
v -0.91341 0.43358 15.198
v -0.92309 0.45995 15.147
v -0.87182 0.4773 15.126
v -0.79037 0.1114 14.974
v -0.81607 0.084378 15.019
v -0.87332 0.083325 15.009
v -0.883 0.10969 14.958
v -0.83173 0.12704 14.937
v -0.85917 0.45678 15.166
v -0.86967 0.44575 15.184
v -0.89304 0.44532 15.18
v -0.89699 0.45609 15.159
v -0.87606 0.46317 15.151
v -0.81909 0.10653 14.977
v -0.82958 0.095497 14.995
v -0.85295 0.095067 14.991
v -0.8569 0.10583 14.97
v -0.83597 0.11292 14.962
v -0.60639 -0.68873 15.028
v -0.66348 -0.66145 15.072
v -0.7243 -0.64894 15.027
v -0.7048 -0.66848 14.955
v -0.63192 -0.69307 14.956
v -0.73332 -1.0621 15.095
v -0.79041 -1.0348 15.139
v -0.85123 -1.0223 15.094
v -0.83172 -1.0418 15.022
v -0.75885 -1.0664 15.023
v -0.6397 -0.70821 15.026
v -0.69231 -0.69399 15.042
v -0.70881 -0.64956 15.01
v -0.66639 -0.63633 14.975
v -0.62368 -0.67258 14.984
v -0.79063 -0.95747 14.752
v -0.84324 -0.94325 14.768
v -0.85974 -0.89883 14.736
v -0.81733 -0.88559 14.701
v -0.77462 -0.92184 14.71
v 0.026823 0.46615 14.617
v 0.027431 0.46841 14.668
v -0.010621 0.43919 14.686
v -0.034746 0.41887 14.645
v -0.011604 0.43553 14.603
v 0.27354 0.1515 14.628
v 0.27415 0.15376 14.679
v 0.2361 0.12453 14.697
v 0.21197 0.10421 14.656
v 0.23512 0.12088 14.614
v 0.01314 0.45589 14.63
v 0.013444 0.45702 14.656
v -0.0055823 0.44241 14.665
v -0.017645 0.43225 14.645
v -0.0060738 0.44058 14.623
v 0.25986 0.14124 14.641
v 0.26016 0.14237 14.667
v 0.24114 0.12775 14.676
v 0.22908 0.11759 14.656
v 0.24065 0.12593 14.634
v 0.35376 0.058415 15.036
v 0.38938 0.020416 15.015
v 0.36097 -0.027577 15.007
v 0.3078 -0.019241 15.024
v 0.30334 0.033906 15.042
v 0.25689 0.17621 14.666
v 0.2925 0.13821 14.645
v 0.2641 0.090215 14.637
v 0.21093 0.098551 14.654
v 0.20647 0.1517 14.672
v 0.34784 0.033412 15.03
v 0.36377 0.016418 15.02
v 0.35106 -0.0050451 15.017
v 0.32728 -0.0013168 15.024
v 0.32529 0.022451 15.032
v 0.25097 0.1512 14.66
v 0.2669 0.13421 14.65
v 0.25419 0.11275 14.647
v 0.23041 0.11648 14.654
v 0.22842 0.14024 14.662
v -0.059908 0.051894 14.025
v -0.07455 0.072812 14.042
v -0.10266 0.061612 14.049
v -0.10539 0.033772 14.036
v -0.078968 0.027766 14.021
v 0.088626 -0.1209 14.353
v 0.073984 -0.099978 14.371
v 0.045874 -0.11118 14.378
v 0.043143 -0.13902 14.364
v 0.069565 -0.14502 14.349
v -0.059908 0.051894 14.025
v -0.07455 0.072812 14.042
v -0.10266 0.061612 14.049
v -0.10539 0.033772 14.036
v -0.078968 0.027766 14.021
v 0.088626 -0.1209 14.353
v 0.073984 -0.099978 14.371
v 0.045874 -0.11118 14.378
v 0.043143 -0.13902 14.364
v 0.069565 -0.14502 14.349
v -0.059908 0.051894 14.025
v -0.07455 0.072812 14.042
v -0.10266 0.061612 14.049
v -0.10539 0.033772 14.036
v -0.078968 0.027766 14.021
v 0.088626 -0.1209 14.353
v 0.073984 -0.099978 14.371
v 0.045874 -0.11118 14.378
v 0.043143 -0.13902 14.364
v 0.069565 -0.14502 14.349
v -0.059908 0.051894 14.025
v -0.07455 0.072812 14.042
v -0.10266 0.061612 14.049
v -0.10539 0.033772 14.036
v -0.078968 0.027766 14.021
v 0.088626 -0.1209 14.353
v 0.073984 -0.099978 14.371
v 0.045874 -0.11118 14.378
v 0.043143 -0.13902 14.364
v 0.069565 -0.14502 14.349
v -0.011803 0.17984 14.101
v -0.031901 0.20211 14.133
v -0.073084 0.18731 14.136
v -0.078438 0.1559 14.106
v -0.040565 0.15128 14.084
v 0.1064 -0.095058 14.366
v 0.086302 -0.072794 14.398
v 0.04512 -0.087593 14.401
v 0.039765 -0.119 14.371
v 0.077638 -0.12362 14.35
v -0.022159 0.17851 14.104
v -0.03637 0.19425 14.127
v -0.06549 0.18379 14.129
v -0.069277 0.16158 14.108
v -0.042496 0.15831 14.092
v 0.096045 -0.096392 14.37
v 0.081834 -0.080649 14.392
v 0.052713 -0.091114 14.394
v 0.048926 -0.11332 14.373
v 0.075707 -0.11659 14.358
v 1.2569 0.92177 14.679
v 1.2145 0.96488 14.62
v 1.1339 0.93974 14.622
v 1.1265 0.8811 14.683
v 1.2026 0.86999 14.718
v 1.1753 1.2076 14.947
v 1.1329 1.2507 14.888
v 1.0523 1.2255 14.89
v 1.0449 1.1669 14.951
v 1.121 1.1558 14.986
v 1.1699 0.90625 14.672
v 1.1728 0.93021 14.669
v 1.1952 0.93384 14.66
v 1.2061 0.91211 14.657
v 1.1904 0.89506 14.665
v 1.026 0.87102 14.3
v 1.029 0.89498 14.297
v 1.0514 0.89861 14.288
v 1.0622 0.87688 14.286
v 1.0466 0.85983 14.294
v 1.1196 0.42756 14.219
v 1.1164 0.47827 14.245
v 1.1274 0.47055 14.3
v 1.1373 0.41507 14.309
v 1.1324 0.3885 14.258
v 1.5092 0.48669 14.15
v 1.506 0.5374 14.176
v 1.5169 0.52967 14.231
v 1.5269 0.4742 14.24
v 1.522 0.44763 14.19
v 1.1775 0.28571 14.328
v 1.1691 0.34156 14.306
v 1.1846 0.34128 14.248
v 1.2025 0.28526 14.234
v 1.1981 0.25092 14.283
v 0.80162 0.19091 14.229
v 0.79328 0.24675 14.208
v 0.80874 0.24647 14.149
v 0.82664 0.19045 14.135
v 0.82225 0.15611 14.184
v 1.1824 0.29413 14.302
v 1.1786 0.31911 14.292
v 1.1855 0.31898 14.266
v 1.1935 0.29393 14.259
v 1.1916 0.27857 14.281
v 0.80653 0.19933 14.203
v 0.8028 0.2243 14.193
v 0.80971 0.22418 14.167
v 0.81772 0.19912 14.16
v 0.81576 0.18377 14.183
v 0.67713 -2.114 15.245
v 0.63049 -2.0624 15.306
v 0.54216 -2.0914 15.307
v 0.53422 -2.161 15.246
v 0.61763 -2.175 15.207
v 0.76647 -2.3771 15.532
v 0.71983 -2.3255 15.594
v 0.6315 -2.3545 15.595
v 0.62356 -2.4241 15.534
v 0.70697 -2.4381 15.495
v 0.41579 -1.0086 14.234
v 0.38196 -0.96948 14.244
v 0.34124 -0.97424 14.211
v 0.3499 -1.0163 14.18
v 0.39598 -1.0375 14.194
v 0.22694 -1.2404 14.499
v 0.19311 -1.2012 14.51
v 0.15239 -1.206 14.476
v 0.16105 -1.2481 14.446
v 0.20713 -1.2693 14.46
v 0.40758 -1.0152 14.232
v 0.37315 -0.99122 14.25
v 0.344 -0.98108 14.216
v 0.36042 -0.99879 14.178
v 0.39971 -1.0199 14.187
v 0.20805 -1.3546 14.303
v 0.17362 -1.3306 14.321
v 0.14447 -1.3205 14.287
v 0.16089 -1.3382 14.248
v 0.20018 -1.3593 14.258
v -0.12452 -1.3846 13.606
v -0.14666 -1.3529 13.589
v -0.18542 -1.3672 13.581
v -0.18723 -1.4076 13.593
v -0.14959 -1.4183 13.608
v -0.24342 -1.2736 13.972
v -0.26556 -1.242 13.955
v -0.30432 -1.2562 13.946
v -0.30614 -1.2966 13.958
v -0.2685 -1.3074 13.974
v -0.85139 1.9776 15.28
v -0.90252 2.0555 15.209
v -1.0052 2.0113 15.175
v -1.0175 1.906 15.225
v -0.92247 1.8852 15.29
v -1.0298 2.1468 15.596
v -1.0809 2.2247 15.525
v -1.1836 2.1805 15.491
v -1.1959 2.0752 15.54
v -1.1009 2.0544 15.605
v -0.90535 1.9387 15.183
v -0.9562 2.0018 15.178
v -0.98442 2.017 15.253
v -0.95101 1.9633 15.304
v -0.90214 1.9149 15.261
v -0.6004 2.1894 15.248
v -0.65125 2.2525 15.243
v -0.67948 2.2677 15.317
v -0.64607 2.214 15.368
v -0.5972 2.1656 15.325
v -0.74497 1.4959 15.133
v -0.8058 1.5522 15.192
v -0.90178 1.5324 15.165
v -0.90028 1.4639 15.09
v -0.80337 1.4413 15.071
v -0.75839 1.201 15.403
v -0.81921 1.2573 15.462
v -0.9152 1.2375 15.435
v -0.9137 1.169 15.36
v -0.81678 1.1464 15.34
v -0.80475 1.477 15.111
v -0.84222 1.4958 15.093
v -0.86452 1.5164 15.127
v -0.84083 1.5105 15.165
v -0.80389 1.4861 15.155
v -0.6021 1.8141 15.038
v -0.63957 1.8329 15.02
v -0.66187 1.8535 15.054
v -0.63818 1.8476 15.092
v -0.60124 1.8232 15.082
v -0.75891 2.4223 14.531
v -0.77458 2.4211 14.575
v -0.81877 2.4079 14.574
v -0.83042 2.4008 14.529
v -0.79343 2.4097 14.503
v -0.64502 2.0401 14.562
v -0.66068 2.039 14.606
v -0.70488 2.0257 14.605
v -0.71653 2.0186 14.561
v -0.67953 2.0275 14.535
v -0.77426 2.4181 14.536
v -0.7833 2.4174 14.561
v -0.80882 2.4098 14.56
v -0.81555 2.4057 14.535
v -0.79419 2.4108 14.52
v -0.66036 2.0359 14.567
v -0.66941 2.0353 14.592
v -0.69492 2.0276 14.592
v -0.70165 2.0235 14.566
v -0.68029 2.0287 14.551
v -0.036925 1.4164 14.379
v -0.060686 1.4497 14.371
v -0.099749 1.4365 14.366
v -0.10013 1.3951 14.37
v -0.061303 1.3827 14.378
v -0.10671 1.458 14.771
v -0.13047 1.4913 14.763
v -0.16953 1.4781 14.757
v -0.16991 1.4367 14.762
v -0.13109 1.4243 14.77
v -0.047127 1.4163 14.377
v -0.063929 1.4398 14.372
v -0.09155 1.4305 14.368
v -0.09182 1.4013 14.371
v -0.064365 1.3925 14.377
v -0.11691 1.4579 14.769
v -0.13371 1.4814 14.764
v -0.16133 1.4721 14.76
v -0.1616 1.4429 14.763
v -0.13415 1.4341 14.768
v 0.56899 1.3966 13.917
v 0.55929 1.4496 13.945
v 0.55729 1.4393 14.005
v 0.56576 1.3799 14.014
v 0.57299 1.3535 13.96
v 0.96379 1.4565 13.941
v 0.95409 1.5095 13.968
v 0.95209 1.4992 14.028
v 0.96056 1.4398 14.037
v 0.96779 1.4134 13.983
v -1.4301 -0.1245 14.452
v -1.4731 -0.075351 14.459
v -1.4934 -0.058416 14.399
v -1.463 -0.097103 14.355
v -1.4239 -0.13795 14.388
v -1.7289 -0.38906 14.479
v -1.7719 -0.33991 14.485
v -1.7922 -0.32297 14.425
v -1.7619 -0.36166 14.382
v -1.7227 -0.4025 14.415
v -1.3351 -1.8864 15.044
v -1.396 -1.8056 15.053
v -1.4878 -1.8316 15.018
v -1.4837 -1.9285 14.988
v -1.3893 -1.9623 15.004
v -1.4397 -2.0055 15.411
v -1.5006 -1.9247 15.42
v -1.5925 -1.9508 15.385
v -1.5883 -2.0476 15.355
v -1.4939 -2.0815 15.371
v -1.0279 -2.0118 14.543
v -1.0353 -2.0145 14.6
v -1.0855 -2.0412 14.61
v -1.109 -2.055 14.559
v -1.0734 -2.0368 14.517
v -0.8389 -2.3643 14.55
v -0.84633 -2.367 14.607
v -0.89651 -2.3937 14.618
v -0.92009 -2.4074 14.567
v -0.88449 -2.3893 14.525
v -1.9047 -1.288 13.499
v -1.9171 -1.2453 13.519
v -1.9243 -1.2524 13.567
v -1.9164 -1.2994 13.576
v -1.9043 -1.3215 13.535
v -1.5189 -1.209 13.569
v -1.5313 -1.1663 13.589
v -1.5385 -1.1733 13.637
v -1.5306 -1.2204 13.646
v -1.5185 -1.2424 13.605
v -1.9047 -1.288 13.499
v -1.9171 -1.2453 13.519
v -1.9243 -1.2524 13.567
v -1.9164 -1.2994 13.576
v -1.9043 -1.3215 13.535
v -1.5189 -1.209 13.569
v -1.5313 -1.1663 13.589
v -1.5385 -1.1733 13.637
v -1.5306 -1.2204 13.646
v -1.5185 -1.2424 13.605
v 3.0382 0.4596 14.804
v 2.9898 0.53375 14.817
v 2.9225 0.51353 14.872
v 2.9294 0.42688 14.894
v 3.0009 0.39356 14.851
v 3.2679 0.55522 15.117
v 3.2195 0.62936 15.13
v 3.1522 0.60914 15.185
v 3.1591 0.5225 15.207
v 3.2306 0.48917 15.165
v 3.0353 0.48637 14.821
v 3.0143 0.49023 14.898
v 2.9406 0.45987 14.905
v 2.916 0.43724 14.833
v 2.9746 0.45362 14.781
v 3.1909 0.12285 14.882
v 3.1699 0.12671 14.959
v 3.0961 0.096349 14.966
v 3.0716 0.07372 14.893
v 3.1301 0.090098 14.841
v 3.0642 0.30307 14.289
v 3.0896 0.31993 14.355
v 3.0682 0.26799 14.401
v 3.0295 0.21903 14.364
v 3.027 0.24071 14.294
v 3.3985 0.09722 14.212
v 3.424 0.11408 14.278
v 3.4026 0.062148 14.325
v 3.3639 0.013186 14.287
v 3.3614 0.034862 14.218
v 2.9976 1.0141 13.68
v 2.9399 1.0823 13.67
v 2.8927 1.0898 13.746
v 2.9212 1.0263 13.803
v 2.9861 0.97952 13.762
v 3.2715 1.267 13.825
v 3.2138 1.3351 13.816
v 3.1665 1.3426 13.892
v 3.1951 1.2791 13.948
v 3.2599 1.2323 13.907
v 2.3299 0.61122 13.618
v 2.3196 0.6505 13.633
v 2.3226 0.64975 13.676
v 2.3347 0.61 13.688
v 2.3392 0.58618 13.652
v 2.7138 0.72102 13.594
v 2.7035 0.76031 13.608
v 2.7064 0.75955 13.651
v 2.7186 0.7198 13.663
v 2.7231 0.69598 13.628
v 2.3299 0.61122 13.618
v 2.3196 0.6505 13.633
v 2.3226 0.64975 13.676
v 2.3347 0.61 13.688
v 2.3392 0.58618 13.652
v 2.7138 0.72102 13.594
v 2.7035 0.76031 13.608
v 2.7064 0.75955 13.651
v 2.7186 0.7198 13.663
v 2.7231 0.69598 13.628
v 1.5158 -0.58909 13.755
v 1.4936 -0.56823 13.795
v 1.4461 -0.58467 13.797
v 1.4389 -0.61569 13.758
v 1.482 -0.61842 13.732
v 1.6314 -0.89878 13.98
v 1.6092 -0.87792 14.02
v 1.5617 -0.89436 14.022
v 1.5545 -0.92538 13.983
v 1.5976 -0.92811 13.957
v 1.5084 -0.59022 13.757
v 1.4903 -0.57318 13.79
v 1.4515 -0.5866 13.792
v 1.4456 -0.61193 13.76
v 1.4808 -0.61417 13.739
v 1.624 -0.89991 13.983
v 1.6059 -0.88287 14.015
v 1.5671 -0.89629 14.017
v 1.5612 -0.92162 13.985
v 1.5964 -0.92386 13.964
v 1.3074 -0.93476 13.764
v 1.2748 -0.91954 13.793
v 1.2358 -0.91535 13.769
v 1.2443 -0.92797 13.726
v 1.2886 -0.93997 13.723
v 1.2109 -1.3121 13.855
v 1.1783 -1.2969 13.884
v 1.1393 -1.2927 13.86
v 1.1478 -1.3053 13.817
v 1.1921 -1.3173 13.814
v -0.737 -1.0122 12.736
v -0.73445 -1.0425 12.716
v -0.76759 -1.058 12.715
v -0.79061 -1.0372 12.734
v -0.77171 -1.0089 12.748
v -0.82264 -0.79899 12.409
v -0.82009 -0.82929 12.389
v -0.85322 -0.84479 12.387
v -0.87625 -0.82407 12.407
v -0.85735 -0.79577 12.42
v -0.737 -1.0122 12.736
v -0.73445 -1.0425 12.716
v -0.76759 -1.058 12.715
v -0.79061 -1.0372 12.734
v -0.77171 -1.0089 12.748
v -0.82264 -0.79899 12.409
v -0.82009 -0.82929 12.389
v -0.85322 -0.84479 12.387
v -0.87625 -0.82407 12.407
v -0.85735 -0.79577 12.42
v -0.737 -1.0122 12.736
v -0.73445 -1.0425 12.716
v -0.76759 -1.058 12.715
v -0.79061 -1.0372 12.734
v -0.77171 -1.0089 12.748
v -0.82264 -0.79899 12.409
v -0.82009 -0.82929 12.389
v -0.85322 -0.84479 12.387
v -0.87625 -0.82407 12.407
v -0.85735 -0.79577 12.42
v -0.737 -1.0122 12.736
v -0.73445 -1.0425 12.716
v -0.76759 -1.058 12.715
v -0.79061 -1.0372 12.734
v -0.77171 -1.0089 12.748
v -0.82264 -0.79899 12.409
v -0.82009 -0.82929 12.389
v -0.85322 -0.84479 12.387
v -0.87625 -0.82407 12.407
v -0.85735 -0.79577 12.42
v -1.5796 1.5852 13.298
v -1.5626 1.5551 13.311
v -1.5877 1.5283 13.314
v -1.6203 1.5419 13.303
v -1.6153 1.5771 13.293
v -1.5042 1.4684 12.923
v -1.4872 1.4382 12.936
v -1.5124 1.4115 12.939
v -1.545 1.4251 12.928
v -1.5399 1.4602 12.918
v -1.5796 1.5852 13.298
v -1.5626 1.5551 13.311
v -1.5877 1.5283 13.314
v -1.6203 1.5419 13.303
v -1.6153 1.5771 13.293
v -1.5042 1.4684 12.923
v -1.4872 1.4382 12.936
v -1.5124 1.4115 12.939
v -1.545 1.4251 12.928
v -1.5399 1.4602 12.918
v -1.5775 1.5895 13.297
v -1.5578 1.5547 13.312
v -1.5869 1.5238 13.315
v -1.6245 1.5395 13.303
v -1.6187 1.5801 13.292
v -1.5021 1.4727 12.922
v -1.4825 1.4379 12.937
v -1.5116 1.4069 12.94
v -1.5492 1.4226 12.928
v -1.5433 1.4633 12.916
v -1.0486 0.96398 12.127
v -1.0506 0.98324 12.065
v -1.0947 0.94626 12.034
v -1.1199 0.90416 12.077
v -1.0914 0.91511 12.135
v -1.3346 1.2284 12.218
v -1.3367 1.2477 12.156
v -1.3807 1.2107 12.125
v -1.4059 1.1686 12.168
v -1.3774 1.1796 12.226
v -1.0648 0.95327 12.108
v -1.0658 0.96289 12.076
v -1.0879 0.94441 12.061
v -1.1005 0.92335 12.082
v -1.0862 0.92883 12.111
v -1.3508 1.2177 12.198
v -1.3519 1.2274 12.167
v -1.3739 1.2089 12.152
v -1.3865 1.1878 12.173
v -1.3722 1.1933 12.202
v -3.4956 0.53677 14.664
v -3.5374 0.61097 14.618
v -3.6126 0.57703 14.569
v -3.6173 0.48186 14.583
v -3.545 0.45697 14.642
v -3.7323 0.59658 14.98
v -3.774 0.67079 14.935
v -3.8492 0.63685 14.886
v -3.854 0.54168 14.9
v -3.7817 0.51679 14.959
v -3.525 0.51124 14.588
v -3.5707 0.54162 14.567
v -3.6038 0.55969 14.612
v -3.5786 0.54049 14.662
v -3.5299 0.51055 14.647
v -3.3111 0.84857 14.61
v -3.3568 0.87894 14.588
v -3.3899 0.89702 14.634
v -3.3647 0.87782 14.683
v -3.316 0.84788 14.669
v -3.4758 0.10713 14.166
v -3.5052 0.13601 14.173
v -3.523 0.14653 14.137
v -3.5047 0.12416 14.107
v -3.4755 0.099805 14.124
v -3.7475 -0.18229 14.215
v -3.7769 -0.15341 14.223
v -3.7947 -0.14289 14.186
v -3.7764 -0.16526 14.156
v -3.7472 -0.18961 14.174
v -3.0154 0.4937 14.016
v -3.0532 0.50089 14.04
v -3.0833 0.52084 14.013
v -3.064 0.52597 13.972
v -3.022 0.5092 13.974
v -3.1529 0.13475 13.906
v -3.1907 0.14194 13.929
v -3.2208 0.16188 13.902
v -3.2015 0.16702 13.861
v -3.1595 0.15024 13.864
v -3.0154 0.4937 14.016
v -3.0532 0.50089 14.04
v -3.0833 0.52084 14.013
v -3.064 0.52597 13.972
v -3.022 0.5092 13.974
v -3.1529 0.13475 13.906
v -3.1907 0.14194 13.929
v -3.2208 0.16188 13.902
v -3.2015 0.16702 13.861
v -3.1595 0.15024 13.864
v -2.678 1.4157 13.373
v -2.6202 1.4519 13.377
v -2.5681 1.408 13.381
v -2.5937 1.3447 13.38
v -2.6616 1.3495 13.375
v -2.6475 1.4098 12.974
v -2.5897 1.446 12.978
v -2.5376 1.4021 12.983
v -2.5632 1.3388 12.982
v -2.6311 1.3435 12.976
v -2.6111 1.3772 13.372
v -2.6362 1.379 13.367
v -2.6449 1.4015 13.376
v -2.6251 1.4136 13.387
v -2.6042 1.3986 13.385
v -2.5198 1.5527 13.025
v -2.5449 1.5545 13.019
v -2.5535 1.577 13.028
v -2.5338 1.5892 13.039
v -2.5129 1.5742 13.037
v -2.8867 0.87482 13.604
v -2.9155 0.89899 13.591
v -2.9406 0.9053 13.621
v -2.9274 0.88503 13.652
v -2.8941 0.86619 13.642
v -2.6712 1.1921 13.717
v -2.7 1.2162 13.704
v -2.7251 1.2225 13.734
v -2.7119 1.2023 13.766
v -2.6786 1.1834 13.755
v -2.8944 0.87811 13.609
v -2.9147 0.89521 13.6
v -2.9325 0.89967 13.621
v -2.9231 0.88534 13.643
v -2.8996 0.87201 13.636
v -2.6789 1.1954 13.723
v -2.6992 1.2124 13.713
v -2.717 1.2169 13.735
v -2.7076 1.2026 13.757
v -2.6841 1.1893 13.749
v -4.0203 -1.2357 12.224
v -4.04 -1.2054 12.221
v -4.0554 -1.205 12.188
v -4.0452 -1.2352 12.171
v -4.0235 -1.2541 12.193
v -4.3385 -1.4283 12.371
v -4.3582 -1.398 12.368
v -4.3736 -1.3976 12.335
v -4.3634 -1.4278 12.318
v -4.3417 -1.4468 12.34
v -4.0001 -1.2198 12.177
v -4.0186 -1.1905 12.215
v -4.0623 -1.2117 12.232
v -4.0708 -1.2542 12.204
v -4.0324 -1.2592 12.17
v -3.7939 -1.4345 12.444
v -3.8124 -1.4051 12.482
v -3.8561 -1.4264 12.499
v -3.8646 -1.4688 12.471
v -3.8262 -1.4739 12.438
v -1.2266 -0.42082 11.906
v -1.269 -0.40394 11.867
v -1.3209 -0.39827 11.897
v -1.3106 -0.41165 11.955
v -1.2523 -0.42559 11.961
v -1.1421 -0.036871 11.98
v -1.1845 -0.019988 11.941
v -1.2364 -0.014321 11.971
v -1.2261 -0.027701 12.029
v -1.1678 -0.041637 12.034
v 4.3256 -1.0868 13.616
v 4.2897 -1.0192 13.648
v 4.2331 -1.0439 13.704
v 4.2341 -1.1268 13.706
v 4.2912 -1.1533 13.652
v 4.6029 -1.0757 13.904
v 4.567 -1.0081 13.936
v 4.5104 -1.0328 13.992
v 4.5114 -1.1157 13.994
v 4.5685 -1.1422 13.94
v 4.2807 -1.0717 13.68
v 4.2902 -1.0741 13.657
v 4.2783 -1.0929 13.645
v 4.2615 -1.1022 13.661
v 4.263 -1.0891 13.683
v 4.0067 -0.81565 13.541
v 4.0162 -0.81801 13.518
v 4.0043 -0.83688 13.506
v 3.9875 -0.84617 13.522
v 3.989 -0.83306 13.544
v 4.3615 -1.2085 13.607
v 4.3039 -1.2023 13.629
v 4.2756 -1.1576 13.597
v 4.3157 -1.1361 13.554
v 4.3688 -1.1676 13.561
v 4.231 -1.4806 13.344
v 4.1734 -1.4744 13.366
v 4.1451 -1.4297 13.334
v 4.1852 -1.4082 13.292
v 4.2383 -1.4397 13.298
v 3.5279 -0.61757 12.751
v 3.4944 -0.61798 12.717
v 3.4531 -0.60854 12.738
v 3.4609 -0.60228 12.784
v 3.5072 -0.60786 12.792
v 3.5856 -0.22677 12.688
v 3.5521 -0.22719 12.654
v 3.5108 -0.21774 12.675
v 3.5187 -0.21149 12.721
v 3.5649 -0.21707 12.729
v 3.6041 -1.8188 12.68
v 3.5538 -1.8024 12.714
v 3.5095 -1.7817 12.675
v 3.5325 -1.7852 12.616
v 3.591 -1.8082 12.62
v 3.4601 -2.1904 12.646
v 3.4098 -2.1741 12.68
v 3.3655 -2.1533 12.641
v 3.3885 -2.1568 12.582
v 3.447 -2.1798 12.586
v 3.6059 -1.8059 12.669
v 3.5666 -1.7918 12.709
v 3.5157 -1.788 12.683
v 3.5235 -1.7998 12.627
v 3.5792 -1.8108 12.619
v 3.5397 -2.1936 12.742
v 3.5004 -2.1795 12.782
v 3.4495 -2.1757 12.755
v 3.4573 -2.1875 12.7
v 3.513 -2.1985 12.691
v 2.8985 -2.7483 12.66
v 2.8593 -2.7549 12.722
v 2.7881 -2.7581 12.704
v 2.7832 -2.7536 12.63
v 2.8514 -2.7475 12.603
v 2.9233 -3.1467 12.634
v 2.8841 -3.1533 12.696
v 2.8129 -3.1565 12.677
v 2.808 -3.1519 12.604
v 2.8762 -3.1459 12.577
v 2.7882 -2.7627 12.641
v 2.8116 -2.705 12.655
v 2.8689 -2.713 12.682
v 2.8808 -2.7755 12.684
v 2.831 -2.8063 12.659
v 2.96 -2.7455 12.28
v 2.9834 -2.6879 12.294
v 3.0407 -2.6958 12.321
v 3.0527 -2.7584 12.323
v 3.0028 -2.7891 12.298
v 2.6997 -2.3316 12.903
v 2.6879 -2.2991 12.894
v 2.6912 -2.2954 12.859
v 2.7049 -2.3255 12.846
v 2.7102 -2.3479 12.873
v 2.3309 -2.4783 12.853
v 2.3192 -2.4459 12.844
v 2.3224 -2.4421 12.809
v 2.3362 -2.4722 12.796
v 2.3414 -2.4946 12.823
v 3.6809 0.96891 11.56
v 3.6426 1.0231 11.55
v 3.5804 1.0021 11.536
v 3.5802 0.93503 11.538
v 3.6423 0.9145 11.553
v 3.5902 0.98006 11.95
v 3.5519 1.0342 11.939
v 3.4897 1.0133 11.925
v 3.4895 0.94618 11.927
v 3.5516 0.92566 11.942
v 3.648 0.9688 11.553
v 3.6324 0.99091 11.548
v 3.6069 0.98236 11.543
v 3.6069 0.95497 11.543
v 3.6322 0.94659 11.55
v 3.5573 0.97996 11.942
v 3.5416 1.0021 11.938
v 3.5162 0.99352 11.932
v 3.5161 0.96612 11.933
v 3.5415 0.95774 11.939
v 3.2952 0.46301 10.428
v 3.2677 0.50332 10.436
v 3.2249 0.48919 10.456
v 3.226 0.44016 10.461
v 3.2694 0.42398 10.444
v 3.4525 0.50571 10.794
v 3.4249 0.54601 10.801
v 3.3821 0.53189 10.821
v 3.3832 0.48286 10.826
v 3.4267 0.46668 10.809
v 3.2881 0.46318 10.431
v 3.2656 0.49609 10.437
v 3.2307 0.48456 10.454
v 3.2316 0.44453 10.458
v 3.2671 0.43131 10.444
v 3.4454 0.50588 10.797
v 3.4229 0.53878 10.803
v 3.388 0.52725 10.819
v 3.3889 0.48722 10.823
v 3.4243 0.47401 10.809
v 3.568 -0.73672 11.117
v 3.5668 -0.7508 11.165
v 3.524 -0.7752 11.173
v 3.4986 -0.77619 11.13
v 3.5259 -0.75241 11.095
v 3.7463 -1.0814 11.02
v 3.7452 -1.0955 11.068
v 3.7023 -1.1199 11.076
v 3.677 -1.1209 11.033
v 3.7042 -1.0971 10.998
v 0.7159 -0.26007 10.68
v 0.68444 -0.25742 10.63
v 0.62723 -0.26301 10.644
v 0.62333 -0.26911 10.703
v 0.67814 -0.2673 10.725
v 0.68678 0.13692 10.719
v 0.65532 0.13958 10.669
v 0.59811 0.13399 10.683
v 0.59422 0.12788 10.742
v 0.64902 0.12969 10.764
v -0.25791 -0.35325 10.633
v -0.24235 -0.33159 10.674
v -0.24822 -0.36241 10.71
v -0.2674 -0.40312 10.693
v -0.27339 -0.39746 10.645
v 0.10923 -0.49881 10.57
v 0.12478 -0.47715 10.61
v 0.11891 -0.50797 10.647
v 0.099729 -0.54868 10.629
v 0.093745 -0.54302 10.582
v 0.38877 4.1762 14.359
v 0.34273 4.2302 14.331
v 0.27081 4.2114 14.349
v 0.27239 4.1459 14.388
v 0.3453 4.1242 14.394
v 0.41874 4.3816 14.701
v 0.37271 4.4355 14.673
v 0.30078 4.4168 14.69
v 0.30237 4.3512 14.73
v 0.37527 4.3295 14.736
v 0.36862 4.167 14.361
v 0.32774 4.1372 14.343
v 0.28169 4.1632 14.354
v 0.29411 4.2091 14.379
v 0.34784 4.2114 14.384
v 0.39219 4.3566 14.01
v 0.35131 4.3267 13.991
v 0.30526 4.3527 14.002
v 0.31768 4.3986 14.028
v 0.37141 4.401 14.033
v 0.66938 4.1316 14.047
v 0.62518 4.1702 14.034
v 0.60433 4.1923 14.086
v 0.63565 4.1673 14.131
v 0.67586 4.1297 14.106
v 0.93554 4.4295 14.027
v 0.89134 4.4682 14.014
v 0.87049 4.4902 14.066
v 0.90181 4.4652 14.111
v 0.94202 4.4277 14.087
v 0.66499 4.1369 14.053
v 0.62888 4.1683 14.042
v 0.61101 4.1858 14.085
v 0.63608 4.1652 14.121
v 0.66944 4.1349 14.102
v 0.92948 4.4367 14.041
v 0.89337 4.4681 14.03
v 0.8755 4.4856 14.072
v 0.90057 4.465 14.109
v 0.93394 4.4348 14.09
v -0.25483 3.5822 14.025
v -0.22887 3.5907 13.961
v -0.25297 3.5394 13.922
v -0.29383 3.4993 13.961
v -0.29498 3.5258 14.025
v -0.5703 3.8075 13.926
v -0.54433 3.8159 13.863
v -0.56843 3.7647 13.823
v -0.60929 3.7245 13.862
v -0.61045 3.751 13.926
v -0.22162 3.5225 13.969
v -0.27538 3.5102 13.945
v -0.31493 3.5494 13.968
v -0.28561 3.586 14.005
v -0.22794 3.5694 14.006
v -0.14584 3.7722 13.666
v -0.1996 3.7598 13.642
v -0.23915 3.799 13.665
v -0.20983 3.8356 13.702
v -0.15216 3.819 13.703
v -0.041489 4.8709 12.519
v -0.046467 4.922 12.447
v -0.089569 4.877 12.384
v -0.11123 4.798 12.418
v -0.081516 4.7942 12.501
v -0.38837 5.021 12.65
v -0.39335 5.0721 12.578
v -0.43645 5.0271 12.515
v -0.45811 4.9482 12.549
v -0.4284 4.9444 12.632
v 0.96052 4.5169 11.98
v 0.9364 4.571 11.991
v 0.94126 4.5823 12.05
v 0.96838 4.5351 12.076
v 0.98028 4.4947 12.033
v 1.3168 4.688 11.919
v 1.2926 4.7421 11.929
v 1.2975 4.7533 11.988
v 1.3246 4.7061 12.014
v 1.3365 4.6658 11.971
v 0.43241 3.4753 12.102
v 0.46497 3.4695 12.06
v 0.45215 3.4241 12.035
v 0.41167 3.4019 12.062
v 0.39947 3.4335 12.103
v 0.17281 3.674 11.871
v 0.20537 3.6682 11.829
v 0.19255 3.6228 11.805
v 0.15206 3.6006 11.831
v 0.13986 3.6322 11.872
v 0.43229 3.4607 12.089
v 0.45109 3.4574 12.065
v 0.44369 3.4312 12.051
v 0.42032 3.4183 12.066
v 0.41327 3.4366 12.09
v 0.17269 3.6594 11.859
v 0.19149 3.6561 11.835
v 0.18409 3.6299 11.82
v 0.16071 3.617 11.836
v 0.15367 3.6353 11.859
v 1.769 1.9169 13.772
v 1.7589 1.9507 13.801
v 1.7361 1.9331 13.836
v 1.7321 1.8885 13.829
v 1.7525 1.8784 13.79
v 2.1136 1.8569 13.966
v 2.1034 1.8907 13.995
v 2.0806 1.8731 14.03
v 2.0767 1.8285 14.023
v 2.0971 1.8184 13.984
v 1.7938 1.9363 13.783
v 1.785 1.925 13.845
v 1.7274 1.8978 13.853
v 1.7006 1.8923 13.795
v 1.7417 1.9161 13.752
v 1.9593 1.5746 13.741
v 1.9505 1.5633 13.803
v 1.8929 1.5361 13.811
v 1.8661 1.5306 13.753
v 1.9071 1.5544 13.709
v 1.3468 1.8467 12.578
v 1.322 1.8792 12.584
v 1.2835 1.868 12.574
v 1.2845 1.8285 12.562
v 1.3236 1.8154 12.564
v 1.2852 1.7263 12.954
v 1.2604 1.7588 12.961
v 1.2219 1.7476 12.951
v 1.2229 1.7082 12.938
v 1.262 1.695 12.94
v 1.3366 1.847 12.576
v 1.3191 1.8699 12.581
v 1.2918 1.862 12.574
v 1.2925 1.8341 12.565
v 1.3202 1.8248 12.566
v 1.2751 1.7266 12.953
v 1.2575 1.7495 12.957
v 1.2303 1.7416 12.95
v 1.231 1.7137 12.941
v 1.2587 1.7045 12.943
v 1.3381 1.8469 12.576
v 1.3195 1.8713 12.581
v 1.2906 1.8629 12.574
v 1.2914 1.8333 12.564
v 1.3207 1.8235 12.566
v 1.2765 1.7266 12.953
v 1.258 1.7509 12.958
v 1.2291 1.7425 12.95
v 1.2298 1.7129 12.941
v 1.2591 1.7031 12.942
v 1.3381 1.8469 12.576
v 1.3195 1.8713 12.581
v 1.2906 1.8629 12.574
v 1.2914 1.8333 12.564
v 1.3207 1.8235 12.566
v 1.2765 1.7266 12.953
v 1.258 1.7509 12.958
v 1.2291 1.7425 12.95
v 1.2298 1.7129 12.941
v 1.2591 1.7031 12.942
v 0.89259 1.4208 13.032
v 0.871 1.4416 13.02
v 0.84382 1.4393 13.037
v 0.84863 1.4172 13.061
v 0.87877 1.4058 13.057
v 1.0266 1.7067 13.278
v 1.005 1.7275 13.265
v 0.97778 1.7252 13.283
v 0.98259 1.7031 13.306
v 1.0127 1.6917 13.303
v 0.89259 1.4208 13.032
v 0.871 1.4416 13.02
v 0.84382 1.4393 13.037
v 0.84863 1.4172 13.061
v 0.87877 1.4058 13.057
v 1.0266 1.7067 13.278
v 1.005 1.7275 13.265
v 0.97778 1.7252 13.283
v 0.98259 1.7031 13.306
v 1.0127 1.6917 13.303
v 0.89259 1.4208 13.032
v 0.871 1.4416 13.02
v 0.84382 1.4393 13.037
v 0.84863 1.4172 13.061
v 0.87877 1.4058 13.057
v 1.0266 1.7067 13.278
v 1.005 1.7275 13.265
v 0.97778 1.7252 13.283
v 0.98259 1.7031 13.306
v 1.0127 1.6917 13.303
v 0.89259 1.4208 13.032
v 0.871 1.4416 13.02
v 0.84382 1.4393 13.037
v 0.84863 1.4172 13.061
v 0.87877 1.4058 13.057
v 1.0266 1.7067 13.278
v 1.005 1.7275 13.265
v 0.97778 1.7252 13.283
v 0.98259 1.7031 13.306
v 1.0127 1.6917 13.303
v -0.0968 2.5686 13.727
v -0.11241 2.5941 13.71
v -0.14162 2.5815 13.696
v -0.14406 2.5481 13.705
v -0.11637 2.5401 13.724
v -0.29645 2.672 14.058
v -0.31206 2.6976 14.041
v -0.34127 2.6849 14.027
v -0.34372 2.6516 14.036
v -0.31602 2.6436 14.055
v -0.0968 2.5686 13.727
v -0.11241 2.5941 13.71
v -0.14162 2.5815 13.696
v -0.14406 2.5481 13.705
v -0.11637 2.5401 13.724
v -0.29645 2.672 14.058
v -0.31206 2.6976 14.041
v -0.34127 2.6849 14.027
v -0.34372 2.6516 14.036
v -0.31602 2.6436 14.055
v -0.0968 2.5686 13.727
v -0.11241 2.5941 13.71
v -0.14162 2.5815 13.696
v -0.14406 2.5481 13.705
v -0.11637 2.5401 13.724
v -0.29645 2.672 14.058
v -0.31206 2.6976 14.041
v -0.34127 2.6849 14.027
v -0.34372 2.6516 14.036
v -0.31602 2.6436 14.055
v -0.0968 2.5686 13.727
v -0.11241 2.5941 13.71
v -0.14162 2.5815 13.696
v -0.14406 2.5481 13.705
v -0.11637 2.5401 13.724
v -0.29645 2.672 14.058
v -0.31206 2.6976 14.041
v -0.34127 2.6849 14.027
v -0.34372 2.6516 14.036
v -0.31602 2.6436 14.055
v -0.41991 2.7106 11.995
v -0.42899 2.7371 12.039
v -0.46541 2.7112 12.066
v -0.47884 2.6687 12.039
v -0.45072 2.6683 11.995
v -0.13341 2.5011 12.18
v -0.14249 2.5275 12.224
v -0.17891 2.5016 12.251
v -0.19234 2.4592 12.223
v -0.16422 2.4588 12.179
v 3.4151 3.2582 12.287
v 3.3611 3.3175 12.257
v 3.2833 3.3018 12.29
v 3.2892 3.2328 12.34
v 3.3706 3.2058 12.339
v 3.4984 3.4939 12.6
v 3.4444 3.5533 12.569
v 3.3666 3.5376 12.602
v 3.3725 3.4685 12.652
v 3.454 3.4415 12.651
v -2.6743 -3.4042 14.327
v -2.6904 -3.3825 14.328
v -2.7126 -3.388 14.314
v -2.7102 -3.413 14.304
v -2.6865 -3.423 14.312
v -2.8513 -3.5505 14.655
v -2.8674 -3.5289 14.656
v -2.8896 -3.5343 14.641
v -2.8872 -3.5593 14.631
v -2.8635 -3.5694 14.64
v -2.6463 -3.363 14.299
v -2.6426 -3.4165 14.353
v -2.7111 -3.4501 14.358
v -2.7571 -3.4174 14.306
v -2.717 -3.3636 14.27
v -2.5327 -3.6329 14.026
v -2.529 -3.6864 14.08
v -2.5975 -3.72 14.085
v -2.6435 -3.6872 14.034
v -2.6034 -3.6334 13.997
v -2.9447 -3.3087 13.932
v -2.9434 -3.2583 13.904
v -2.9297 -3.2692 13.849
v -2.9227 -3.3264 13.843
v -2.932 -3.3508 13.895
v -3.333 -3.3478 13.844
v -3.3316 -3.2974 13.816
v -3.318 -3.3083 13.761
v -3.3109 -3.3655 13.755
v -3.3202 -3.3899 13.807
v -2.6464 -2.5017 14.025
v -2.6582 -2.4622 13.964
v -2.7068 -2.4987 13.922
v -2.7251 -2.5607 13.958
v -2.6877 -2.5625 14.021
v -2.9464 -2.3095 14.207
v -2.9582 -2.2701 14.146
v -3.0068 -2.3066 14.104
v -3.025 -2.3686 14.14
v -2.9877 -2.3704 14.203
v -2.663 -2.5228 13.971
v -2.6834 -2.5126 13.955
v -2.7058 -2.5087 13.971
v -2.6992 -2.5165 13.997
v -2.6728 -2.5252 13.997
v -2.5405 -2.1508 14.052
v -2.5609 -2.1406 14.036
v -2.5833 -2.1367 14.052
v -2.5767 -2.1445 14.078
v -2.5503 -2.1532 14.078
v -0.75839 -2.9485 11.094
v -0.78551 -2.911 11.083
v -0.8304 -2.926 11.078
v -0.83103 -2.9729 11.086
v -0.78652 -2.9868 11.096
v -0.81999 -2.881 11.483
v -0.84711 -2.8434 11.472
v -0.892 -2.8585 11.468
v -0.89263 -2.9054 11.476
v -0.84812 -2.9192 11.485
v 1.2092 -3.8661 13.31
v 1.1808 -3.8409 13.341
v 1.1337 -3.8513 13.331
v 1.133 -3.883 13.293
v 1.1797 -3.8921 13.28
v 1.2205 -4.1733 13.566
v 1.192 -4.1481 13.597
v 1.1449 -4.1584 13.587
v 1.1442 -4.1901 13.549
v 1.191 -4.1992 13.536
v 0.30545 -3.5282 12.929
v 0.25709 -3.4766 12.943
v 0.2131 -3.4715 12.886
v 0.23427 -3.5198 12.837
v 0.29134 -3.5549 12.864
v 0.062118 -3.8003 13.093
v 0.013761 -3.7487 13.107
v -0.030233 -3.7436 13.05
v -0.0090651 -3.792 13.001
v 0.04801 -3.827 13.028
v 0.46914 -3.1143 12.848
v 0.44752 -3.0743 12.834
v 0.41809 -3.0855 12.798
v 0.42152 -3.1324 12.79
v 0.45307 -3.1502 12.821
v 0.17477 -3.1792 13.111
v 0.15315 -3.1392 13.097
v 0.12372 -3.1505 13.061
v 0.12715 -3.1973 13.053
v 0.1587 -3.2151 13.084
v -3.9035 3.1956 13.799
v -3.9407 3.2465 13.756
v -4.0111 3.2196 13.743
v -4.0174 3.152 13.778
v -3.9509 3.1371 13.813
v -4.0349 3.3796 14.129
v -4.0721 3.4306 14.086
v -4.1425 3.4037 14.073
v -4.1488 3.3361 14.108
v -4.0823 3.3212 14.143
v -4.1061 3.1644 13.358
v -4.1137 3.2156 13.321
v -4.127 3.1954 13.262
v -4.1275 3.1317 13.263
v -4.1146 3.1126 13.322
v -4.4967 3.1688 13.444
v -4.5043 3.22 13.407
v -4.5175 3.1998 13.348
v -4.5181 3.1361 13.349
v -4.5052 3.1169 13.408
v -4.0858 3.1381 13.28
v -4.1325 3.1636 13.259
v -4.1588 3.1895 13.302
v -4.1285 3.1801 13.35
v -4.0834 3.1483 13.336
v -3.8739 3.4701 13.21
v -3.9206 3.4956 13.189
v -3.9469 3.5215 13.233
v -3.9166 3.5121 13.28
v -3.8715 3.4803 13.266
v 0.14491 -0.057079 16.804
v 0.051271 0.071913 16.8
v -0.10023 0.022644 16.793
v -0.10023 -0.1368 16.793
v 0.051273 -0.18607 16.8
v 0.12812 -0.057196 17.203
v 0.03448 0.071796 17.199
v -0.11702 0.022527 17.193
v -0.11702 -0.13692 17.193
v 0.034482 -0.18619 17.199
v -0.0307 -0.063943 16.893
v -0.0095223 0.039141 16.832
v 0.037801 0.0092529 16.723
v 0.04587 -0.1123 16.718
v 0.003535 -0.15754 16.823
v -0.39866 -0.081505 16.737
v -0.37748 0.021578 16.676
v -0.33016 -0.0083093 16.568
v -0.32209 -0.12986 16.562
v -0.36442 -0.1751 16.667
v 0.10024 0.26333 16.143
v 0.040806 0.3159 16.232
v -0.073057 0.28297 16.224
v -0.083993 0.21004 16.131
v 0.023111 0.1979 16.081
v 0.17504 -0.05024 16.38
v 0.1156 0.0023317 16.469
v 0.0017387 -0.030606 16.461
v -0.0091977 -0.10353 16.368
v 0.097906 -0.11567 16.318
v 0.057069 0.25061 16.17
v 0.015371 0.28918 16.204
v -0.045605 0.27916 16.18
v -0.041592 0.23442 16.132
v 0.021865 0.21677 16.125
v 0.0020495 -0.043046 16.436
v -0.039649 -0.0044847 16.47
v -0.10062 -0.014496 16.446
v -0.096611 -0.059245 16.398
v -0.033155 -0.07689 16.391
v 0.12311 0.35998 16.048
v 0.045293 0.42938 16.014
v -0.025623 0.44283 16.096
v 0.0083664 0.38174 16.181
v 0.10029 0.33053 16.15
v 0.33933 0.6678 16.184
v 0.26152 0.73721 16.15
v 0.1906 0.75065 16.232
v 0.22459 0.68956 16.317
v 0.31651 0.63836 16.286
v 0.069173 0.38682 16.097
v 0.054149 0.37334 16.088
v 0.033788 0.38136 16.092
v 0.036227 0.39979 16.105
v 0.058096 0.40316 16.108
v 0.082453 0.60881 15.765
v 0.06743 0.59533 15.755
v 0.047068 0.60335 15.76
v 0.049507 0.62178 15.772
v 0.071377 0.62515 15.775
v 0.12917 -0.038952 15.825
v 0.13131 -0.079473 15.748
v 0.055816 -0.12137 15.737
v 0.0070135 -0.10674 15.808
v 0.052351 -0.055802 15.862
v -0.026544 0.28523 15.65
v -0.024402 0.2447 15.573
v -0.099901 0.20281 15.562
v -0.1487 0.21744 15.633
v -0.10337 0.26838 15.687
v 0.11673 -0.072472 15.801
v 0.095589 -0.09178 15.76
v 0.04618 -0.095452 15.768
v 0.036783 -0.078414 15.815
v 0.080385 -0.064212 15.835
v 0.065203 0.29627 15.655
v 0.044063 0.27697 15.614
v -0.0053458 0.2733 15.622
v -0.014743 0.29033 15.668
v 0.028859 0.30453 15.689
v 1.1108 -0.29211 15.996
v 1.0669 -0.20391 16.031
v 1.0094 -0.22768 16.115
v 1.0178 -0.33056 16.132
v 1.0805 -0.37038 16.059
v 1.428 -0.2275 16.231
v 1.3841 -0.1393 16.266
v 1.3266 -0.16307 16.35
v 1.335 -0.26595 16.367
v 1.3977 -0.30577 16.294
v 1.1304 -0.28304 16.07
v 1.0816 -0.24489 16.01
v 0.99884 -0.26207 16.028
v 0.99662 -0.31084 16.1
v 1.078 -0.3238 16.126
v 1.1109 0.046945 16.296
v 1.062 0.085092 16.236
v 0.97932 0.067907 16.254
v 0.9771 0.019139 16.325
v 1.0584 0.0061837 16.351
v 0.72481 -0.41583 15.524
v 0.70341 -0.37747 15.567
v 0.65369 -0.40309 15.592
v 0.64436 -0.45729 15.565
v 0.68831 -0.46516 15.523
v 0.95563 -0.59341 15.798
v 0.93423 -0.55504 15.841
v 0.88451 -0.58066 15.866
v 0.87518 -0.63486 15.839
v 0.91914 -0.64274 15.797
v 0.70788 -0.42414 15.542
v 0.69028 -0.39739 15.549
v 0.66249 -0.40709 15.563
v 0.66293 -0.43984 15.565
v 0.69098 -0.45038 15.552
v 0.8864 -0.40156 15.899
v 0.86879 -0.3748 15.906
v 0.84101 -0.38451 15.921
v 0.84144 -0.41726 15.922
v 0.8695 -0.42779 15.909
v -0.10266 -0.34437 16.089
v -0.11888 -0.2932 16.048
v -0.1528 -0.31833 15.995
v -0.15755 -0.38503 16.004
v -0.12656 -0.40113 16.061
v -0.44641 -0.29527 16.287
v -0.46263 -0.2441 16.247
v -0.49655 -0.26923 16.194
v -0.5013 -0.33593 16.202
v -0.47031 -0.35203 16.26
v 0.70295 -0.2566 14.844
v 0.6663 -0.22545 14.883
v 0.60798 -0.23665 14.867
v 0.60859 -0.27471 14.818
v 0.66727 -0.28704 14.804
v 0.6949 -0.57085 15.092
v 0.65826 -0.5397 15.13
v 0.59994 -0.55089 15.114
v 0.60054 -0.58896 15.066
v 0.65923 -0.60129 15.052
v 0.18151 0.42134 14.945
v 0.13412 0.43866 14.978
v 0.090238 0.45588 14.94
v 0.11051 0.44921 14.884
v 0.16692 0.42786 14.886
v 0.040253 0.047173 14.938
v -0.0071421 0.06449 14.971
v -0.051021 0.081711 14.934
v -0.030746 0.075038 14.877
v 0.025665 0.053692 14.88
v 0.16536 0.42609 14.945
v 0.13364 0.44977 14.961
v 0.1061 0.458 14.929
v 0.12079 0.43941 14.894
v 0.15742 0.41969 14.904
v -0.037521 0.093379 15.035
v -0.069239 0.11706 15.051
v -0.09678 0.12529 15.02
v -0.082084 0.1067 14.984
v -0.04546 0.086974 14.994
v 0.15889 0.42891 14.941
v 0.13432 0.44725 14.953
v 0.11299 0.45363 14.929
v 0.12437 0.43922 14.901
v 0.15274 0.42395 14.909
v -0.043989 0.096197 15.031
v -0.068558 0.11454 15.043
v -0.089891 0.12092 15.019
v -0.078507 0.10651 14.992
v -0.050138 0.091236 14.999
v 0.26662 -0.81795 15.577
v 0.20207 -0.73754 15.59
v 0.11946 -0.75239 15.529
v 0.13295 -0.84198 15.478
v 0.22391 -0.8825 15.508
v 0.082282 -1.014 15.873
v 0.01773 -0.9336 15.886
v -0.064884 -0.94845 15.825
v -0.05139 -1.038 15.774
v 0.039564 -1.0786 15.804
v 0.19914 -0.77987 15.576
v 0.21744 -0.76978 15.523
v 0.19644 -0.8104 15.489
v 0.16516 -0.84559 15.521
v 0.16683 -0.82672 15.575
v -0.12442 -0.55503 15.507
v -0.10612 -0.54494 15.454
v -0.12712 -0.58556 15.42
v -0.1584 -0.62076 15.452
v -0.15673 -0.60188 15.506
v -0.12976 0.11695 14.508
v -0.15005 0.14447 14.516
v -0.18349 0.1335 14.517
v -0.18388 0.099214 14.509
v -0.15067 0.088986 14.503
v -0.091599 0.026388 14.895
v -0.11188 0.053901 14.904
v -0.14533 0.042938 14.905
v -0.14572 0.0086499 14.897
v -0.11251 -0.0015785 14.891
v -0.12976 0.11695 14.508
v -0.15005 0.14447 14.516
v -0.18349 0.1335 14.517
v -0.18388 0.099214 14.509
v -0.15067 0.088986 14.503
v -0.091599 0.026388 14.895
v -0.11188 0.053901 14.904
v -0.14533 0.042938 14.905
v -0.14572 0.0086499 14.897
v -0.11251 -0.0015785 14.891
v -0.28807 0.010068 15.264
v -0.26935 0.049162 15.271
v -0.22829 0.042061 15.285
v -0.22163 -0.001423 15.286
v -0.25857 -0.021196 15.273
v -0.15629 0.020393 14.886
v -0.13758 0.059488 14.894
v -0.096514 0.052386 14.908
v -0.089852 0.0089024 14.909
v -0.1268 -0.01087 14.895
v -1.2246 0.22366 15.667
v -1.2756 0.30935 15.626
v -1.3612 0.27426 15.572
v -1.3632 0.16689 15.578
v -1.2788 0.13562 15.637
v -1.4471 0.24814 15.998
v -1.498 0.33383 15.958
v -1.5836 0.29874 15.903
v -1.5856 0.19137 15.91
v -1.5012 0.1601 15.969
v -1.2459 0.22599 15.622
v -1.2799 0.24201 15.569
v -1.3426 0.23031 15.581
v -1.3473 0.20707 15.642
v -1.2876 0.2044 15.667
v -1.2884 0.5983 15.762
v -1.3224 0.61431 15.709
v -1.385 0.60262 15.721
v -1.3898 0.57938 15.781
v -1.33 0.57671 15.807
v -0.79545 0.1076 14.986
v -0.82126 0.12331 14.944
v -0.87145 0.11118 14.95
v -0.87665 0.087985 14.997
v -0.82968 0.085767 15.019
v -0.85973 0.46336 15.158
v -0.88554 0.47907 15.115
v -0.93573 0.46695 15.122
v -0.94094 0.44375 15.168
v -0.89397 0.44153 15.19
v -0.81962 0.1002 14.969
v -0.83576 0.12035 14.966
v -0.85624 0.11676 14.981
v -0.85275 0.094382 14.994
v -0.83012 0.084151 14.986
v -0.63083 0.29702 15.261
v -0.64697 0.31717 15.258
v -0.66745 0.31357 15.274
v -0.66396 0.2912 15.287
v -0.64133 0.28097 15.279
v -0.74589 -1.0463 15.062
v -0.77931 -0.99977 15.065
v -0.8318 -1.0164 15.081
v -0.83082 -1.0732 15.088
v -0.77772 -1.0917 15.077
v -0.64605 -0.99276 15.446
v -0.67947 -0.94622 15.448
v -0.73196 -0.96285 15.464
v -0.73098 -1.0197 15.472
v -0.67789 -1.0381 15.461
v -0.77754 -0.92743 14.717
v -0.81062 -0.89163 14.703
v -0.85267 -0.89697 14.731
v -0.84558 -0.93607 14.762
v -0.79915 -0.95489 14.754
v -0.62661 -0.67817 14.991
v -0.65969 -0.64236 14.977
v -0.70174 -0.6477 15.005
v -0.69465 -0.68681 15.036
v -0.64821 -0.70563 15.028
v -0.79733 -0.92441 14.725
v -0.81386 -0.90651 14.718
v -0.83489 -0.90918 14.732
v -0.83134 -0.92873 14.748
v -0.80813 -0.93815 14.744
v -0.64639 -0.67515 14.999
v -0.66293 -0.65725 14.992
v -0.68396 -0.65992 15.006
v -0.68041 -0.67947 15.022
v -0.6572 -0.68888 15.018
v 0.26489 0.14631 14.674
v 0.26654 0.14634 14.638
v 0.24005 0.12514 14.625
v 0.22203 0.112 14.654
v 0.23738 0.12508 14.684
v 0.018165 0.46096 14.663
v 0.019819 0.461 14.627
v -0.0066673 0.4398 14.614
v -0.02469 0.42666 14.643
v -0.0093431 0.43974 14.673
v 0.2841 0.13243 14.645
v 0.25928 0.16695 14.663
v 0.21635 0.15176 14.669
v 0.21464 0.10785 14.656
v 0.25652 0.095898 14.641
v 0.38097 0.014633 15.015
v 0.35615 0.049158 15.033
v 0.31322 0.033967 15.039
v 0.31151 -0.0099451 15.025
v 0.35339 -0.021894 15.011
v 0.098673 -0.077087 14.388
v 0.10101 -0.10699 14.356
v 0.061934 -0.1267 14.353
v 0.035453 -0.10898 14.383
v 0.058159 -0.078315 14.405
v -0.019531 0.19781 14.123
v -0.017197 0.16791 14.091
v -0.056269 0.1482 14.088
v -0.08275 0.16593 14.118
v -0.060045 0.19659 14.14
v 1.1718 1.1988 14.921
v 1.1235 1.2594 14.903
v 1.05 1.2397 14.926
v 1.0529 1.1669 14.958
v 1.1282 1.1416 14.954
v 1.2408 1.359 15.281
v 1.1925 1.4196 15.263
v 1.119 1.3999 15.286
v 1.1218 1.3271 15.318
v 1.1972 1.3019 15.314
v 1.5254 0.48916 14.245
v 1.5134 0.53852 14.219
v 1.5052 0.5279 14.164
v 1.5122 0.47198 14.155
v 1.5247 0.44804 14.205
v 1.1358 0.43003 14.313
v 1.1238 0.47939 14.288
v 1.1156 0.46877 14.232
v 1.1226 0.41285 14.224
v 1.1351 0.38891 14.274
v 1.5208 0.49214 14.221
v 1.5148 0.51682 14.208
v 1.5107 0.51151 14.181
v 1.5142 0.48355 14.176
v 1.5205 0.47158 14.201
v 1.1312 0.43301 14.29
v 1.1252 0.45769 14.277
v 1.1211 0.45238 14.249
v 1.1246 0.42442 14.245
v 1.1309 0.41245 14.27
v 0.82279 0.19863 14.142
v 0.80716 0.24201 14.159
v 0.79616 0.23581 14.207
v 0.80498 0.18861 14.219
v 0.82144 0.16563 14.178
v 1.1986 0.29344 14.24
v 1.183 0.33681 14.258
v 1.172 0.33062 14.306
v 1.1808 0.28342 14.318
v 1.1973 0.26044 14.277
v 0.76676 -2.3778 15.533
v 0.71923 -2.324 15.593
v 0.63084 -2.3529 15.593
v 0.62375 -2.4245 15.534
v 0.70775 -2.4399 15.497
v 0.85086 -2.631 15.831
v 0.80332 -2.5772 15.891
v 0.71493 -2.6061 15.891
v 0.70784 -2.6777 15.832
v 0.79185 -2.6931 15.795
v 0.74472 -2.3542 15.534
v 0.73483 -2.4007 15.593
v 0.66253 -2.4239 15.593
v 0.62773 -2.3917 15.534
v 0.67852 -2.3487 15.497
v 0.8454 -2.6669 15.306
v 0.83552 -2.7133 15.365
v 0.76321 -2.7365 15.365
v 0.72841 -2.7044 15.305
v 0.77921 -2.6613 15.269
v 0.21025 -1.2555 14.46
v 0.1736 -1.2383 14.445
v 0.15702 -1.2138 14.476
v 0.18343 -1.2158 14.51
v 0.21632 -1.2416 14.5
v 0.41336 -0.94024 14.321
v 0.37671 -0.92306 14.306
v 0.36014 -0.89858 14.337
v 0.38654 -0.90062 14.371
v 0.41944 -0.92637 14.361
v 0.20377 -1.2489 14.465
v 0.17785 -1.2367 14.455
v 0.16613 -1.2194 14.477
v 0.1848 -1.2209 14.501
v 0.20806 -1.2391 14.494
v 0.40688 -0.93366 14.326
v 0.38097 -0.92151 14.316
v 0.36924 -0.9042 14.338
v 0.38792 -0.90565 14.362
v 0.41118 -0.92385 14.354
v 0.1966 -1.3547 14.27
v 0.16994 -1.3417 14.257
v 0.15365 -1.3272 14.281
v 0.17024 -1.3313 14.308
v 0.19678 -1.3483 14.301
v 0.39613 -1.0153 14.199
v 0.36947 -1.0023 14.186
v 0.35318 -0.98779 14.21
v 0.36977 -0.99184 14.237
v 0.39631 -1.0089 14.231
v 0.1966 -1.3547 14.27
v 0.16994 -1.3417 14.257
v 0.15365 -1.3272 14.281
v 0.17024 -1.3313 14.308
v 0.19678 -1.3483 14.301
v 0.39613 -1.0153 14.199
v 0.36947 -1.0023 14.186
v 0.35318 -0.98779 14.21
v 0.36977 -0.99184 14.237
v 0.39631 -1.0089 14.231
v -1.0396 2.1423 15.589
v -1.0882 2.2172 15.538
v -1.1783 2.1803 15.506
v -1.1853 2.0826 15.536
v -1.0996 2.0591 15.588
v -1.2111 2.2613 15.93
v -1.2597 2.3362 15.879
v -1.3498 2.2993 15.847
v -1.3569 2.2016 15.878
v -1.2712 2.1781 15.929
v -1.1377 2.1396 15.595
v -1.1211 2.1826 15.563
v -1.1005 2.1616 15.515
v -1.1044 2.1056 15.517
v -1.1274 2.092 15.567
v -1.5019 2.1577 15.431
v -1.4853 2.2007 15.399
v -1.4648 2.1796 15.351
v -1.4687 2.1237 15.353
v -1.4917 2.1101 15.403
v -0.60245 2.2132 15.259
v -0.6293 2.2655 15.278
v -0.66386 2.252 15.328
v -0.65837 2.1913 15.339
v -0.62042 2.1673 15.296
v -0.28902 2.2852 15.497
v -0.31587 2.3376 15.516
v -0.35043 2.324 15.566
v -0.34494 2.2633 15.577
v -0.30699 2.2393 15.534
v -0.5911 2.2207 15.292
v -0.61867 2.2515 15.325
v -0.66864 2.2358 15.323
v -0.67196 2.1953 15.29
v -0.62404 2.186 15.271
v -0.52074 1.968 15.594
v -0.5483 1.9988 15.627
v -0.59827 1.9831 15.625
v -0.60159 1.9426 15.592
v -0.55367 1.9333 15.573
v -0.86666 1.245 15.449
v -0.81079 1.2615 15.393
v -0.80172 1.1961 15.347
v -0.85199 1.1392 15.374
v -0.89212 1.1694 15.437
v -1.1519 1.3796 15.203
v -1.0961 1.3961 15.147
v -1.087 1.3307 15.101
v -1.1373 1.2738 15.128
v -1.1774 1.304 15.191
v -0.79241 1.1985 15.399
v -0.83208 1.1639 15.367
v -0.88913 1.1823 15.381
v -0.88472 1.2282 15.422
v -0.82494 1.2382 15.433
v -0.78155 1.4633 15.099
v -0.82122 1.4288 15.067
v -0.87826 1.4471 15.081
v -0.87385 1.4931 15.122
v -0.81408 1.5031 15.133
v -0.60722 1.8244 15.071
v -0.63137 1.8416 15.084
v -0.65168 1.8486 15.06
v -0.64009 1.8358 15.033
v -0.61261 1.8208 15.04
v -0.80987 1.4873 15.144
v -0.83402 1.5045 15.156
v -0.85433 1.5115 15.133
v -0.84273 1.4987 15.105
v -0.81526 1.4837 15.113
v -0.656 2.0384 14.582
v -0.66571 2.033 14.551
v -0.697 2.0237 14.552
v -0.70663 2.0234 14.583
v -0.68129 2.0325 14.601
v -0.7699 2.4205 14.55
v -0.77961 2.4152 14.52
v -0.81089 2.4059 14.52
v -0.82052 2.4056 14.552
v -0.79519 2.4146 14.57
v -0.656 2.0384 14.582
v -0.66571 2.033 14.551
v -0.697 2.0237 14.552
v -0.70663 2.0234 14.583
v -0.68129 2.0325 14.601
v -0.7699 2.4205 14.55
v -0.77961 2.4152 14.52
v -0.81089 2.4059 14.52
v -0.82052 2.4056 14.552
v -0.79519 2.4146 14.57
v -0.10846 1.4471 14.771
v -0.14139 1.4417 14.796
v -0.17453 1.4584 14.777
v -0.16208 1.4741 14.741
v -0.12125 1.4671 14.737
v -0.18456 1.0967 14.594
v -0.21749 1.0913 14.619
v -0.25062 1.108 14.6
v -0.23817 1.1238 14.564
v -0.19734 1.1168 14.56
v 0.95786 1.4556 14.043
v 0.9514 1.5091 14.015
v 0.95636 1.4999 13.955
v 0.96588 1.4406 13.946
v 0.96681 1.4132 14
v 0.56306 1.3957 14.019
v 0.5566 1.4492 13.991
v 0.56156 1.44 13.931
v 0.57109 1.3807 13.922
v 0.57201 1.3534 13.976
v 0.95876 1.4596 14.017
v 0.95553 1.4864 14.003
v 0.95801 1.4818 13.973
v 0.96277 1.4521 13.969
v 0.96324 1.4385 13.996
v 0.56396 1.3998 13.994
v 0.56073 1.4265 13.98
v 0.56321 1.4219 13.95
v 0.56798 1.3923 13.945
v 0.56844 1.3786 13.972
v -1.7289 -0.38906 14.479
v -1.7719 -0.33991 14.485
v -1.7922 -0.32297 14.425
v -1.7619 -0.36166 14.382
v -1.7227 -0.4025 14.415
v -2.0278 -0.65362 14.506
v -2.0707 -0.60446 14.512
v -2.0911 -0.58753 14.452
v -2.0607 -0.62622 14.409
v -2.0216 -0.66706 14.442
v -1.7436 -0.37478 14.456
v -1.7628 -0.3528 14.459
v -1.7719 -0.34522 14.432
v -1.7584 -0.36252 14.413
v -1.7409 -0.38079 14.427
v -2.0425 -0.63933 14.483
v -2.0617 -0.61735 14.485
v -2.0708 -0.60978 14.459
v -2.0572 -0.62708 14.439
v -2.0397 -0.64535 14.454
v -1.438 -2.0047 15.404
v -1.4993 -1.9258 15.421
v -1.5934 -1.9522 15.394
v -1.5902 -2.0475 15.359
v -1.4942 -2.0799 15.365
v -1.5077 -2.1424 15.773
v -1.569 -2.0635 15.79
v -1.6631 -2.0899 15.763
v -1.6599 -2.1852 15.728
v -1.5639 -2.2177 15.734
v -1.4739 -1.9725 15.367
v -1.4797 -2.0043 15.431
v -1.5454 -2.033 15.436
v -1.5801 -2.0188 15.375
v -1.5359 -1.9815 15.332
v -1.336 -2.3136 15.211
v -1.3419 -2.3455 15.275
v -1.4076 -2.3741 15.279
v -1.4423 -2.36 15.218
v -1.3981 -2.3226 15.176
v -0.84277 -2.374 14.561
v -0.85676 -2.3736 14.604
v -0.89908 -2.3881 14.604
v -0.91125 -2.3973 14.562
v -0.87645 -2.3886 14.536
v -0.71372 -2.7498 14.607
v -0.7277 -2.7495 14.649
v -0.77003 -2.7639 14.65
v -0.7822 -2.7732 14.608
v -0.7474 -2.7645 14.581
v -0.88638 -2.4206 14.542
v -0.91457 -2.3703 14.545
v -0.8912 -2.3394 14.587
v -0.84857 -2.3706 14.611
v -0.84559 -2.4208 14.582
v -0.62706 -2.2591 14.283
v -0.65524 -2.2088 14.286
v -0.63187 -2.1779 14.329
v -0.58924 -2.2091 14.353
v -0.58626 -2.2593 14.324
v -1.5313 -1.209 13.637
v -1.5352 -1.1778 13.623
v -1.5285 -1.1804 13.59
v -1.5206 -1.2132 13.583
v -1.5223 -1.2309 13.612
v -1.9171 -1.2881 13.567
v -1.921 -1.2569 13.553
v -1.9143 -1.2595 13.52
v -1.9064 -1.2922 13.513
v -1.9081 -1.3099 13.542
v -1.5313 -1.209 13.637
v -1.5352 -1.1778 13.623
v -1.5285 -1.1804 13.59
v -1.5206 -1.2132 13.583
v -1.5223 -1.2309 13.612
v -1.9171 -1.2881 13.567
v -1.921 -1.2569 13.553
v -1.9143 -1.2595 13.52
v -1.9064 -1.2922 13.513
v -1.9081 -1.3099 13.542
v -1.5313 -1.209 13.637
v -1.5352 -1.1778 13.623
v -1.5285 -1.1804 13.59
v -1.5206 -1.2132 13.583
v -1.5223 -1.2309 13.612
v -1.9171 -1.2881 13.567
v -1.921 -1.2569 13.553
v -1.9143 -1.2595 13.52
v -1.9064 -1.2922 13.513
v -1.9081 -1.3099 13.542
v -1.5313 -1.209 13.637
v -1.5352 -1.1778 13.623
v -1.5285 -1.1804 13.59
v -1.5206 -1.2132 13.583
v -1.5223 -1.2309 13.612
v -1.9171 -1.2881 13.567
v -1.921 -1.2569 13.553
v -1.9143 -1.2595 13.52
v -1.9064 -1.2922 13.513
v -1.9081 -1.3099 13.542
v 3.2648 0.55413 15.125
v 3.2174 0.62021 15.127
v 3.1541 0.60458 15.175
v 3.1623 0.52883 15.204
v 3.2307 0.49765 15.173
v 3.4703 0.69369 15.439
v 3.423 0.75978 15.44
v 3.3597 0.74415 15.489
v 3.3678 0.66839 15.517
v 3.4362 0.63721 15.486
v 3.1833 0.12329 14.876
v 3.168 0.13669 14.949
v 3.1025 0.10208 14.966
v 3.0774 0.067281 14.903
v 3.1274 0.080386 14.847
v 3.3845 -0.2068 14.978
v 3.3692 -0.19339 15.052
v 3.3037 -0.228 15.068
v 3.2786 -0.2628 15.006
v 3.3286 -0.2497 14.95
v 3.3527 0.086627 14.22
v 3.3998 0.12531 14.26
v 3.4334 0.079678 14.306
v 3.4071 0.012795 14.294
v 3.3573 0.01709 14.241
v 3.6373 0.022603 13.946
v 3.6844 0.061284 13.986
v 3.718 0.015654 14.032
v 3.6918 -0.05123 14.02
v 3.6419 -0.046935 13.967
v 3.4358 0.058499 14.263
v 3.3987 0.022185 14.247
v 3.3496 0.044073 14.255
v 3.3564 0.093914 14.275
v 3.4097 0.10283 14.28
v 3.4456 0.20829 13.892
v 3.4085 0.17198 13.877
v 3.3594 0.19387 13.884
v 3.3663 0.24371 13.904
v 3.4195 0.25262 13.91
v 3.2721 1.2729 13.83
v 3.2196 1.3388 13.824
v 3.1696 1.3389 13.892
v 3.1911 1.2731 13.94
v 3.2545 1.2324 13.902
v 3.5363 1.5021 14.024
v 3.4838 1.568 14.018
v 3.4338 1.5681 14.086
v 3.4553 1.5023 14.134
v 3.5186 1.4615 14.096
v 2.7165 0.72488 13.654
v 2.708 0.75231 13.643
v 2.7065 0.75075 13.613
v 2.7141 0.72236 13.604
v 2.7203 0.70637 13.63
v 2.3326 0.61508 13.678
v 2.3241 0.64251 13.668
v 2.3226 0.64095 13.637
v 2.3302 0.61256 13.629
v 2.3364 0.59657 13.654
v 2.7165 0.72488 13.654
v 2.708 0.75231 13.643
v 2.7065 0.75075 13.613
v 2.7141 0.72236 13.604
v 2.7203 0.70637 13.63
v 2.3326 0.61508 13.678
v 2.3241 0.64251 13.668
v 2.3226 0.64095 13.637
v 2.3302 0.61256 13.629
v 2.3364 0.59657 13.654
v 2.7165 0.72488 13.654
v 2.708 0.75231 13.643
v 2.7065 0.75075 13.613
v 2.7141 0.72236 13.604
v 2.7203 0.70637 13.63
v 2.3326 0.61508 13.678
v 2.3241 0.64251 13.668
v 2.3226 0.64095 13.637
v 2.3302 0.61256 13.629
v 2.3364 0.59657 13.654
v 2.7165 0.72488 13.654
v 2.708 0.75231 13.643
v 2.7065 0.75075 13.613
v 2.7141 0.72236 13.604
v 2.7203 0.70637 13.63
v 2.3326 0.61508 13.678
v 2.3241 0.64251 13.668
v 2.3226 0.64095 13.637
v 2.3302 0.61256 13.629
v 2.3364 0.59657 13.654
v 1.6154 -0.88941 14.002
v 1.6132 -0.91083 13.973
v 1.5802 -0.92407 13.972
v 1.562 -0.91083 13.999
v 1.5837 -0.88942 14.018
v 1.4998 -0.57972 13.776
v 1.4976 -0.60114 13.748
v 1.4646 -0.61438 13.747
v 1.4464 -0.60114 13.774
v 1.4681 -0.57973 13.793
v 1.6154 -0.88941 14.002
v 1.6132 -0.91083 13.973
v 1.5802 -0.92407 13.972
v 1.562 -0.91083 13.999
v 1.5837 -0.88942 14.018
v 1.4998 -0.57972 13.776
v 1.4976 -0.60114 13.748
v 1.4646 -0.61438 13.747
v 1.4464 -0.60114 13.774
v 1.4681 -0.57973 13.793
v 1.6192 -0.88701 14.003
v 1.6167 -0.91174 13.97
v 1.5785 -0.92703 13.969
v 1.5575 -0.91175 14.001
v 1.5826 -0.88702 14.022
v 1.5036 -0.57732 13.778
v 1.5011 -0.60205 13.745
v 1.4629 -0.61734 13.743
v 1.4419 -0.60206 13.775
v 1.467 -0.57733 13.796
v 1.2109 -1.3121 13.855
v 1.1783 -1.2969 13.884
v 1.1393 -1.2927 13.86
v 1.1478 -1.3053 13.817
v 1.1921 -1.3173 13.814
v 1.1144 -1.6895 13.946
v 1.0818 -1.6743 13.975
v 1.0428 -1.6701 13.951
v 1.0513 -1.6827 13.908
v 1.0956 -1.6947 13.905
v -1.3537 1.2311 12.15
v -1.3401 1.2307 12.195
v -1.3637 1.1976 12.217
v -1.392 1.1775 12.186
v -1.3858 1.1982 12.145
v -1.0677 0.96661 12.06
v -1.0541 0.96624 12.104
v -1.0777 0.93313 12.126
v -1.106 0.91304 12.095
v -1.0998 0.93373 12.054
v -3.7386 0.59493 14.98
v -3.7775 0.66554 14.94
v -3.8451 0.63526 14.889
v -3.8479 0.54594 14.897
v -3.7821 0.52101 14.953
v -3.9879 0.63065 15.29
v -4.0268 0.70126 15.251
v -4.0944 0.67099 15.2
v -4.0972 0.58167 15.208
v -4.0314 0.55674 15.264
v -3.8098 0.60713 14.955
v -3.7879 0.62064 14.931
v -3.7803 0.59531 14.908
v -3.7975 0.56615 14.918
v -3.8157 0.57346 14.947
v -4.1231 0.71734 14.733
v -4.1013 0.73085 14.708
v -4.0936 0.70552 14.685
v -4.1108 0.67636 14.695
v -4.129 0.68367 14.724
v -3.34 0.8421 14.671
v -3.3719 0.88413 14.672
v -3.3704 0.90671 14.624
v -3.3375 0.87862 14.594
v -3.3187 0.83869 14.623
v -3.6454 0.61251 14.553
v -3.6773 0.65455 14.553
v -3.6758 0.67713 14.506
v -3.6429 0.64904 14.475
v -3.6241 0.60911 14.504
v -3.3261 0.8731 14.632
v -3.3381 0.88132 14.654
v -3.3634 0.87396 14.652
v -3.367 0.8612 14.629
v -3.3439 0.86067 14.617
v -3.235 0.52723 14.811
v -3.2471 0.53544 14.833
v -3.2724 0.52809 14.831
v -3.276 0.51532 14.809
v -3.2529 0.51479 14.796
v -3.7466 -0.18195 14.214
v -3.7763 -0.15366 14.223
v -3.7952 -0.14338 14.187
v -3.7773 -0.16531 14.156
v -3.7472 -0.18915 14.173
v -4.0113 -0.47666 14.27
v -4.0409 -0.44837 14.279
v -4.0599 -0.43808 14.243
v -4.042 -0.46002 14.212
v -4.0119 -0.48386 14.229
v -3.1604 0.14459 13.883
v -3.1837 0.15869 13.866
v -3.2089 0.1624 13.886
v -3.2012 0.15058 13.914
v -3.1712 0.13957 13.913
v -3.0229 0.50354 13.994
v -3.0462 0.51765 13.977
v -3.0714 0.52135 13.996
v -3.0637 0.50953 14.025
v -3.0337 0.49852 14.023
v -3.1604 0.14459 13.883
v -3.1837 0.15869 13.866
v -3.2089 0.1624 13.886
v -3.2012 0.15058 13.914
v -3.1712 0.13957 13.913
v -3.0229 0.50354 13.994
v -3.0462 0.51765 13.977
v -3.0714 0.52135 13.996
v -3.0637 0.50953 14.025
v -3.0337 0.49852 14.023
v -3.1604 0.14459 13.883
v -3.1837 0.15869 13.866
v -3.2089 0.1624 13.886
v -3.2012 0.15058 13.914
v -3.1712 0.13957 13.913
v -3.0229 0.50354 13.994
v -3.0462 0.51765 13.977
v -3.0714 0.52135 13.996
v -3.0637 0.50953 14.025
v -3.0337 0.49852 14.023
v -3.1604 0.14459 13.883
v -3.1837 0.15869 13.866
v -3.2089 0.1624 13.886
v -3.2012 0.15058 13.914
v -3.1712 0.13957 13.913
v -3.0229 0.50354 13.994
v -3.0462 0.51765 13.977
v -3.0714 0.52135 13.996
v -3.0637 0.50953 14.025
v -3.0337 0.49852 14.023
v -2.5424 1.3847 12.991
v -2.581 1.4312 13.006
v -2.6373 1.418 12.983
v -2.6334 1.3634 12.953
v -2.5748 1.3428 12.958
v -2.6385 1.1938 13.329
v -2.6771 1.2403 13.345
v -2.7333 1.2271 13.321
v -2.7295 1.1724 13.291
v -2.6708 1.1519 13.296
v -2.5708 1.3866 12.984
v -2.5881 1.4073 12.991
v -2.6132 1.4014 12.981
v -2.6115 1.377 12.967
v -2.5853 1.3678 12.969
v -2.6669 1.1956 13.322
v -2.6841 1.2164 13.329
v -2.7093 1.2105 13.319
v -2.7076 1.1861 13.305
v -2.6813 1.1769 13.308
v -2.6639 1.1997 13.739
v -2.6904 1.2014 13.768
v -2.7265 1.2057 13.752
v -2.7223 1.2067 13.713
v -2.6836 1.203 13.705
v -2.7051 0.80211 13.724
v -2.7316 0.80378 13.754
v -2.7677 0.8081 13.738
v -2.7635 0.8091 13.698
v -2.7248 0.80539 13.69
v -3.7939 -1.4345 12.444
v -3.8124 -1.4051 12.482
v -3.8561 -1.4264 12.499
v -3.8646 -1.4688 12.471
v -3.8262 -1.4739 12.438
v -3.5878 -1.6491 12.712
v -3.6062 -1.6198 12.749
v -3.6499 -1.641 12.766
v -3.6584 -1.6835 12.738
v -3.62 -1.6885 12.705
v -1.143 -0.040838 12.002
v -1.1885 -0.038365 12.041
v -1.2381 -0.021711 12.011
v -1.2231 -0.013891 11.953
v -1.1643 -0.025712 11.948
v -1.2274 -0.42479 11.928
v -1.273 -0.42232 11.967
v -1.3225 -0.40566 11.937
v -1.3076 -0.39784 11.88
v -1.2488 -0.40966 11.874
v 4.5996 -1.076 13.912
v 4.5657 -1.0152 13.938
v 4.5129 -1.037 13.985
v 4.5142 -1.1111 13.989
v 4.5677 -1.1352 13.943
v 4.8625 -1.0579 14.213
v 4.8286 -0.99716 14.239
v 4.7758 -1.0189 14.286
v 4.777 -1.093 14.289
v 4.8306 -1.1172 14.244
v 4.231 -1.4806 13.344
v 4.1734 -1.4744 13.366
v 4.1451 -1.4297 13.334
v 4.1852 -1.4082 13.292
v 4.2383 -1.4397 13.298
v 4.1005 -1.7527 13.082
v 4.0429 -1.7465 13.104
v 4.0146 -1.7018 13.071
v 4.0546 -1.6803 13.029
v 4.1077 -1.7118 13.035
v 4.2109 -1.4618 13.335
v 4.1851 -1.459 13.344
v 4.1725 -1.439 13.33
v 4.1904 -1.4294 13.311
v 4.2141 -1.4434 13.314
v 4.0804 -1.7339 13.072
v 4.0546 -1.7311 13.082
v 4.0419 -1.7111 13.068
v 4.0599 -1.7015 13.049
v 4.0836 -1.7155 13.051
v 3.5856 -0.22677 12.688
v 3.5521 -0.22719 12.654
v 3.5108 -0.21774 12.675
v 3.5187 -0.21149 12.721
v 3.5649 -0.21707 12.729
v 3.6433 0.16403 12.625
v 3.6098 0.16361 12.592
v 3.5685 0.17306 12.612
v 3.5764 0.17931 12.658
v 3.6226 0.17373 12.666
v 3.395 -2.1963 12.654
v 3.3841 -2.1494 12.646
v 3.4148 -2.1322 12.612
v 3.4446 -2.1685 12.599
v 3.4324 -2.208 12.625
v 3.1384 -2.3038 12.366
v 3.1275 -2.2569 12.359
v 3.1581 -2.2397 12.325
v 3.1879 -2.276 12.312
v 3.1757 -2.3155 12.337
v 3.3986 -2.1916 12.649
v 3.3897 -2.1533 12.642
v 3.4147 -2.1393 12.615
v 3.439 -2.1689 12.604
v 3.4291 -2.2012 12.625
v 3.1419 -2.2991 12.361
v 3.133 -2.2608 12.355
v 3.158 -2.2468 12.328
v 3.1823 -2.2764 12.317
v 3.1724 -2.3087 12.338
v 3.5329 -2.1953 12.727
v 3.4967 -2.1955 12.693
v 3.454 -2.184 12.716
v 3.4638 -2.1766 12.764
v 3.5125 -2.1836 12.771
v 3.5991 -1.8076 12.654
v 3.5629 -1.8078 12.62
v 3.5202 -1.7962 12.643
v 3.53 -1.7889 12.691
v 3.5787 -1.7958 12.698
v 3.5156 -2.1918 12.73
v 3.4947 -2.1919 12.71
v 3.4701 -2.1852 12.723
v 3.4757 -2.181 12.751
v 3.5038 -2.185 12.755
v 3.5818 -1.804 12.657
v 3.5609 -1.8042 12.637
v 3.5363 -1.7975 12.651
v 3.5419 -1.7933 12.678
v 3.57 -1.7973 12.682
v 2.9098 -3.1583 12.651
v 2.8689 -3.128 12.683
v 2.817 -3.1293 12.652
v 2.8257 -3.1604 12.602
v 2.8831 -3.1783 12.601
v 2.808 -3.4956 12.84
v 2.7671 -3.4653 12.872
v 2.7152 -3.4666 12.842
v 2.7239 -3.4977 12.791
v 2.7813 -3.5156 12.79
v 2.9664 -2.7442 12.283
v 2.9867 -2.6942 12.295
v 3.0363 -2.7011 12.318
v 3.0467 -2.7553 12.321
v 3.0035 -2.7819 12.299
v 3.1383 -2.727 11.922
v 3.1586 -2.6771 11.934
v 3.2082 -2.684 11.958
v 3.2185 -2.7382 11.96
v 3.1754 -2.7648 11.938
v 3.5379 0.97678 11.88
v 3.5326 1.0331 11.916
v 3.53 1.0158 11.981
v 3.5336 0.94894 11.985
v 3.5385 0.92479 11.922
v 3.9366 0.99982 11.902
v 3.9313 1.0561 11.939
v 3.9287 1.0389 12.003
v 3.9323 0.97198 12.007
v 3.9373 0.94784 11.945
v 3.3907 0.49228 10.822
v 3.3931 0.5267 10.817
v 3.4242 0.53339 10.803
v 3.4411 0.50309 10.799
v 3.4204 0.47768 10.811
v 3.2334 0.44958 10.457
v 3.2358 0.48401 10.451
v 3.267 0.49069 10.437
v 3.2838 0.4604 10.434
v 3.2631 0.43499 10.445
v 3.3907 0.49228 10.822
v 3.3931 0.5267 10.817
v 3.4242 0.53339 10.803
v 3.4411 0.50309 10.799
v 3.4204 0.47768 10.811
v 3.2334 0.44958 10.457
v 3.2358 0.48401 10.451
v 3.267 0.49069 10.437
v 3.2838 0.4604 10.434
v 3.2631 0.43499 10.445
v 3.3871 0.49006 10.824
v 3.3898 0.52981 10.818
v 3.4258 0.53753 10.801
v 3.4453 0.50254 10.797
v 3.4214 0.4732 10.811
v 3.2298 0.44736 10.458
v 3.2326 0.48712 10.453
v 3.2686 0.49483 10.436
v 3.288 0.45985 10.432
v 3.2641 0.43051 10.446
v 3.7507 -1.0898 11.058
v 3.7385 -1.0826 11.01
v 3.6938 -1.1035 11.002
v 3.6784 -1.1236 11.045
v 3.7135 -1.1151 11.08
v 3.5724 -0.74513 11.155
v 3.5602 -0.73794 11.107
v 3.5155 -0.75884 11.099
v 3.5001 -0.77894 11.142
v 3.5352 -0.77047 11.177
v 0.41672 4.3822 14.703
v 0.37269 4.4361 14.678
v 0.3028 4.4165 14.692
v 0.30363 4.3505 14.725
v 0.37404 4.3293 14.732
v 0.43569 4.5614 15.06
v 0.39166 4.6153 15.036
v 0.32176 4.5957 15.049
v 0.32259 4.5297 15.082
v 0.393 4.5085 15.089
v 0.38622 4.358 14.01
v 0.35081 4.3321 13.994
v 0.31093 4.3547 14.004
v 0.32169 4.3944 14.026
v 0.36822 4.3965 14.03
v 0.40979 4.5475 13.659
v 0.37438 4.5217 13.643
v 0.3345 4.5442 13.652
v 0.34526 4.584 13.674
v 0.39179 4.586 13.678
v 0.36988 4.3618 14.011
v 0.34944 4.3469 14.002
v 0.32641 4.3599 14.007
v 0.33263 4.3829 14.02
v 0.35949 4.3841 14.023
v 0.39345 4.5514 13.66
v 0.37301 4.5365 13.651
v 0.34999 4.5495 13.656
v 0.3562 4.5724 13.669
v 0.38306 4.5736 13.671
v 0.93547 4.4295 14.027
v 0.89127 4.4681 14.014
v 0.87053 4.4902 14.066
v 0.90191 4.4653 14.111
v 0.94204 4.4277 14.087
v 1.2018 4.7272 14.006
v 1.1576 4.7659 13.994
v 1.1369 4.788 14.046
v 1.1682 4.763 14.09
v 1.2084 4.7254 14.066
v 0.94212 4.4688 14.049
v 0.92775 4.4834 14.094
v 0.88411 4.463 14.103
v 0.87151 4.4358 14.065
v 0.90737 4.4393 14.031
v 1.1246 4.1521 14.212
v 1.1102 4.1667 14.257
v 1.0666 4.1464 14.266
v 1.054 4.1192 14.227
v 1.0899 4.1227 14.194
v -0.56584 3.7804 13.933
v -0.56868 3.8268 13.887
v -0.58794 3.7984 13.831
v -0.59701 3.7345 13.843
v -0.58335 3.7234 13.906
v -0.94771 3.8521 14.028
v -0.95054 3.8985 13.982
v -0.9698 3.8701 13.926
v -0.97887 3.8062 13.938
v -0.96522 3.795 14.001
v -0.15058 3.7945 13.683
v -0.17988 3.8256 13.701
v -0.22222 3.8174 13.684
v -0.21909 3.7812 13.655
v -0.17482 3.767 13.654
v -0.22636 3.5448 13.986
v -0.25565 3.5759 14.004
v -0.298 3.5677 13.987
v -0.29487 3.5315 13.958
v -0.2506 3.5174 13.957
v -0.15769 3.795 13.682
v -0.18161 3.8204 13.696
v -0.21618 3.8137 13.682
v -0.21363 3.7841 13.659
v -0.17748 3.7726 13.658
v -0.23347 3.5453 13.985
v -0.25739 3.5707 14
v -0.29196 3.564 13.986
v -0.28941 3.5345 13.962
v -0.25326 3.5229 13.961
v -0.39077 5.0165 12.644
v -0.39832 5.0669 12.582
v -0.43713 5.0283 12.524
v -0.45356 4.9541 12.549
v -0.42491 4.9468 12.624
v -0.74009 5.1448 12.791
v -0.74764 5.1951 12.729
v -0.78645 5.1566 12.67
v -0.80288 5.0824 12.696
v -0.77423 5.0751 12.771
v 1.3165 4.6896 11.922
v 1.2941 4.7399 11.932
v 1.2987 4.7503 11.986
v 1.3238 4.7065 12.01
v 1.3349 4.669 11.97
v 1.6728 4.8607 11.86
v 1.6504 4.9109 11.87
v 1.6549 4.9213 11.925
v 1.6801 4.8775 11.948
v 1.6911 4.8401 11.908
v 0.19598 3.6461 11.821
v 0.186 3.6672 11.85
v 0.1574 3.6501 11.868
v 0.1497 3.6184 11.849
v 0.17355 3.6159 11.82
v 0.45559 3.4474 12.051
v 0.44561 3.4685 12.081
v 0.417 3.4514 12.098
v 0.40931 3.4197 12.08
v 0.43315 3.4172 12.051
v 0.19598 3.6461 11.821
v 0.186 3.6672 11.85
v 0.1574 3.6501 11.868
v 0.1497 3.6184 11.849
v 0.17355 3.6159 11.82
v 0.45559 3.4474 12.051
v 0.44561 3.4685 12.081
v 0.417 3.4514 12.098
v 0.40931 3.4197 12.08
v 0.43315 3.4172 12.051
v 2.1327 1.8557 14.003
v 2.1082 1.8665 13.966
v 2.0645 1.8594 13.976
v 2.062 1.8441 14.018
v 2.1041 1.8419 14.035
v 2.1005 2.2318 14.135
v 2.0761 2.2426 14.098
v 2.0323 2.2354 14.108
v 2.0298 2.2202 14.151
v 2.0719 2.218 14.167
v 1.9509 1.5661 13.781
v 1.9398 1.5666 13.732
v 1.8947 1.5467 13.727
v 1.8779 1.5337 13.772
v 1.9126 1.5457 13.805
v 1.7854 1.9278 13.823
v 1.7743 1.9284 13.774
v 1.7292 1.9084 13.769
v 1.7124 1.8955 13.814
v 1.7472 1.9075 13.847
v 1.9443 1.5634 13.778
v 1.9353 1.5639 13.738
v 1.8984 1.5476 13.733
v 1.8847 1.537 13.77
v 1.9131 1.5468 13.797
v 1.7789 1.9252 13.82
v 1.7698 1.9256 13.78
v 1.733 1.9093 13.776
v 1.7193 1.8988 13.812
v 1.7476 1.9086 13.84
v 1.2715 1.6995 12.943
v 1.2307 1.7006 12.937
v 1.2172 1.7384 12.947
v 1.2498 1.7607 12.959
v 1.2833 1.7367 12.957
v 1.3331 1.8199 12.567
v 1.2922 1.821 12.561
v 1.2788 1.8588 12.57
v 1.3113 1.8811 12.583
v 1.3449 1.857 12.581
v 3.4926 3.4946 12.602
v 3.4433 3.5492 12.574
v 3.3717 3.5344 12.603
v 3.3768 3.4706 12.649
v 3.4515 3.446 12.648
v 3.5724 3.7276 12.917
v 3.523 3.7822 12.889
v 3.4514 3.7673 12.918
v 3.4565 3.7036 12.964
v 3.5313 3.679 12.963
v -2.5461 -3.6749 13.996
v -2.5731 -3.6159 14.024
v -2.6113 -3.6344 14.081
v -2.6079 -3.7048 14.087
v -2.5676 -3.7299 14.035
v -2.2217 -3.6371 14.226
v -2.2487 -3.5781 14.255
v -2.2869 -3.5966 14.312
v -2.2835 -3.667 14.318
v -2.2431 -3.692 14.266
v -3.3312 -3.3467 13.836
v -3.3301 -3.305 13.812
v -3.3188 -3.3141 13.767
v -3.313 -3.3615 13.762
v -3.3206 -3.3816 13.805
v -3.7194 -3.3859 13.748
v -3.7183 -3.3441 13.724
v -3.707 -3.3532 13.679
v -3.7012 -3.4006 13.674
v -3.7089 -3.4208 13.717
v -2.9684 -2.3366 14.212
v -2.9907 -2.2785 14.191
v -3.0049 -2.2847 14.127
v -2.9913 -2.3467 14.109
v -2.9688 -2.3787 14.162
v -3.3419 -2.4452 14.306
v -3.3642 -2.3871 14.284
v -3.3784 -2.3934 14.22
v -3.3648 -2.4553 14.202
v -3.3423 -2.4874 14.255
v -0.85575 -2.8417 11.471
v -0.82085 -2.8722 11.481
v -0.84001 -2.9155 11.486
v -0.88675 -2.9118 11.478
v -0.89648 -2.8662 11.468
v -0.79415 -2.9093 11.081
v -0.75925 -2.9398 11.092
v -0.77841 -2.9831 11.097
v -0.82515 -2.9794 11.089
v -0.83488 -2.9338 11.079
v -0.85575 -2.8417 11.471
v -0.82085 -2.8722 11.481
v -0.84001 -2.9155 11.486
v -0.88675 -2.9118 11.478
v -0.89648 -2.8662 11.468
v -0.79415 -2.9093 11.081
v -0.75925 -2.9398 11.092
v -0.77841 -2.9831 11.097
v -0.82515 -2.9794 11.089
v -0.83488 -2.9338 11.079
v 0.041861 -3.8116 13.09
v -0.0032566 -3.7729 13.102
v -0.020493 -3.7472 13.05
v 0.013972 -3.77 13.006
v 0.052508 -3.8098 13.03
v -0.22462 -4.1046 13.034
v -0.26974 -4.0659 13.046
v -0.28698 -4.0401 12.994
v -0.25251 -4.0629 12.949
v -0.21398 -4.1027 12.974
v 0.12398 -3.1904 13.051
v 0.12681 -3.1451 13.066
v 0.15822 -3.1429 13.101
v 0.17482 -3.1868 13.109
v 0.15366 -3.2162 13.078
v 0.41835 -3.1255 12.788
v 0.42117 -3.0801 12.803
v 0.45259 -3.0779 12.839
v 0.46919 -3.1219 12.846
v 0.44803 -3.1513 12.815
v -4.0392 3.3759 14.114
v -4.0769 3.4224 14.083
v -4.1412 3.4023 14.086
v -4.1431 3.3435 14.119
v -4.0801 3.3271 14.136
v -4.0835 3.5698 14.461
v -4.1213 3.6163 14.43
v -4.1855 3.5962 14.433
v -4.1875 3.5373 14.466
v -4.1244 3.521 14.483
v -4.4941 3.1672 13.444
v -4.505 3.2194 13.409
v -4.5206 3.201 13.35
v -4.5193 3.1374 13.348
v -4.5029 3.1165 13.406
v -4.8798 3.1565 13.549
v -4.8907 3.2087 13.514
v -4.9063 3.1903 13.455
v -4.905 3.1266 13.454
v -4.8886 3.1057 13.512
v -3.8739 3.4701 13.21
v -3.9206 3.4956 13.189
v -3.9469 3.5215 13.233
v -3.9166 3.5121 13.28
v -3.8715 3.4803 13.266
v -3.662 3.8021 13.14
v -3.7087 3.8276 13.119
v -3.735 3.8535 13.163
v -3.7047 3.8441 13.21
v -3.6596 3.8123 13.196
v 0.098981 -0.057225 17.2
v 0.02545 0.043946 17.201
v -0.093471 0.0053429 17.198
v -0.093437 -0.11969 17.194
v 0.025506 -0.15835 17.195
v 0.091002 -0.068364 17.599
v 0.01747 0.032807 17.601
v -0.10145 -0.0057961 17.597
v -0.10142 -0.13082 17.594
v 0.017527 -0.16949 17.595
v 0.059431 -0.0075198 17.186
v 0.0605 -0.097592 17.226
v -0.032259 -0.13184 17.227
v -0.090655 -0.06293 17.187
v -0.033988 0.013903 17.161
v 0.11608 -0.17029 16.825
v 0.11715 -0.26037 16.866
v 0.024393 -0.29461 16.866
v -0.034004 -0.2257 16.826
v 0.022663 -0.14887 16.8
v -0.29489 -0.084951 16.694
v -0.34869 -0.0046735 16.685
v -0.41613 -0.021088 16.617
v -0.40401 -0.11151 16.584
v -0.32908 -0.15098 16.631
v -0.54452 -0.2213 16.975
v -0.59832 -0.14102 16.966
v -0.66576 -0.15743 16.898
v -0.65364 -0.24786 16.865
v -0.57871 -0.28733 16.912
v -0.29624 -0.078953 16.635
v -0.3434 -0.051885 16.586
v -0.41151 -0.056264 16.614
v -0.40644 -0.086039 16.681
v -0.3352 -0.10006 16.695
v -0.25425 0.28605 16.794
v -0.30141 0.31312 16.744
v -0.36951 0.30874 16.772
v -0.36444 0.27897 16.839
v -0.2932 0.26494 16.853
v 0.15138 -0.077865 16.385
v 0.08202 -0.079941 16.323
v 0.0046375 -0.053829 16.367
v 0.026175 -0.035614 16.455
v 0.11687 -0.050469 16.466
v 0.22546 0.3031 16.288
v 0.1561 0.30103 16.226
v 0.078715 0.32714 16.27
v 0.10025 0.34536 16.358
v 0.19095 0.3305 16.369
v 0.13929 -0.065025 16.398
v 0.090494 -0.11232 16.367
v 0.021968 -0.086679 16.381
v 0.028412 -0.023539 16.42
v 0.10092 -0.010156 16.43
v 0.14908 0.14406 16.057
v 0.10029 0.096765 16.026
v 0.031761 0.1224 16.04
v 0.038205 0.18554 16.079
v 0.11071 0.19893 16.089
v -0.029766 -0.020273 16.466
v -0.027822 -0.0015962 16.412
v -0.0615 -0.035484 16.38
v -0.084258 -0.075104 16.415
v -0.064645 -0.065704 16.468
v -0.34044 0.22113 16.538
v -0.3385 0.23981 16.484
v -0.37218 0.20592 16.452
v -0.39493 0.1663 16.487
v -0.37532 0.1757 16.54
v -0.03693 -0.061263 16.421
v -0.069019 -0.058329 16.414
v -0.079797 -0.029557 16.426
v -0.054369 -0.014709 16.441
v -0.027875 -0.034304 16.438
v 0.059818 0.12111 16.079
v 0.027728 0.12404 16.071
v 0.01695 0.15281 16.084
v 0.042378 0.16766 16.099
v 0.068872 0.14807 16.096
v 0.34976 0.69255 16.219
v 0.28828 0.76408 16.187
v 0.19671 0.74252 16.22
v 0.2016 0.65766 16.272
v 0.2962 0.62678 16.271
v 0.41928 0.90053 16.554
v 0.35779 0.97206 16.522
v 0.26622 0.9505 16.554
v 0.27112 0.86564 16.606
v 0.36572 0.83476 16.606
v 0.29484 0.67683 16.251
v 0.25635 0.69171 16.271
v 0.2319 0.71351 16.239
v 0.25528 0.7121 16.2
v 0.29418 0.68944 16.208
v 0.11345 0.33347 16.156
v 0.074954 0.34835 16.175
v 0.050503 0.37015 16.143
v 0.073883 0.36875 16.104
v 0.11278 0.34608 16.112
v -0.024719 0.24292 15.623
v -0.064071 0.28672 15.652
v -0.12624 0.27108 15.638
v -0.12531 0.21762 15.6
v -0.062569 0.20021 15.591
v -0.042318 0.010232 15.948
v -0.08167 0.054033 15.977
v -0.14384 0.038394 15.963
v -0.14291 -0.015072 15.925
v -0.080168 -0.032477 15.915
v -0.035875 0.25491 15.606
v -0.056113 0.26118 15.659
v -0.11017 0.2433 15.659
v -0.12334 0.22599 15.606
v -0.077422 0.23317 15.574
v 0.086985 -0.11475 15.697
v 0.066746 -0.10848 15.75
v 0.012692 -0.12636 15.75
v -0.00047797 -0.14367 15.697
v 0.045438 -0.13649 15.664
v 0.057408 0.29287 15.642
v 0.038417 0.30421 15.677
v -0.001041 0.29354 15.674
v -0.0064357 0.2756 15.637
v 0.029688 0.27519 15.618
v 0.14065 -0.062936 15.805
v 0.12166 -0.051594 15.84
v 0.082201 -0.062268 15.836
v 0.076806 -0.080207 15.8
v 0.11293 -0.080619 15.781
v 1.4211 -0.21949 16.254
v 1.3896 -0.15612 16.289
v 1.3369 -0.18147 16.342
v 1.3359 -0.2605 16.34
v 1.388 -0.284 16.285
v 1.7081 -0.23113 16.532
v 1.6765 -0.16777 16.567
v 1.6238 -0.19312 16.62
v 1.6229 -0.27215 16.618
v 1.6749 -0.29565 16.563
v 1.3245 -0.23701 16.277
v 1.343 -0.17252 16.29
v 1.4048 -0.17409 16.32
v 1.4244 -0.23954 16.324
v 1.3748 -0.27843 16.298
v 1.4968 -0.21039 15.917
v 1.5154 -0.14591 15.93
v 1.5772 -0.14748 15.96
v 1.5968 -0.21293 15.964
v 1.5471 -0.25181 15.938
v 1.0912 0.048079 16.306
v 1.057 0.094358 16.275
v 0.99599 0.0725 16.267
v 0.99243 0.012712 16.293
v 1.0512 -0.0023813 16.317
v 0.98825 0.20735 16.659
v 0.9541 0.25363 16.628
v 0.89309 0.23177 16.62
v 0.88953 0.17198 16.646
v 0.94835 0.15689 16.67
v 1.0842 0.039257 16.282
v 1.0465 0.067546 16.25
v 0.99645 0.064751 16.277
v 1.0033 0.034735 16.324
v 1.0575 0.018979 16.327
v 1.1704 0.3748 16.482
v 1.1326 0.40309 16.45
v 1.0826 0.4003 16.477
v 1.0894 0.37028 16.524
v 1.1437 0.35453 16.527
v 0.93886 -0.58944 15.817
v 0.93282 -0.59583 15.851
v 0.90041 -0.60984 15.854
v 0.88642 -0.61211 15.822
v 0.91018 -0.5995 15.799
v 1.0935 -0.95603 15.776
v 1.0875 -0.96242 15.81
v 1.0551 -0.97643 15.813
v 1.0411 -0.9787 15.781
v 1.0649 -0.96609 15.757
v 0.9537 -0.58687 15.832
v 0.93985 -0.63122 15.813
v 0.88991 -0.63428 15.816
v 0.8729 -0.59182 15.836
v 0.91232 -0.56251 15.846
v 0.92369 -0.4236 15.468
v 0.90984 -0.46796 15.449
v 0.8599 -0.47102 15.452
v 0.84289 -0.42856 15.472
v 0.88231 -0.39925 15.482
v 0.85072 -0.39127 15.935
v 0.86755 -0.374 15.913
v 0.87591 -0.3943 15.889
v 0.86426 -0.42411 15.896
v 0.84869 -0.42224 15.925
v 0.50972 -0.30372 15.745
v 0.52654 -0.28645 15.723
v 0.53491 -0.30674 15.699
v 0.52325 -0.33656 15.706
v 0.50769 -0.33469 15.735
v -0.42007 -0.28835 16.248
v -0.4479 -0.3001 16.188
v -0.51379 -0.31076 16.197
v -0.52668 -0.3056 16.263
v -0.46875 -0.29175 16.294
v -0.48961 0.10307 16.204
v -0.51744 0.091326 16.144
v -0.58333 0.080663 16.153
v -0.59622 0.085818 16.219
v -0.53829 0.099667 16.25
v -0.43647 -0.283 16.205
v -0.44789 -0.26055 16.263
v -0.49738 -0.29167 16.286
v -0.51655 -0.33335 16.243
v -0.47891 -0.32799 16.193
v -0.19014 -0.55727 16.36
v -0.20156 -0.53482 16.418
v -0.25105 -0.56593 16.442
v -0.27022 -0.60761 16.398
v -0.23258 -0.60226 16.348
v 0.69486 -0.57251 15.09
v 0.65667 -0.60174 15.051
v 0.599 -0.58758 15.067
v 0.60155 -0.54959 15.116
v 0.66079 -0.54028 15.129
v 0.7029 -0.25826 14.842
v 0.66472 -0.28749 14.804
v 0.60705 -0.27333 14.82
v 0.60959 -0.23535 14.868
v 0.66884 -0.22603 14.882
v 0.66596 -0.57131 15.09
v 0.64888 -0.58438 15.073
v 0.62309 -0.57805 15.08
v 0.62423 -0.56106 15.102
v 0.65072 -0.5569 15.108
v 0.674 -0.25706 14.843
v 0.65692 -0.27013 14.826
v 0.63113 -0.2638 14.833
v 0.63227 -0.24681 14.854
v 0.65877 -0.24265 14.861
v 0.011177 0.059734 14.904
v -0.0041812 0.081914 14.905
v -0.020116 0.079919 14.927
v -0.014606 0.056506 14.939
v 0.0047341 0.044031 14.925
v 0.29023 0.24153 15.126
v 0.27487 0.26371 15.127
v 0.25893 0.26172 15.148
v 0.26444 0.2383 15.161
v 0.28378 0.22583 15.147
v 0.023488 0.037516 14.896
v -0.021507 0.061239 14.877
v -0.043135 0.089359 14.918
v -0.011506 0.083016 14.962
v 0.029669 0.050975 14.948
v 0.23637 0.35832 14.787
v 0.19138 0.38204 14.769
v 0.16975 0.41016 14.81
v 0.20138 0.40382 14.853
v 0.24255 0.37178 14.839
v -0.047025 0.10884 15
v -0.057471 0.12993 15.019
v -0.080003 0.11779 15.035
v -0.083483 0.089184 15.026
v -0.063102 0.083655 15.004
v 0.21474 -0.010576 15.278
v 0.2043 0.010518 15.297
v 0.18177 -0.0016302 15.313
v 0.17829 -0.030233 15.304
v 0.19867 -0.035761 15.282
v -0.047025 0.10884 15
v -0.057471 0.12993 15.019
v -0.080003 0.11779 15.035
v -0.083483 0.089184 15.026
v -0.063102 0.083655 15.004
v 0.21474 -0.010576 15.278
v 0.2043 0.010518 15.297
v 0.18177 -0.0016302 15.313
v 0.17829 -0.030233 15.304
v 0.19867 -0.035761 15.282
v 0.081818 -1.0066 15.847
v 0.024628 -0.94035 15.876
v -0.060157 -0.96003 15.845
v -0.055367 -1.0384 15.797
v 0.032379 -1.0672 15.798
v 0.0095535 -1.2169 16.179
v -0.047637 -1.1507 16.209
v -0.13242 -1.1703 16.178
v -0.12763 -1.2488 16.129
v -0.039886 -1.2775 16.13
v 0.044971 -1.0003 15.829
v 0.019226 -0.98147 15.864
v -0.026648 -0.99173 15.856
v -0.029256 -1.0169 15.816
v 0.015007 -1.0222 15.799
v 0.084239 -1.3393 16.037
v 0.058495 -1.3205 16.073
v 0.012621 -1.3307 16.065
v 0.010013 -1.3559 16.024
v 0.054276 -1.3612 16.007
v -0.091244 -0.58167 15.468
v -0.12121 -0.54151 15.477
v -0.16962 -0.5568 15.473
v -0.16958 -0.60641 15.462
v -0.12114 -0.62178 15.458
v -0.094092 -0.6717 15.858
v -0.12405 -0.63154 15.867
v -0.17247 -0.64683 15.863
v -0.17243 -0.69644 15.851
v -0.12399 -0.71181 15.848
v -0.1129 -0.58165 15.468
v -0.12788 -0.56157 15.472
v -0.15209 -0.56922 15.47
v -0.15207 -0.59402 15.465
v -0.12785 -0.60171 15.463
v -0.11575 -0.67168 15.858
v -0.13073 -0.6516 15.862
v -0.15494 -0.65925 15.86
v -0.15491 -0.68405 15.854
v -0.1307 -0.69174 15.853
v -1.4552 0.24373 15.99
v -1.5047 0.32099 15.97
v -1.5797 0.29522 15.919
v -1.5765 0.20203 15.908
v -1.4996 0.17021 15.952
v -1.6654 0.19619 16.327
v -1.7149 0.27346 16.307
v -1.7898 0.24769 16.256
v -1.7866 0.1545 16.245
v -1.7097 0.12267 16.289
v -1.4828 0.2495 15.929
v -1.5078 0.28781 15.954
v -1.5539 0.26894 15.971
v -1.5575 0.21897 15.955
v -1.5136 0.20696 15.929
v -1.3123 0.13002 16.27
v -1.3372 0.16832 16.296
v -1.3834 0.14945 16.312
v -1.387 0.09948 16.297
v -1.343 0.087469 16.271
v -1.3041 0.61029 15.787
v -1.3158 0.63054 15.73
v -1.3652 0.60065 15.709
v -1.3841 0.56193 15.753
v -1.3463 0.56789 15.801
v -1.5407 0.89566 15.937
v -1.5524 0.91591 15.88
v -1.6018 0.88602 15.859
v -1.6207 0.8473 15.903
v -1.5829 0.85326 15.951
v -0.8682 0.46659 15.146
v -0.88509 0.44695 15.179
v -0.92698 0.44387 15.173
v -0.93599 0.46161 15.136
v -0.89965 0.47565 15.119
v -0.81535 0.11318 14.966
v -0.83224 0.09354 15
v -0.87414 0.09046 14.993
v -0.88314 0.1082 14.956
v -0.84681 0.12224 14.939
v -0.87844 0.46435 15.147
v -0.89039 0.45046 15.171
v -0.92001 0.44828 15.166
v -0.92638 0.46083 15.14
v -0.90069 0.47076 15.128
v -0.8256 0.11094 14.967
v -0.83754 0.097051 14.991
v -0.86717 0.094872 14.987
v -0.87353 0.10742 14.96
v -0.84784 0.11735 14.948
v -0.64673 -0.98717 15.444
v -0.67436 -0.95373 15.482
v -0.72812 -0.97308 15.487
v -0.73372 -1.0185 15.452
v -0.68341 -1.0272 15.426
v -0.53372 -1.2284 15.743
v -0.56136 -1.1949 15.78
v -0.61512 -1.2143 15.785
v -0.62071 -1.2597 15.75
v -0.57041 -1.2684 15.724
v -0.65104 -0.99267 15.447
v -0.68093 -0.95105 15.449
v -0.72787 -0.96592 15.464
v -0.727 -1.0167 15.47
v -0.67951 -1.0333 15.46
v -0.5512 -0.93912 15.831
v -0.58109 -0.8975 15.833
v -0.62804 -0.91237 15.847
v -0.62716 -0.96318 15.854
v -0.57967 -0.97971 15.844
v -0.64943 -0.69495 15.019
v -0.6827 -0.68596 15.029
v -0.69314 -0.65786 15.009
v -0.66631 -0.64949 14.987
v -0.6393 -0.67241 14.993
v -0.80036 -0.94421 14.745
v -0.83364 -0.93522 14.755
v -0.84407 -0.90712 14.735
v -0.81725 -0.89875 14.713
v -0.79023 -0.92168 14.719
v 0.018808 0.46014 14.625
v 0.019238 0.46174 14.661
v -0.0076695 0.44108 14.673
v -0.024728 0.42671 14.645
v -0.0083645 0.43849 14.615
v 0.26553 0.14549 14.636
v 0.26596 0.14708 14.672
v 0.23905 0.12642 14.684
v 0.22199 0.11205 14.656
v 0.23836 0.12384 14.626
v 0.018808 0.46014 14.625
v 0.019238 0.46174 14.661
v -0.0076695 0.44108 14.673
v -0.024728 0.42671 14.645
v -0.0083645 0.43849 14.615
v 0.26553 0.14549 14.636
v 0.26596 0.14708 14.672
v 0.23905 0.12642 14.684
v 0.22199 0.11205 14.656
v 0.23836 0.12384 14.626
v 0.35179 0.050115 15.034
v 0.38087 0.019089 15.017
v 0.35768 -0.020098 15.01
v 0.31427 -0.013291 15.024
v 0.31063 0.030103 15.038
v 0.25492 0.16791 14.664
v 0.284 0.13688 14.647
v 0.26081 0.097694 14.64
v 0.21739 0.1045 14.654
v 0.21376 0.14789 14.669
v 0.34923 0.039298 15.031
v 0.3698 0.01736 15.019
v 0.35339 -0.01035 15.014
v 0.3227 -0.0055364 15.024
v 0.32012 0.025148 15.034
v 0.25236 0.15709 14.662
v 0.27292 0.13515 14.649
v 0.25652 0.10744 14.645
v 0.22583 0.11226 14.654
v 0.22325 0.14294 14.665
v 1.2369 1.3609 15.283
v 1.193 1.421 15.281
v 1.1232 1.3989 15.295
v 1.1239 1.3251 15.305
v 1.1942 1.3016 15.297
v 1.2966 1.4154 15.674
v 1.2527 1.4755 15.673
v 1.1829 1.4534 15.687
v 1.1837 1.3796 15.697
v 1.254 1.3561 15.689
v 1.1216 0.43003 14.233
v 1.1194 0.46589 14.251
v 1.1271 0.46042 14.29
v 1.1341 0.4212 14.296
v 1.1307 0.40241 14.261
v 1.5112 0.48916 14.164
v 1.509 0.52501 14.182
v 1.5167 0.51955 14.222
v 1.5237 0.48032 14.228
v 1.5203 0.46154 14.192
v 1.1791 0.28851 14.319
v 1.1723 0.33411 14.302
v 1.1849 0.33388 14.254
v 1.1995 0.28814 14.242
v 1.1959 0.2601 14.283
v 0.80325 0.1937 14.221
v 0.79644 0.2393 14.203
v 0.80906 0.23907 14.155
v 0.82368 0.19333 14.143
v 0.82009 0.16529 14.184
v 1.1812 0.29215 14.308
v 1.1764 0.32439 14.295
v 1.1853 0.32423 14.261
v 1.1956 0.29189 14.253
v 1.1931 0.27206 14.282
v 0.80538 0.19735 14.209
v 0.80056 0.22959 14.196
v 0.80948 0.22942 14.163
v 0.81982 0.19708 14.154
v 0.81728 0.17725 14.183
v 0.83567 -2.6327 15.835
v 0.79696 -2.5869 15.879
v 0.72619 -2.6103 15.88
v 0.72116 -2.6707 15.837
v 0.78883 -2.6845 15.809
v 0.91819 -2.8661 16.149
v 0.87948 -2.8202 16.193
v 0.80871 -2.8437 16.195
v 0.80368 -2.904 16.151
v 0.87135 -2.9179 16.123
v 0.80874 -2.6224 15.876
v 0.79852 -2.6042 15.825
v 0.75409 -2.6314 15.806
v 0.73684 -2.6664 15.845
v 0.77062 -2.6608 15.889
v 0.56997 -2.3376 16.024
v 0.55975 -2.3194 15.973
v 0.51532 -2.3466 15.953
v 0.49808 -2.3816 15.993
v 0.53185 -2.376 16.037
v 0.81355 -2.6559 15.283
v 0.83612 -2.6676 15.35
v 0.79544 -2.7192 15.378
v 0.74773 -2.7394 15.329
v 0.75892 -2.7003 15.27
v 1.0699 -2.9319 15.148
v 1.0924 -2.9436 15.215
v 1.0518 -2.9952 15.243
v 1.0041 -3.0154 15.194
v 1.0152 -2.9763 15.135
v 0.7996 -2.6795 15.312
v 0.80936 -2.6931 15.331
v 0.79285 -2.7114 15.337
v 0.77288 -2.7091 15.322
v 0.77706 -2.6894 15.306
v 0.97538 -2.9226 15.048
v 0.98514 -2.9362 15.067
v 0.96863 -2.9545 15.073
v 0.94867 -2.9522 15.057
v 0.95284 -2.9325 15.042
v 0.42437 -0.92116 14.354
v 0.39825 -0.88716 14.358
v 0.36244 -0.89547 14.336
v 0.36643 -0.9346 14.318
v 0.4047 -0.95048 14.33
v 0.25844 -1.0832 14.68
v 0.23232 -1.0492 14.684
v 0.19652 -1.0575 14.661
v 0.2005 -1.0967 14.644
v 0.23877 -1.1125 14.656
v -1.2195 2.2599 15.918
v -1.2637 2.3236 15.876
v -1.3439 2.2929 15.857
v -1.3493 2.2102 15.887
v -1.2724 2.1898 15.925
v -1.3562 2.3951 16.269
v -1.4004 2.4588 16.227
v -1.4806 2.4281 16.208
v -1.486 2.3454 16.237
v -1.4092 2.325 16.275
v -1.3115 2.2761 15.926
v -1.2766 2.2981 15.893
v -1.2599 2.2609 15.86
v -1.2844 2.2159 15.872
v -1.3163 2.2254 15.913
v -1.6072 2.3688 15.673
v -1.5724 2.3908 15.64
v -1.5556 2.3536 15.607
v -1.5801 2.3086 15.619
v -1.612 2.3181 15.66
v -1.4998 2.1558 15.427
v -1.4865 2.196 15.398
v -1.4677 2.1787 15.354
v -1.4694 2.1277 15.355
v -1.4892 2.1135 15.4
v -1.8664 2.1645 15.267
v -1.8531 2.2048 15.239
v -1.8343 2.1874 15.195
v -1.836 2.1364 15.196
v -1.8559 2.1223 15.241
v -0.29219 2.2634 15.512
v -0.33762 2.2892 15.494
v -0.36071 2.316 15.536
v -0.32955 2.3067 15.581
v -0.2872 2.2742 15.566
v -0.073436 2.5873 15.427
v -0.11887 2.6132 15.409
v -0.14196 2.6399 15.452
v -0.11079 2.6306 15.497
v -0.068447 2.5981 15.482
v -0.53272 1.9817 15.609
v -0.539 1.9485 15.582
v -0.58054 1.9384 15.583
v -0.59994 1.9652 15.611
v -0.57039 1.992 15.626
v -0.60309 2.2343 15.307
v -0.60936 2.2012 15.28
v -0.6509 2.191 15.282
v -0.6703 2.2179 15.309
v -0.64075 2.2447 15.324
v -1.0914 1.3182 15.188
v -1.1358 1.3628 15.202
v -1.172 1.3715 15.15
v -1.1501 1.3323 15.103
v -1.1003 1.2994 15.127
v -1.3411 1.0319 15.313
v -1.3854 1.0765 15.327
v -1.4217 1.0852 15.275
v -1.3998 1.046 15.229
v -1.35 1.013 15.253
v -1.1012 1.3494 15.127
v -1.1091 1.3683 15.171
v -1.1458 1.3438 15.192
v -1.1605 1.3097 15.16
v -1.1329 1.3132 15.12
v -0.84029 1.0907 15.285
v -0.84827 1.1096 15.329
v -0.88497 1.0851 15.35
v -0.89967 1.051 15.318
v -0.87206 1.0545 15.279
v -0.79103 1.4666 15.102
v -0.821 1.4974 15.128
v -0.86865 1.4863 15.116
v -0.86813 1.4486 15.083
v -0.82016 1.4365 15.074
v -0.80189 1.2018 15.401
v -0.83186 1.2326 15.427
v -0.87951 1.2214 15.416
v -0.87899 1.1837 15.382
v -0.83102 1.1716 15.374
v -0.81003 1.4545 15.087
v -0.83839 1.4689 15.071
v -0.8604 1.4807 15.096
v -0.84564 1.4737 15.128
v -0.81451 1.4575 15.122
v -0.62638 1.8098 15.08
v -0.65474 1.8242 15.064
v -0.67674 1.836 15.089
v -0.66198 1.829 15.121
v -0.63085 1.8128 15.115
v -0.81251 1.4829 15.116
v -0.839 1.4962 15.104
v -0.85477 1.5108 15.128
v -0.83802 1.5066 15.155
v -0.8119 1.4893 15.148
v -0.60986 1.82 15.044
v -0.63635 1.8333 15.031
v -0.65212 1.8479 15.055
v -0.63537 1.8437 15.082
v -0.60925 1.8264 15.075
v -0.81251 1.4829 15.116
v -0.839 1.4962 15.104
v -0.85477 1.5108 15.128
v -0.83802 1.5066 15.155
v -0.8119 1.4893 15.148
v -0.60986 1.82 15.044
v -0.63635 1.8333 15.031
v -0.65212 1.8479 15.055
v -0.63537 1.8437 15.082
v -0.60925 1.8264 15.075
v 0.56778 1.3987 13.932
v 0.56092 1.4362 13.952
v 0.55951 1.4289 13.994
v 0.5655 1.3869 14
v 0.57061 1.3683 13.962
v 0.96258 1.4586 13.956
v 0.95572 1.4961 13.975
v 0.95431 1.4888 14.017
v 0.96029 1.4468 14.024
v 0.96541 1.4281 13.986
v -2.0349 -0.65336 14.428
v -2.0727 -0.61127 14.422
v -2.0851 -0.592 14.474
v -2.055 -0.62217 14.512
v -2.024 -0.66009 14.483
v -1.7361 -0.3888 14.401
v -1.7739 -0.34671 14.396
v -1.7863 -0.32744 14.448
v -1.7562 -0.35762 14.485
v -1.7252 -0.39554 14.457
v -2.0431 -0.64255 14.443
v -2.0649 -0.61825 14.44
v -2.0721 -0.60712 14.47
v -2.0547 -0.62454 14.492
v -2.0368 -0.64644 14.475
v -1.7443 -0.37799 14.417
v -1.7661 -0.35369 14.413
v -1.7733 -0.34256 14.443
v -1.7559 -0.35998 14.465
v -1.738 -0.38188 14.448
v -1.5234 -2.1421 15.779
v -1.5735 -2.073 15.779
v -1.6502 -2.0962 15.749
v -1.6475 -2.1796 15.731
v -1.5691 -2.2079 15.75
v -1.6407 -2.226 16.152
v -1.6908 -2.1569 16.152
v -1.7675 -2.1801 16.122
v -1.7648 -2.2635 16.104
v -1.6864 -2.2918 16.123
v -1.5747 -2.1622 15.721
v -1.6085 -2.1189 15.719
v -1.6206 -2.1044 15.77
v -1.5941 -2.1387 15.804
v -1.5658 -2.1745 15.773
v -1.2596 -1.9159 15.725
v -1.2935 -1.8725 15.723
v -1.3055 -1.858 15.774
v -1.2791 -1.8924 15.808
v -1.2507 -1.9281 15.778
v -1.3499 -2.3663 15.25
v -1.3963 -2.3532 15.275
v -1.4273 -2.3262 15.24
v -1.4001 -2.3226 15.193
v -1.3522 -2.3475 15.199
v -1.5125 -2.7113 15.13
v -1.5589 -2.6981 15.154
v -1.5899 -2.6711 15.119
v -1.5627 -2.6676 15.072
v -1.5148 -2.6924 15.079
v -0.71031 -2.7583 14.616
v -0.73467 -2.7469 14.652
v -0.77773 -2.7539 14.642
v -0.78 -2.7696 14.6
v -0.73833 -2.7723 14.584
v -0.68117 -3.1322 14.755
v -0.70553 -3.1208 14.791
v -0.74859 -3.1278 14.781
v -0.75085 -3.1435 14.739
v -0.70919 -3.1463 14.723
v -0.58808 -2.2292 14.341
v -0.61478 -2.1904 14.339
v -0.64584 -2.1964 14.304
v -0.63834 -2.2389 14.285
v -0.60264 -2.2592 14.308
v -0.8474 -2.3907 14.599
v -0.8741 -2.3519 14.597
v -0.90517 -2.3579 14.562
v -0.89767 -2.4004 14.543
v -0.86197 -2.4207 14.566
v 3.4649 0.69462 15.443
v 3.4222 0.75396 15.444
v 3.3647 0.73962 15.487
v 3.3717 0.67142 15.512
v 3.4337 0.64361 15.485
v 3.6656 0.83314 15.76
v 3.6229 0.89248 15.761
v 3.5653 0.87814 15.804
v 3.5724 0.80995 15.829
v 3.6344 0.78213 15.802
v 3.3819 -0.20838 14.974
v 3.3668 -0.18429 15.044
v 3.3049 -0.2208 15.069
v 3.2817 -0.26745 15.013
v 3.3293 -0.25977 14.955
v 3.6125 -0.49938 15.122
v 3.5975 -0.47529 15.193
v 3.5356 -0.51179 15.217
v 3.5124 -0.55845 15.162
v 3.5599 -0.55077 15.103
v 3.3383 -0.24454 14.998
v 3.319 -0.22858 14.994
v 3.3189 -0.21201 15.014
v 3.3382 -0.21773 15.029
v 3.3502 -0.23784 15.019
v 3.5774 -0.0016089 14.789
v 3.5581 0.014356 14.785
v 3.558 0.030925 14.804
v 3.5773 0.0252 14.82
v 3.5893 0.0050931 14.81
v 3.6874 -0.0052056 13.946
v 3.6734 0.042258 13.97
v 3.6612 0.031703 14.022
v 3.6676 -0.022284 14.031
v 3.6838 -0.045095 13.984
v 4.0695 0.056184 14.047
v 4.0556 0.10365 14.071
v 4.0434 0.093093 14.123
v 4.0498 0.039106 14.132
v 4.066 0.016295 14.084
v 3.4398 0.2139 13.894
v 3.412 0.24928 13.908
v 3.3674 0.23603 13.901
v 3.3677 0.19246 13.884
v 3.4124 0.17879 13.879
v 3.43 0.064109 14.265
v 3.4022 0.099486 14.279
v 3.3576 0.086237 14.272
v 3.3579 0.042672 14.255
v 3.4026 0.028996 14.25
v 3.4229 0.21398 13.894
v 3.4069 0.23441 13.902
v 3.3812 0.22676 13.898
v 3.3813 0.20161 13.888
v 3.4071 0.19371 13.885
v 3.4131 0.06419 14.265
v 3.3971 0.084615 14.273
v 3.3713 0.076965 14.269
v 3.3715 0.051813 14.259
v 3.3973 0.043917 14.256
v 3.5465 1.5063 14.037
v 3.4909 1.5669 14.017
v 3.428 1.5633 14.073
v 3.4446 1.5004 14.127
v 3.5178 1.4652 14.104
v 3.7432 1.7613 14.274
v 3.6877 1.822 14.255
v 3.6247 1.8183 14.311
v 3.6413 1.7555 14.364
v 3.7146 1.7202 14.342
v 3.4646 1.5275 14.042
v 3.4859 1.5574 14.066
v 3.5067 1.5362 14.099
v 3.4983 1.4931 14.094
v 3.4723 1.4878 14.059
v 3.7875 1.4881 13.809
v 3.8087 1.518 13.833
v 3.8296 1.4967 13.866
v 3.8212 1.4537 13.861
v 3.7952 1.4483 13.826
v -1.0581 0.9577 12.116
v -1.0595 0.97132 12.072
v -1.0907 0.94517 12.05
v -1.1085 0.9154 12.08
v -1.0884 0.92315 12.121
v -1.3441 1.2222 12.207
v -1.3456 1.2358 12.162
v -1.3767 1.2096 12.14
v -1.3945 1.1799 12.171
v -1.3744 1.1876 12.212
v -1.0581 0.9577 12.116
v -1.0595 0.97132 12.072
v -1.0907 0.94517 12.05
v -1.1085 0.9154 12.08
v -1.0884 0.92315 12.121
v -1.3441 1.2222 12.207
v -1.3456 1.2358 12.162
v -1.3767 1.2096 12.14
v -1.3945 1.1799 12.171
v -1.3744 1.1876 12.212
v -3.9999 0.62831 15.273
v -4.0328 0.68189 15.252
v -4.086 0.66135 15.218
v -4.0861 0.59509 15.218
v -4.0329 0.57467 15.252
v -4.214 0.62957 15.611
v -4.2468 0.68314 15.59
v -4.3001 0.66261 15.556
v -4.3001 0.59634 15.556
v -4.2469 0.57592 15.59
v -4.111 0.71768 14.735
v -4.0972 0.72862 14.705
v -4.1032 0.70381 14.68
v -4.1208 0.67753 14.696
v -4.1256 0.6861 14.73
v -4.4577 0.8937 14.641
v -4.4439 0.90465 14.611
v -4.4499 0.87984 14.586
v -4.4674 0.85356 14.602
v -4.4722 0.86213 14.636
v -3.613 0.65753 14.529
v -3.6245 0.63091 14.485
v -3.6755 0.6175 14.487
v -3.6956 0.63583 14.532
v -3.657 0.66057 14.558
v -3.7097 1.0005 14.347
v -3.7212 0.97384 14.303
v -3.7722 0.96043 14.305
v -3.7923 0.97876 14.35
v -3.7537 1.0035 14.376
v -2.6466 1.1982 13.316
v -2.6754 1.1572 13.325
v -2.7242 1.1714 13.322
v -2.7255 1.221 13.311
v -2.6775 1.2376 13.308
v -2.6455 1.112 12.926
v -2.6743 1.071 12.935
v -2.7231 1.0852 12.932
v -2.7244 1.1348 12.921
v -2.6764 1.1514 12.917
v 4.8545 -1.0546 14.215
v 4.8292 -1.0034 14.247
v 4.7842 -1.026 14.289
v 4.7816 -1.0912 14.283
v 4.8251 -1.1089 14.237
v 5.1358 -1.0929 14.497
v 5.1105 -1.0416 14.529
v 5.0654 -1.0642 14.571
v 5.0628 -1.1294 14.565
v 5.1063 -1.1471 14.519
v 4.1068 -1.7247 13.049
v 4.0715 -1.6892 13.03
v 4.0259 -1.6943 13.058
v 4.0331 -1.733 13.095
v 4.0831 -1.7518 13.089
v 4.2373 -1.4526 13.312
v 4.202 -1.4171 13.293
v 4.1564 -1.4222 13.321
v 4.1636 -1.4609 13.357
v 4.2136 -1.4797 13.352
v 4.0888 -1.7221 13.056
v 4.0683 -1.7016 13.045
v 4.042 -1.7046 13.061
v 4.0462 -1.7269 13.082
v 4.0751 -1.7378 13.079
v 4.2193 -1.4501 13.318
v 4.1989 -1.4295 13.307
v 4.1725 -1.4325 13.323
v 4.1767 -1.4548 13.344
v 4.2056 -1.4657 13.341
v 3.1798 -2.2813 12.321
v 3.1616 -2.2526 12.326
v 3.1378 -2.2595 12.35
v 3.1412 -2.2925 12.36
v 3.1672 -2.306 12.341
v 3.4365 -2.1738 12.608
v 3.4183 -2.1451 12.614
v 3.3944 -2.152 12.638
v 3.3979 -2.185 12.647
v 3.4239 -2.1985 12.629
v 3.1798 -2.2813 12.321
v 3.1616 -2.2526 12.326
v 3.1378 -2.2595 12.35
v 3.1412 -2.2925 12.36
v 3.1672 -2.306 12.341
v 3.4365 -2.1738 12.608
v 3.4183 -2.1451 12.614
v 3.3944 -2.152 12.638
v 3.3979 -2.185 12.647
v 3.4239 -2.1985 12.629
v 3.1832 -2.2818 12.318
v 3.1622 -2.2486 12.324
v 3.1347 -2.2566 12.352
v 3.1387 -2.2947 12.363
v 3.1687 -2.3103 12.342
v 3.4399 -2.1743 12.605
v 3.4189 -2.1411 12.612
v 3.3914 -2.1491 12.639
v 3.3954 -2.1872 12.65
v 3.4254 -2.2028 12.629
v 3.5995 -1.805 12.668
v 3.5655 -1.7928 12.702
v 3.5214 -1.7895 12.68
v 3.5281 -1.7997 12.631
v 3.5764 -1.8093 12.624
v 3.5333 -2.1927 12.741
v 3.4993 -2.1805 12.775
v 3.4552 -2.1772 12.752
v 3.4619 -2.1874 12.704
v 3.5102 -2.197 12.697
v 2.8072 -3.4952 12.843
v 2.7673 -3.457 12.867
v 2.7161 -3.4619 12.836
v 2.7243 -3.5031 12.793
v 2.7806 -3.5236 12.797
v 2.6829 -3.7816 13.093
v 2.643 -3.7434 13.117
v 2.5918 -3.7483 13.086
v 2.6 -3.7895 13.043
v 2.6563 -3.81 13.047
v 2.7495 -3.5158 12.848
v 2.7298 -3.4782 12.846
v 2.7507 -3.4543 12.817
v 2.7832 -3.4772 12.802
v 2.7824 -3.5152 12.821
v 2.5148 -3.6575 12.557
v 2.4952 -3.6198 12.554
v 2.516 -3.596 12.526
v 2.5485 -3.6189 12.511
v 2.5478 -3.6569 12.53
v 3.1383 -2.727 11.922
v 3.1586 -2.6771 11.934
v 3.2082 -2.684 11.958
v 3.2185 -2.7382 11.96
v 3.1754 -2.7648 11.938
v 3.3101 -2.7099 11.561
v 3.3304 -2.66 11.573
v 3.38 -2.6668 11.597
v 3.3904 -2.721 11.599
v 3.3472 -2.7477 11.577
v 3.1558 -2.7233 11.931
v 3.1675 -2.6945 11.938
v 3.1962 -2.6985 11.951
v 3.2022 -2.7297 11.953
v 3.1772 -2.7451 11.94
v 3.3277 -2.7062 11.57
v 3.3394 -2.6773 11.577
v 3.368 -2.6813 11.59
v 3.374 -2.7126 11.592
v 3.3491 -2.728 11.579
v 3.9366 0.99982 11.902
v 3.9313 1.0561 11.939
v 3.9287 1.0389 12.003
v 3.9323 0.97198 12.007
v 3.9373 0.94784 11.945
v 4.3353 1.0229 11.925
v 4.3301 1.0791 11.961
v 4.3274 1.0619 12.026
v 4.331 0.99503 12.03
v 4.336 0.97088 11.967
v 0.43045 4.5613 15.059
v 0.38995 4.6122 15.04
v 0.32595 4.5938 15.053
v 0.32688 4.5316 15.08
v 0.39147 4.5115 15.084
v 0.4572 4.7197 15.426
v 0.4167 4.7706 15.407
v 0.3527 4.7523 15.419
v 0.35363 4.69 15.446
v 0.41822 4.6699 15.45
v 0.41085 4.5561 13.664
v 0.38285 4.5898 13.68
v 0.33867 4.5778 13.67
v 0.33936 4.5366 13.648
v 0.38397 4.5232 13.644
v 0.38728 4.3665 14.015
v 0.35928 4.4003 14.031
v 0.3151 4.3882 14.022
v 0.31579 4.347 14
v 0.3604 4.3336 13.996
v 1.2018 4.7272 14.006
v 1.1576 4.7659 13.994
v 1.1369 4.788 14.046
v 1.1682 4.763 14.09
v 1.2084 4.7254 14.066
v 1.4681 5.0249 13.986
v 1.4239 5.0636 13.973
v 1.4032 5.0857 14.025
v 1.4346 5.0607 14.07
v 1.4747 5.0232 14.046
v 1.1246 4.1521 14.212
v 1.1102 4.1667 14.257
v 1.0666 4.1464 14.266
v 1.054 4.1192 14.227
v 1.0899 4.1227 14.194
v 1.3071 3.8355 14.375
v 1.2927 3.8501 14.419
v 1.2491 3.8298 14.429
v 1.2365 3.8026 14.39
v 1.2724 3.8061 14.357
v -0.93562 3.8572 14.019
v -0.94191 3.8924 13.968
v -0.97656 3.8612 13.927
v -0.99168 3.8067 13.952
v -0.96638 3.8043 14.009
v -1.2659 4.0212 14.173
v -1.2722 4.0564 14.123
v -1.3069 4.0251 14.082
v -1.322 3.9707 14.107
v -1.2967 3.9682 14.164
v -0.24128 3.5338 13.973
v -0.27073 3.5271 13.96
v -0.29239 3.5485 13.973
v -0.27633 3.5686 13.993
v -0.24474 3.5595 13.994
v -0.1655 3.7835 13.67
v -0.19495 3.7767 13.657
v -0.21661 3.7982 13.669
v -0.20055 3.8182 13.69
v -0.16897 3.8091 13.69
v -0.24128 3.5338 13.973
v -0.27073 3.5271 13.96
v -0.29239 3.5485 13.973
v -0.27633 3.5686 13.993
v -0.24474 3.5595 13.994
v -0.1655 3.7835 13.67
v -0.19495 3.7767 13.657
v -0.21661 3.7982 13.669
v -0.20055 3.8182 13.69
v -0.16897 3.8091 13.69
v -0.2376 3.5317 13.973
v -0.2716 3.5239 13.958
v -0.29661 3.5487 13.972
v -0.27807 3.5718 13.995
v -0.24159 3.5613 13.996
v -0.16182 3.7814 13.669
v -0.19582 3.7735 13.654
v -0.22084 3.7983 13.669
v -0.20229 3.8215 13.692
v -0.16582 3.811 13.693
v -0.71738 5.142 12.773
v -0.74328 5.1914 12.715
v -0.80646 5.1571 12.68
v -0.81961 5.0864 12.716
v -0.76456 5.0771 12.773
v -0.96167 5.3197 13.035
v -0.98756 5.3692 12.978
v -1.0507 5.3348 12.942
v -1.0639 5.2641 12.978
v -1.0088 5.2548 13.035
v -0.73323 5.1477 12.711
v -0.74267 5.147 12.764
v -0.79023 5.1238 12.772
v -0.81019 5.1103 12.724
v -0.77496 5.1251 12.687
v -0.55488 4.7907 12.738
v -0.56432 4.7899 12.791
v -0.61188 4.7668 12.798
v -0.63184 4.7532 12.751
v -0.59661 4.768 12.713
v 1.6727 4.8614 11.861
v 1.651 4.91 11.871
v 1.6554 4.9201 11.924
v 1.6798 4.8777 11.947
v 1.6905 4.8414 11.908
v 2.0289 5.0324 11.799
v 2.0072 5.081 11.809
v 2.0116 5.0911 11.862
v 2.036 5.0487 11.885
v 2.0467 5.0124 11.846
v 2.1005 2.2318 14.135
v 2.0761 2.2426 14.098
v 2.0323 2.2354 14.108
v 2.0298 2.2202 14.151
v 2.0719 2.218 14.167
v 2.0683 2.6079 14.268
v 2.0439 2.6187 14.231
v 2.0002 2.6115 14.241
v 1.9976 2.5963 14.283
v 2.0397 2.594 14.3
v 1.7739 1.926 13.793
v 1.7691 1.9198 13.827
v 1.7375 1.9049 13.831
v 1.7228 1.9019 13.8
v 1.7453 1.9149 13.776
v 1.9393 1.5643 13.751
v 1.9345 1.5581 13.785
v 1.9029 1.5432 13.789
v 1.8883 1.5402 13.757
v 1.9107 1.5532 13.734
v 1.7739 1.926 13.793
v 1.7691 1.9198 13.827
v 1.7375 1.9049 13.831
v 1.7228 1.9019 13.8
v 1.7453 1.9149 13.776
v 1.9393 1.5643 13.751
v 1.9345 1.5581 13.785
v 1.9029 1.5432 13.789
v 1.8883 1.5402 13.757
v 1.9107 1.5532 13.734
v 1.7776 1.9279 13.791
v 1.7721 1.9208 13.831
v 1.7356 1.9036 13.835
v 1.7187 1.9001 13.799
v 1.7446 1.9151 13.771
v 1.943 1.5662 13.749
v 1.9375 1.559 13.789
v 1.9011 1.5418 13.793
v 1.8841 1.5384 13.757
v 1.9101 1.5534 13.729
v 3.5699 3.7277 12.917
v 3.5224 3.7804 12.891
v 3.4535 3.7661 12.919
v 3.4585 3.7046 12.963
v 3.5304 3.6808 12.962
v 3.6509 3.9593 13.233
v 3.6034 4.0121 13.206
v 3.5345 3.9977 13.235
v 3.5394 3.9362 13.278
v 3.6114 3.9124 13.277
v -2.2245 -3.6212 14.238
v -2.2345 -3.5906 14.289
v -2.2753 -3.6202 14.32
v -2.2905 -3.6691 14.29
v -2.2592 -3.6697 14.239
v -1.9334 -3.8259 14.421
v -1.9433 -3.7953 14.471
v -1.9841 -3.825 14.503
v -1.9994 -3.8739 14.472
v -1.968 -3.8745 14.422
v -3.6954 -3.3925 13.744
v -3.7172 -3.3508 13.735
v -3.7304 -3.3507 13.689
v -3.7167 -3.3923 13.67
v -3.6951 -3.4182 13.704
v -4.0474 -3.5543 13.844
v -4.0691 -3.5125 13.835
v -4.0823 -3.5124 13.789
v -4.0686 -3.5541 13.77
v -4.047 -3.58 13.804
v -3.7194 -3.3859 13.748
v -3.7183 -3.3441 13.724
v -3.707 -3.3532 13.679
v -3.7012 -3.4006 13.674
v -3.7089 -3.4208 13.717
v -4.1077 -3.425 13.66
v -4.1065 -3.3832 13.636
v -4.0953 -3.3923 13.591
v -4.0894 -3.4397 13.586
v -4.0971 -3.4599 13.629
v -3.3418 -2.4393 14.275
v -3.3586 -2.4114 14.27
v -3.375 -2.4143 14.242
v -3.3684 -2.444 14.229
v -3.3479 -2.4595 14.25
v -3.6547 -2.5928 14.471
v -3.6715 -2.5649 14.466
v -3.6879 -2.5677 14.438
v -3.6813 -2.5974 14.425
v -3.6608 -2.6129 14.446
v -3.3142 -2.408 14.23
v -3.3203 -2.4252 14.293
v -3.379 -2.4541 14.301
v -3.4092 -2.4548 14.243
v -3.3691 -2.4263 14.199
v -3.1495 -2.7635 14.15
v -3.1556 -2.7807 14.213
v -3.2143 -2.8096 14.221
v -3.2445 -2.8104 14.162
v -3.2045 -2.7819 14.118
v -0.21093 -4.0936 13.018
v -0.2551 -4.0759 13.046
v -0.29163 -4.0573 13.009
v -0.27003 -4.0635 12.959
v -0.22016 -4.0859 12.964
v -0.3725 -4.4587 12.994
v -0.41667 -4.441 13.021
v -0.4532 -4.4224 12.984
v -0.4316 -4.4286 12.934
v -0.38173 -4.451 12.94
v -4.087 3.5679 14.454
v -4.1242 3.612 14.429
v -4.1838 3.5955 14.44
v -4.1835 3.5411 14.471
v -4.1237 3.524 14.48
v -4.08 3.7678 14.8
v -4.1171 3.812 14.775
v -4.1767 3.7955 14.786
v -4.1764 3.7411 14.817
v -4.1166 3.724 14.826
v -4.864 3.1361 13.536
v -4.9052 3.1842 13.543
v -4.931 3.1955 13.486
v -4.9058 3.1544 13.444
v -4.8644 3.1176 13.476
v -5.1565 2.8754 13.617
v -5.1977 2.9236 13.623
v -5.2235 2.9349 13.566
v -5.1983 2.8937 13.525
v -5.1569 2.857 13.556
v -3.662 3.8021 13.14
v -3.7087 3.8276 13.119
v -3.735 3.8535 13.163
v -3.7047 3.8441 13.21
v -3.6596 3.8123 13.196
v -3.4501 4.1341 13.07
v -3.4968 4.1596 13.05
v -3.5231 4.1855 13.093
v -3.4928 4.1761 13.14
v -3.4477 4.1443 13.126
v 0.06792 -0.06834 17.598
v 0.01036 0.010873 17.599
v -0.082762 -0.019376 17.598
v -0.082756 -0.11728 17.596
v 0.010371 -0.14755 17.596
v 0.064649 -0.074721 17.998
v 0.0070897 0.004492 17.999
v -0.086033 -0.025757 17.998
v -0.086027 -0.12367 17.996
v 0.0071 -0.15393 17.996
v -0.052866 -0.022553 17.568
v 0.016581 -0.010454 17.601
v 0.041869 -0.078344 17.629
v -0.011951 -0.1324 17.614
v -0.0705 -0.09792 17.576
v 0.12642 -0.10171 17.219
v 0.19587 -0.089615 17.252
v 0.22116 -0.1575 17.28
v 0.16734 -0.21156 17.265
v 0.10879 -0.17708 17.227
v 0.11609 -0.21972 16.838
v 0.070144 -0.15952 16.817
v -0.0046628 -0.18286 16.823
v -0.0049541 -0.25748 16.848
v 0.069673 -0.28027 16.857
v 0.10686 -0.094407 17.218
v 0.060918 -0.034203 17.197
v -0.013889 -0.057541 17.203
v -0.014181 -0.13217 17.227
v 0.060446 -0.15495 17.237
v 0.093807 -0.22189 16.862
v 0.061198 -0.17255 16.851
v 0.012087 -0.18874 16.821
v 0.014344 -0.24809 16.812
v 0.06485 -0.26858 16.837
v -0.101 -0.27938 17.206
v -0.13361 -0.23003 17.196
v -0.18272 -0.24623 17.165
v -0.18046 -0.30558 17.157
v -0.12996 -0.32607 17.182
v -0.55337 -0.2127 16.957
v -0.59288 -0.15043 16.94
v -0.65355 -0.17185 16.899
v -0.65154 -0.24735 16.892
v -0.58962 -0.2726 16.928
v -0.76411 -0.24996 17.295
v -0.80362 -0.18769 17.277
v -0.86429 -0.2091 17.237
v -0.86227 -0.28461 17.23
v -0.80036 -0.30986 17.266
v -0.56371 -0.20894 16.897
v -0.5925 -0.16196 16.923
v -0.64297 -0.18274 16.949
v -0.64538 -0.24255 16.94
v -0.59639 -0.25874 16.908
v -0.36295 -0.26766 17.238
v -0.39173 -0.22069 17.263
v -0.4422 -0.24146 17.29
v -0.44461 -0.30127 17.281
v -0.39563 -0.31747 17.249
v -0.30673 0.29414 16.749
v -0.30993 0.34119 16.789
v -0.3223 0.318 16.845
v -0.32674 0.25662 16.839
v -0.31711 0.24187 16.78
v 0.085153 0.25951 16.821
v 0.081947 0.30656 16.861
v 0.069579 0.28337 16.917
v 0.065141 0.22198 16.912
v 0.074767 0.20724 16.852
v -0.31031 0.29295 16.766
v -0.31217 0.32366 16.793
v -0.3201 0.30836 16.829
v -0.32314 0.26819 16.826
v -0.31709 0.25867 16.787
v 0.081878 0.25696 16.836
v 0.080014 0.28766 16.863
v 0.072083 0.27236 16.899
v 0.069046 0.2322 16.896
v 0.0751 0.22268 16.857
v 0.20473 0.32575 16.28
v 0.17123 0.37507 16.315
v 0.10879 0.35026 16.333
v 0.10371 0.2856 16.308
v 0.16301 0.27046 16.275
v 0.35686 0.18313 16.621
v 0.32335 0.23245 16.657
v 0.26092 0.20764 16.674
v 0.25584 0.14299 16.649
v 0.31513 0.12784 16.617
v 0.17555 0.32434 16.257
v 0.16087 0.37155 16.293
v 0.13158 0.34949 16.342
v 0.12815 0.28865 16.336
v 0.15533 0.2731 16.284
v 0.52465 0.28645 16.448
v 0.50997 0.33366 16.484
v 0.48068 0.3116 16.533
v 0.47726 0.25076 16.528
v 0.50443 0.23521 16.475
v 0.13735 0.15496 16.046
v 0.10703 0.18462 16.092
v 0.047661 0.1658 16.091
v 0.041288 0.12451 16.045
v 0.096718 0.11781 16.017
v 0.22739 -0.14173 16.299
v 0.19707 -0.11207 16.345
v 0.1377 -0.13089 16.344
v 0.13133 -0.17218 16.297
v 0.18676 -0.17887 16.27
v 0.092574 0.12065 16.04
v 0.060564 0.14538 16.035
v 0.063719 0.17586 16.062
v 0.097679 0.16996 16.084
v 0.11551 0.13585 16.07
v 0.30065 0.33439 15.774
v 0.26864 0.35912 15.769
v 0.2718 0.3896 15.795
v 0.30576 0.3837 15.817
v 0.32359 0.34959 15.804
v -0.34523 0.2151 16.471
v -0.34572 0.23278 16.511
v -0.37185 0.20762 16.537
v -0.38751 0.17438 16.512
v -0.37106 0.179 16.471
v -0.029984 -0.0093187 16.572
v -0.030472 0.0083665 16.613
v -0.056604 -0.0168 16.638
v -0.072265 -0.050039 16.613
v -0.055813 -0.045415 16.572
v -0.33436 0.2026 16.493
v -0.35425 0.23064 16.504
v -0.38799 0.21879 16.51
v -0.38896 0.18343 16.502
v -0.35581 0.17342 16.492
v -0.23839 0.11586 16.871
v -0.25828 0.14391 16.883
v -0.29203 0.13206 16.889
v -0.293 0.096689 16.881
v -0.25985 0.086681 16.87
v 0.07007 0.14002 16.093
v 0.048878 0.1629 16.104
v 0.01977 0.15792 16.089
v 0.022971 0.13196 16.069
v 0.054058 0.1209 16.072
v -0.039981 -0.10494 16.39
v -0.061172 -0.082055 16.401
v -0.090281 -0.087032 16.386
v -0.087079 -0.11299 16.366
v -0.055992 -0.12406 16.368
v 0.40161 0.90746 16.577
v 0.35892 0.95616 16.534
v 0.2846 0.93374 16.539
v 0.28135 0.87118 16.585
v 0.35366 0.85495 16.608
v 0.35099 1.1447 16.895
v 0.30831 1.1933 16.852
v 0.23398 1.1709 16.857
v 0.23073 1.1084 16.903
v 0.30305 1.0921 16.926
v 0.36887 0.93979 16.59
v 0.37955 0.90701 16.539
v 0.33009 0.87103 16.528
v 0.28883 0.88158 16.573
v 0.3128 0.92408 16.612
v 0.20355 1.2307 16.371
v 0.21423 1.1979 16.319
v 0.16476 1.162 16.309
v 0.1235 1.1725 16.354
v 0.14748 1.215 16.393
v 0.10051 0.36371 16.151
v 0.099714 0.36338 16.124
v 0.078738 0.34921 16.117
v 0.066573 0.34077 16.139
v 0.08003 0.34973 16.159
v -0.12414 0.69465 16.153
v -0.12494 0.69433 16.127
v -0.14591 0.68015 16.12
v -0.15808 0.67171 16.141
v -0.14462 0.68067 16.162
v 0.11593 0.3513 16.145
v 0.092678 0.37838 16.156
v 0.058972 0.37088 16.142
v 0.061393 0.33917 16.122
v 0.096595 0.32707 16.124
v 0.025215 0.14256 16.474
v 0.0019624 0.16963 16.485
v -0.031743 0.16214 16.471
v -0.029322 0.13043 16.451
v 0.0058798 0.11833 16.453
v -0.10863 -0.028026 15.933
v -0.13855 0.011656 15.933
v -0.11268 0.050462 15.95
v -0.066778 0.034764 15.961
v -0.064273 -0.013744 15.951
v 0.0085052 0.058729 15.561
v -0.021413 0.098411 15.561
v 0.0044516 0.13722 15.578
v 0.050355 0.12152 15.589
v 0.05286 0.073011 15.578
v -0.066872 0.024297 15.959
v -0.075882 0.01833 15.918
v -0.11571 0.002264 15.915
v -0.13131 -0.0016985 15.955
v -0.10113 0.011919 15.982
v -0.21502 0.39525 15.938
v -0.22403 0.38929 15.896
v -0.26385 0.37322 15.894
v -0.27946 0.36926 15.934
v -0.24928 0.38287 15.961
v 0.085585 -0.12599 15.711
v 0.055617 -0.084956 15.707
v 0.0072131 -0.10057 15.71
v 0.0072651 -0.15126 15.715
v 0.055702 -0.16697 15.715
v 0.094085 -0.087584 16.109
v 0.064118 -0.046545 16.105
v 0.015713 -0.062159 16.108
v 0.015765 -0.11285 16.113
v 0.064202 -0.12856 16.113
v 0.063931 -0.12597 15.711
v 0.048947 -0.10545 15.709
v 0.024745 -0.11326 15.711
v 0.024771 -0.1386 15.713
v 0.048989 -0.14646 15.713
v 0.072431 -0.087562 16.109
v 0.057447 -0.067042 16.108
v 0.033245 -0.074849 16.109
v 0.033271 -0.10019 16.111
v 0.057489 -0.10805 16.111
v 0.13918 -0.056643 15.82
v 0.12719 -0.075232 15.785
v 0.087091 -0.08317 15.788
v 0.074298 -0.069487 15.825
v 0.10649 -0.053092 15.844
v 0.055936 0.29916 15.657
v 0.043947 0.28057 15.622
v 0.0038492 0.27264 15.626
v -0.0089436 0.28632 15.662
v 0.023248 0.30271 15.681
v 0.12971 -0.05983 15.817
v 0.12123 -0.072975 15.793
v 0.092878 -0.078588 15.795
v 0.083832 -0.068912 15.821
v 0.1066 -0.057319 15.835
v 0.046467 0.29598 15.655
v 0.03799 0.28283 15.63
v 0.0096362 0.27722 15.633
v 0.00059032 0.28689 15.658
v 0.023353 0.29849 15.672
v 1.7031 -0.22623 16.547
v 1.6796 -0.1818 16.585
v 1.6308 -0.20669 16.616
v 1.6241 -0.26651 16.598
v 1.6687 -0.27859 16.555
v 1.9501 -0.3457 16.838
v 1.9267 -0.30126 16.876
v 1.8779 -0.32615 16.907
v 1.8711 -0.38597 16.889
v 1.9158 -0.39805 16.846
v 1.643 -0.21657 16.613
v 1.6703 -0.19246 16.582
v 1.6851 -0.22295 16.549
v 1.667 -0.26589 16.559
v 1.641 -0.26195 16.598
v 1.3198 -0.13198 16.393
v 1.347 -0.10788 16.362
v 1.3619 -0.13836 16.329
v 1.3438 -0.18131 16.339
v 1.3177 -0.17737 16.379
v 1.5302 -0.18136 15.901
v 1.5533 -0.14841 15.937
v 1.5673 -0.17805 15.98
v 1.5528 -0.22933 15.97
v 1.5298 -0.23137 15.921
v 1.8879 -0.25196 15.736
v 1.9111 -0.219 15.772
v 1.925 -0.24865 15.815
v 1.9105 -0.29992 15.806
v 1.8876 -0.30197 15.757
v 1.5171 -0.20608 15.926
v 1.5258 -0.16583 15.934
v 1.5634 -0.1641 15.953
v 1.5779 -0.20328 15.956
v 1.5493 -0.22922 15.94
v 1.6917 -0.17298 15.568
v 1.7004 -0.13274 15.576
v 1.738 -0.13101 15.594
v 1.7525 -0.17019 15.598
v 1.7239 -0.19613 15.581
v 0.95077 0.16698 16.634
v 0.90412 0.18145 16.627
v 0.89968 0.22753 16.644
v 0.94358 0.24154 16.662
v 0.97516 0.20412 16.655
v 1.05 0.31015 16.274
v 1.0033 0.32463 16.267
v 0.99888 0.37071 16.284
v 1.0428 0.38472 16.301
v 1.0744 0.3473 16.295
v 0.96653 0.18979 16.654
v 0.93068 0.18971 16.677
v 0.90034 0.20983 16.655
v 0.91743 0.22234 16.618
v 0.95834 0.20995 16.617
v 0.85905 -0.15767 16.488
v 0.82321 -0.15774 16.511
v 0.79287 -0.13762 16.488
v 0.80996 -0.12512 16.451
v 0.85086 -0.13751 16.451
v 1.1411 0.37541 16.459
v 1.1242 0.41314 16.474
v 1.1066 0.4059 16.513
v 1.1127 0.36369 16.523
v 1.1341 0.34485 16.49
v 1.4905 0.46663 16.632
v 1.4735 0.50436 16.646
v 1.456 0.49712 16.686
v 1.4621 0.45491 16.695
v 1.4834 0.43607 16.662
v 1.1311 0.39889 16.469
v 1.1434 0.4014 16.502
v 1.1286 0.37516 16.522
v 1.1071 0.35644 16.5
v 1.1086 0.3711 16.467
v 1.4358 0.1575 16.375
v 1.4481 0.16001 16.408
v 1.4333 0.13377 16.427
v 1.4118 0.11504 16.406
v 1.4133 0.12971 16.373
v 1.0935 -0.95603 15.776
v 1.0875 -0.96242 15.81
v 1.0551 -0.97643 15.813
v 1.0411 -0.9787 15.781
v 1.0649 -0.96609 15.757
v 1.2482 -1.3226 15.735
v 1.2422 -1.329 15.769
v 1.2098 -1.343 15.772
v 1.1958 -1.3453 15.74
v 1.2195 -1.3327 15.716
v 0.91843 -0.43752 15.462
v 0.89498 -0.40769 15.477
v 0.85598 -0.41986 15.475
v 0.85533 -0.4572 15.458
v 0.89392 -0.46812 15.45
v 0.94844 -0.60078 15.826
v 0.92499 -0.57096 15.841
v 0.88599 -0.58312 15.839
v 0.88534 -0.62047 15.822
v 0.92393 -0.63138 15.814
v 0.90827 -0.43768 15.463
v 0.89169 -0.41659 15.473
v 0.86411 -0.42519 15.472
v 0.86364 -0.4516 15.46
v 0.89094 -0.45932 15.454
v 0.93828 -0.60095 15.827
v 0.9217 -0.57986 15.837
v 0.89412 -0.58846 15.836
v 0.89365 -0.61486 15.824
v 0.92095 -0.62258 15.818
v -0.51449 0.076112 16.22
v -0.55077 0.10942 16.233
v -0.57905 0.11881 16.192
v -0.56024 0.091295 16.153
v -0.52035 0.064909 16.171
v -0.75735 -0.22641 16.318
v -0.79363 -0.1931 16.331
v -0.8219 -0.18371 16.289
v -0.8031 -0.21122 16.251
v -0.7632 -0.23761 16.268
v -0.51105 0.10379 16.183
v -0.52339 0.095331 16.224
v -0.56556 0.082422 16.224
v -0.57929 0.0829 16.182
v -0.5456 0.096104 16.156
v -0.39402 -0.27632 16.14
v -0.40636 -0.28478 16.182
v -0.44853 -0.29769 16.181
v -0.46226 -0.29721 16.139
v -0.42857 -0.28401 16.114
v -0.18915 -0.56108 16.406
v -0.20488 -0.567 16.357
v -0.25409 -0.58201 16.358
v -0.26878 -0.58536 16.407
v -0.22864 -0.57243 16.437
v -0.30592 -0.17861 16.397
v -0.32165 -0.18452 16.349
v -0.37087 -0.19953 16.35
v -0.38556 -0.20289 16.399
v -0.34542 -0.18996 16.428
v -0.21734 -0.55222 16.412
v -0.20516 -0.56016 16.379
v -0.22607 -0.58664 16.365
v -0.25119 -0.59507 16.39
v -0.24579 -0.5738 16.419
v -0.46367 -0.27795 16.257
v -0.45149 -0.28589 16.224
v -0.47241 -0.31238 16.21
v -0.49752 -0.32081 16.235
v -0.49212 -0.29953 16.264
v 0.69594 -0.25653 14.844
v 0.6642 -0.22956 14.877
v 0.6137 -0.23925 14.863
v 0.61422 -0.27222 14.822
v 0.66504 -0.2829 14.81
v 0.68789 -0.57078 15.091
v 0.65616 -0.54381 15.125
v 0.60565 -0.5535 15.111
v 0.60617 -0.58646 15.069
v 0.657 -0.59715 15.057
v 0.67678 -0.25635 14.844
v 0.65846 -0.24077 14.863
v 0.6293 -0.24637 14.855
v 0.6296 -0.2654 14.831
v 0.65895 -0.27157 14.824
v 0.66874 -0.57059 15.091
v 0.65042 -0.55502 15.11
v 0.62126 -0.56062 15.102
v 0.62156 -0.57965 15.078
v 0.6509 -0.58582 15.071
v 0.2251 0.36089 14.835
v 0.19034 0.38616 14.845
v 0.18038 0.41014 14.809
v 0.20899 0.39969 14.777
v 0.23663 0.36925 14.793
v -0.020846 0.071641 14.709
v -0.055611 0.096911 14.719
v -0.065571 0.12089 14.683
v -0.036962 0.11044 14.651
v -0.00932 0.080004 14.667
v 0.22018 0.36802 14.828
v 0.19559 0.38588 14.835
v 0.18855 0.40284 14.81
v 0.20878 0.39545 14.787
v 0.22833 0.37393 14.798
v -0.025771 0.078769 14.702
v -0.050354 0.096638 14.709
v -0.057397 0.11359 14.684
v -0.037167 0.10621 14.661
v -0.017621 0.084683 14.673
v -0.00026993 -1.2168 16.192
v -0.050584 -1.1477 16.193
v -0.12442 -1.1686 16.155
v -0.11974 -1.2506 16.131
v -0.04301 -1.2805 16.154
v -0.14987 -1.3272 16.546
v -0.20019 -1.2581 16.547
v -0.27402 -1.279 16.509
v -0.26934 -1.361 16.485
v -0.19261 -1.3909 16.509
v -0.037919 -1.2122 16.165
v -0.057843 -1.2363 16.15
v -0.091257 -1.228 16.155
v -0.091985 -1.1987 16.174
v -0.05902 -1.189 16.18
v -0.04039 -0.9944 15.83
v -0.060313 -1.0185 15.814
v -0.093727 -1.0102 15.82
v -0.094455 -0.98089 15.839
v -0.061491 -0.97115 15.845
v 0.05721 -1.3307 16.013
v 0.058343 -1.3123 16.047
v 0.039556 -1.3343 16.073
v 0.026813 -1.3663 16.055
v 0.037723 -1.3641 16.018
v 0.39947 -1.5177 16.102
v 0.4006 -1.4993 16.136
v 0.38181 -1.5213 16.162
v 0.36907 -1.5533 16.144
v 0.37998 -1.551 16.107
v 0.05332 -1.3339 16.021
v 0.054121 -1.3209 16.045
v 0.040837 -1.3364 16.064
v 0.031826 -1.359 16.051
v 0.039541 -1.3575 16.025
v 0.39558 -1.5209 16.11
v 0.39638 -1.5079 16.134
v 0.38309 -1.5234 16.153
v 0.37408 -1.546 16.14
v 0.3818 -1.5444 16.113
v -0.12806 -0.64411 15.867
v -0.10831 -0.66796 15.849
v -0.12876 -0.69693 15.842
v -0.16116 -0.69099 15.857
v -0.16073 -0.65834 15.872
v -0.25281 -0.4826 15.523
v -0.23305 -0.50645 15.505
v -0.25351 -0.53542 15.498
v -0.2859 -0.52948 15.513
v -0.28547 -0.49683 15.528
v -1.6832 0.19556 16.326
v -1.721 0.2592 16.306
v -1.7758 0.23951 16.256
v -1.7719 0.1637 16.245
v -1.7146 0.13654 16.289
v -1.9385 0.13918 16.629
v -1.9763 0.20282 16.609
v -2.0311 0.18312 16.559
v -2.0272 0.10731 16.548
v -1.97 0.080151 16.591
v -1.6891 0.20801 16.294
v -1.711 0.20541 16.245
v -1.7637 0.19381 16.25
v -1.7744 0.18925 16.303
v -1.7283 0.19803 16.33
v -1.7734 0.59869 16.311
v -1.7952 0.59608 16.261
v -1.8479 0.58448 16.267
v -1.8586 0.57992 16.32
v -1.8126 0.5887 16.347
v -1.3195 0.10859 16.297
v -1.3598 0.10059 16.316
v -1.3901 0.12902 16.298
v -1.3686 0.15459 16.267
v -1.3249 0.14196 16.267
v -1.4018 -0.1622 16.014
v -1.4421 -0.17019 16.034
v -1.4724 -0.14176 16.015
v -1.4508 -0.11619 15.985
v -1.4072 -0.12882 15.984
v -1.3335 0.11635 16.294
v -1.3567 0.11173 16.305
v -1.3743 0.12814 16.294
v -1.3618 0.14291 16.277
v -1.3366 0.13562 16.276
v -1.4157 -0.15443 16.011
v -1.439 -0.15905 16.022
v -1.4565 -0.14264 16.012
v -1.4441 -0.12788 15.994
v -1.4189 -0.13517 15.993
v -1.5429 0.89477 15.936
v -1.5539 0.91389 15.882
v -1.6006 0.88566 15.862
v -1.6184 0.8491 15.903
v -1.5827 0.85473 15.949
v -1.7795 1.1801 16.086
v -1.7905 1.1993 16.032
v -1.8371 1.171 16.012
v -1.8549 1.1345 16.054
v -1.8193 1.1401 16.099
v -0.83348 0.12602 14.995
v -0.82564 0.1255 14.953
v -0.85193 0.097376 14.936
v -0.87602 0.080517 14.966
v -0.86462 0.098219 15.003
v -1.105 0.41466 14.941
v -1.0971 0.41414 14.899
v -1.1234 0.38602 14.881
v -1.1475 0.36916 14.912
v -1.1361 0.38686 14.948
v -0.5387 -1.2312 15.755
v -0.56561 -1.2446 15.794
v -0.61276 -1.2422 15.781
v -0.61501 -1.2272 15.734
v -0.56924 -1.2204 15.719
v -0.52534 -1.6116 15.632
v -0.55224 -1.625 15.671
v -0.5994 -1.6225 15.658
v -0.60165 -1.6076 15.611
v -0.55587 -1.6008 15.596
v -0.60951 -0.96355 15.85
v -0.62234 -0.92966 15.848
v -0.59521 -0.90782 15.838
v -0.56563 -0.92821 15.833
v -0.57446 -0.96265 15.84
v -0.70935 -1.0171 15.466
v -0.72218 -0.98321 15.465
v -0.69505 -0.96137 15.454
v -0.66546 -0.98176 15.45
v -0.6743 -1.0162 15.457
v -0.78913 -0.92566 14.722
v -0.81252 -0.90035 14.712
v -0.84225 -0.90412 14.732
v -0.83724 -0.93177 14.754
v -0.80441 -0.94508 14.748
v -0.6382 -0.6764 14.996
v -0.66159 -0.65108 14.986
v -0.69132 -0.65486 15.006
v -0.68631 -0.68251 15.028
v -0.65348 -0.69582 15.022
v -0.78913 -0.92566 14.722
v -0.81252 -0.90035 14.712
v -0.84225 -0.90412 14.732
v -0.83724 -0.93177 14.754
v -0.80441 -0.94508 14.748
v -0.6382 -0.6764 14.996
v -0.66159 -0.65108 14.986
v -0.69132 -0.65486 15.006
v -0.68631 -0.68251 15.028
v -0.65348 -0.69582 15.022
v 0.2841 0.13243 14.645
v 0.25928 0.16695 14.663
v 0.21635 0.15176 14.669
v 0.21464 0.10785 14.656
v 0.25652 0.095898 14.641
v 0.38097 0.014633 15.015
v 0.35615 0.049158 15.033
v 0.31322 0.033967 15.039
v 0.31151 -0.0099451 15.025
v 0.35339 -0.021894 15.011
v 1.2949 1.414 15.666
v 1.2508 1.474 15.665
v 1.1835 1.4539 15.69
v 1.1859 1.3814 15.707
v 1.2547 1.3567 15.692
v 1.405 1.505 16.04
v 1.361 1.5651 16.038
v 1.2937 1.545 16.063
v 1.2961 1.4725 16.08
v 1.3649 1.4478 16.066
v 1.2677 1.4146 15.686
v 1.2431 1.4283 15.714
v 1.2058 1.425 15.7
v 1.2075 1.4093 15.664
v 1.2458 1.4029 15.655
v 1.2422 1.0475 15.843
v 1.2175 1.0612 15.871
v 1.1802 1.0579 15.857
v 1.1819 1.0422 15.821
v 1.2202 1.0357 15.812
v 1.5227 0.49091 14.231
v 1.5142 0.52581 14.213
v 1.5085 0.5183 14.173
v 1.5134 0.47876 14.168
v 1.5222 0.46183 14.203
v 1.1331 0.43178 14.3
v 1.1246 0.46668 14.281
v 1.1189 0.45917 14.242
v 1.1238 0.41963 14.236
v 1.1326 0.4027 14.272
v 1.5227 0.49091 14.231
v 1.5142 0.52581 14.213
v 1.5085 0.5183 14.173
v 1.5134 0.47876 14.168
v 1.5222 0.46183 14.203
v 1.1331 0.43178 14.3
v 1.1246 0.46668 14.281
v 1.1189 0.45917 14.242
v 1.1238 0.41963 14.236
v 1.1326 0.4027 14.272
v 0.82279 0.19863 14.142
v 0.80716 0.24201 14.159
v 0.79616 0.23581 14.207
v 0.80498 0.18861 14.219
v 0.82144 0.16563 14.178
v 1.1986 0.29344 14.24
v 1.183 0.33681 14.258
v 1.172 0.33062 14.306
v 1.1808 0.28342 14.318
v 1.1973 0.26044 14.277
v 0.91455 -2.8668 16.152
v 0.87765 -2.8242 16.193
v 0.81122 -2.8454 16.192
v 0.80706 -2.9011 16.15
v 0.87092 -2.9144 16.125
v 0.98575 -3.1057 16.465
v 0.94885 -3.063 16.506
v 0.88242 -3.0842 16.505
v 0.87826 -3.14 16.463
v 0.94212 -3.1533 16.438
v 0.8549 -2.8808 16.182
v 0.84597 -2.8566 16.177
v 0.85129 -2.8515 16.151
v 0.86352 -2.8725 16.141
v 0.86574 -2.8906 16.16
v 0.50136 -3.0352 16.076
v 0.49243 -3.011 16.071
v 0.49776 -3.0058 16.046
v 0.50998 -3.0269 16.035
v 0.51221 -3.045 16.054
v 0.56062 -2.3376 16.024
v 0.55686 -2.3221 15.979
v 0.52288 -2.3483 15.957
v 0.50564 -2.3799 15.989
v 0.52897 -2.3733 16.031
v 0.2835 -2.0722 16.138
v 0.27974 -2.0568 16.092
v 0.24577 -2.0829 16.07
v 0.22853 -2.1146 16.102
v 0.25185 -2.108 16.144
v 0.54979 -2.3438 16.012
v 0.54761 -2.3348 15.986
v 0.528 -2.3499 15.974
v 0.51805 -2.3682 15.992
v 0.53151 -2.3644 16.016
v 0.27267 -2.0784 16.126
v 0.2705 -2.0695 16.099
v 0.25089 -2.0846 16.087
v 0.24093 -2.1029 16.105
v 0.2544 -2.0991 16.129
v 1.0693 -2.9444 15.159
v 1.0804 -2.952 15.211
v 1.0449 -2.9879 15.23
v 1.0119 -3.0024 15.19
v 1.027 -2.9755 15.146
v 1.3179 -3.2426 15.062
v 1.3289 -3.2503 15.115
v 1.2934 -3.2862 15.134
v 1.2604 -3.3007 15.094
v 1.2755 -3.2738 15.049
v 1.0709 -2.9842 15.158
v 1.043 -2.9466 15.157
v 1.0202 -2.9447 15.198
v 1.034 -2.9812 15.224
v 1.0653 -3.0056 15.199
v 1.3657 -2.7624 15.312
v 1.3378 -2.7247 15.312
v 1.315 -2.7229 15.352
v 1.3288 -2.7593 15.378
v 1.3602 -2.7837 15.354
v -1.3676 2.3945 16.263
v -1.4045 2.4465 16.227
v -1.4718 2.4211 16.213
v -1.4765 2.3534 16.241
v -1.4121 2.337 16.272
v -1.4961 2.5451 16.611
v -1.5329 2.5971 16.575
v -1.6002 2.5717 16.561
v -1.605 2.504 16.588
v -1.5406 2.4876 16.619
v -1.3861 2.3825 16.238
v -1.4216 2.3749 16.205
v -1.4639 2.3889 16.225
v -1.4545 2.4051 16.27
v -1.4064 2.4011 16.278
v -1.3327 2.752 16.094
v -1.3682 2.7444 16.061
v -1.4105 2.7583 16.081
v -1.401 2.7745 16.127
v -1.353 2.7706 16.134
v -1.5597 2.352 15.611
v -1.5736 2.3849 15.639
v -1.6039 2.3667 15.668
v -1.6087 2.3227 15.658
v -1.5814 2.3136 15.622
v -1.264 2.2594 15.864
v -1.2779 2.2922 15.892
v -1.3082 2.274 15.921
v -1.313 2.23 15.91
v -1.2856 2.2209 15.875
v -1.5706 2.3503 15.623
v -1.5786 2.3693 15.639
v -1.5961 2.3588 15.656
v -1.5989 2.3334 15.65
v -1.5831 2.3281 15.63
v -1.2749 2.2576 15.876
v -1.2829 2.2766 15.892
v -1.3004 2.2661 15.909
v -1.3032 2.2407 15.903
v -1.2874 2.2354 15.882
v -1.8636 2.1614 15.264
v -1.8553 2.1996 15.24
v -1.8384 2.1874 15.199
v -1.8364 2.1415 15.198
v -1.852 2.1255 15.238
v -2.2347 2.1496 15.115
v -2.2263 2.1878 15.091
v -2.2095 2.1756 15.05
v -2.2075 2.1298 15.049
v -2.223 2.1137 15.089
v -0.064676 2.5906 15.438
v -0.11307 2.5952 15.411
v -0.14713 2.6256 15.443
v -0.11979 2.6397 15.489
v -0.068834 2.6181 15.486
v 0.066081 2.9233 15.258
v 0.017691 2.928 15.232
v -0.016375 2.9583 15.263
v 0.010962 2.9725 15.309
v 0.061922 2.9508 15.306
v -0.11372 2.63 15.466
v -0.090703 2.6341 15.451
v -0.084269 2.6101 15.439
v -0.10331 2.5913 15.446
v -0.12151 2.6036 15.463
v -0.33647 2.7343 15.151
v -0.31346 2.7383 15.136
v -0.30702 2.7144 15.124
v -0.32606 2.6956 15.131
v -0.34426 2.7079 15.148
v -0.59913 2.2201 15.294
v -0.62164 2.2453 15.32
v -0.66244 2.2325 15.319
v -0.66515 2.1995 15.292
v -0.62603 2.1918 15.276
v -0.52877 1.9675 15.596
v -0.55128 1.9926 15.622
v -0.59208 1.9798 15.621
v -0.59479 1.9468 15.594
v -0.55566 1.9391 15.578
v -0.6096 2.2195 15.296
v -0.62552 2.2373 15.314
v -0.65437 2.2282 15.313
v -0.65629 2.2048 15.294
v -0.62862 2.1994 15.283
v -0.53924 1.9668 15.598
v -0.55516 1.9846 15.616
v -0.58401 1.9755 15.615
v -0.58592 1.9521 15.596
v -0.55825 1.9467 15.585
v -1.3845 1.0482 15.321
v -1.3833 1.09 15.294
v -1.377 1.0772 15.246
v -1.3743 1.0275 15.244
v -1.379 1.0096 15.29
v -1.7813 1.0294 15.274
v -1.78 1.0711 15.247
v -1.7737 1.0583 15.199
v -1.7711 1.0086 15.197
v -1.7757 0.99069 15.243
v -0.86038 1.0986 15.331
v -0.84696 1.093 15.3
v -0.86407 1.0669 15.286
v -0.88807 1.0563 15.308
v -0.88578 1.0759 15.336
v -1.1213 1.3573 15.173
v -1.1078 1.3517 15.142
v -1.1249 1.3256 15.128
v -1.1489 1.315 15.15
v -1.1467 1.3346 15.178
v -0.80983 1.1997 15.399
v -0.83627 1.1767 15.378
v -0.8743 1.1889 15.387
v -0.87136 1.2196 15.414
v -0.83151 1.2262 15.422
v -0.79896 1.4646 15.1
v -0.82541 1.4415 15.078
v -0.86344 1.4538 15.088
v -0.8605 1.4844 15.115
v -0.82065 1.4911 15.122
v -0.82003 1.2005 15.399
v -0.83873 1.1842 15.384
v -0.86562 1.1928 15.391
v -0.86354 1.2145 15.41
v -0.83536 1.2192 15.415
v -0.80917 1.4653 15.1
v -0.82787 1.449 15.085
v -0.85476 1.4577 15.091
v -0.85268 1.4793 15.111
v -0.8245 1.4841 15.116
v -0.62615 1.8102 15.107
v -0.65426 1.8251 15.123
v -0.67667 1.8362 15.098
v -0.66242 1.8282 15.066
v -0.6312 1.8122 15.072
v -0.80981 1.455 15.114
v -0.83791 1.4698 15.13
v -0.86032 1.4809 15.105
v -0.84607 1.4729 15.074
v -0.81485 1.4569 15.079
v 0.95838 1.458 14.028
v 0.95382 1.4958 14.008
v 0.95733 1.4893 13.966
v 0.96406 1.4474 13.959
v 0.96472 1.428 13.997
v 0.56359 1.3981 14.004
v 0.55902 1.4359 13.984
v 0.56253 1.4294 13.942
v 0.56927 1.3875 13.936
v 0.56992 1.3681 13.974
v 0.95838 1.458 14.028
v 0.95382 1.4958 14.008
v 0.95733 1.4893 13.966
v 0.96406 1.4474 13.959
v 0.96472 1.428 13.997
v 0.56359 1.3981 14.004
v 0.55902 1.4359 13.984
v 0.56253 1.4294 13.942
v 0.56927 1.3875 13.936
v 0.56992 1.3681 13.974
v -1.7392 -0.37904 14.463
v -1.7655 -0.34894 14.467
v -1.778 -0.33857 14.43
v -1.7594 -0.36226 14.403
v -1.7354 -0.38728 14.424
v -2.0381 -0.6436 14.49
v -2.0644 -0.6135 14.493
v -2.0768 -0.60313 14.457
v -2.0582 -0.62682 14.43
v -2.0343 -0.65183 14.45
v -1.7392 -0.37904 14.463
v -1.7655 -0.34894 14.467
v -1.778 -0.33857 14.43
v -1.7594 -0.36226 14.403
v -1.7354 -0.38728 14.424
v -2.0381 -0.6436 14.49
v -2.0644 -0.6135 14.493
v -2.0768 -0.60313 14.457
v -2.0582 -0.62682 14.43
v -2.0343 -0.65183 14.45
v -1.6578 -2.2266 16.151
v -1.6967 -2.1731 16.151
v -1.754 -2.1895 16.123
v -1.7506 -2.2531 16.105
v -1.6911 -2.276 16.123
v -1.805 -2.3324 16.508
v -1.8438 -2.2789 16.508
v -1.9011 -2.2953 16.479
v -1.8977 -2.359 16.462
v -1.8383 -2.3819 16.479
v -1.262 -1.9128 15.73
v -1.2914 -1.8753 15.728
v -1.3018 -1.8627 15.773
v -1.2789 -1.8925 15.802
v -1.2543 -1.9235 15.775
v -0.94692 -1.6665 15.734
v -0.97627 -1.6289 15.732
v -0.98669 -1.6163 15.777
v -0.96379 -1.6461 15.806
v -0.93921 -1.6771 15.78
v -1.2686 -1.9046 15.743
v -1.2856 -1.8829 15.742
v -1.2916 -1.8757 15.768
v -1.2784 -1.8929 15.785
v -1.2642 -1.9107 15.77
v -0.95354 -1.6582 15.747
v -0.97048 -1.6365 15.746
v -0.9765 -1.6293 15.772
v -0.96328 -1.6465 15.789
v -0.94909 -1.6644 15.774
v -1.5288 -2.7161 15.142
v -1.5685 -2.6802 15.151
v -1.5796 -2.6553 15.104
v -1.5467 -2.6757 15.066
v -1.5153 -2.7133 15.09
v -1.8013 -2.9964 15.058
v -1.8411 -2.9605 15.067
v -1.8521 -2.9356 15.02
v -1.8193 -2.9561 14.982
v -1.7879 -2.9936 15.005
v -1.5142 -2.7047 15.097
v -1.5532 -2.6957 15.072
v -1.5847 -2.6763 15.101
v -1.5652 -2.6732 15.144
v -1.5217 -2.6907 15.141
v -1.3733 -2.3415 15.006
v -1.4122 -2.3326 14.981
v -1.4437 -2.3131 15.01
v -1.4243 -2.31 15.053
v -1.3807 -2.3275 15.05
v -0.68146 -3.1309 14.753
v -0.70441 -3.1192 14.79
v -0.74761 -3.1281 14.782
v -0.75137 -3.1453 14.741
v -0.71049 -3.1471 14.723
v -0.63121 -3.4985 14.903
v -0.65416 -3.4868 14.939
v -0.69736 -3.4957 14.932
v -0.70112 -3.5129 14.891
v -0.66024 -3.5147 14.873
v -0.88471 -2.4139 14.547
v -0.90773 -2.3729 14.55
v -0.88864 -2.3476 14.585
v -0.85383 -2.3731 14.604
v -0.8514 -2.4141 14.581
v -0.62538 -2.2524 14.289
v -0.6484 -2.2114 14.292
v -0.62932 -2.1861 14.327
v -0.59451 -2.2116 14.346
v -0.59208 -2.2526 14.323
v -0.88253 -2.4053 14.555
v -0.8988 -2.3762 14.557
v -0.88531 -2.3584 14.582
v -0.8607 -2.3764 14.595
v -0.85898 -2.4054 14.579
v -0.6232 -2.2438 14.297
v -0.63948 -2.2147 14.299
v -0.62598 -2.1969 14.323
v -0.60137 -2.2149 14.337
v -0.59965 -2.2439 14.32
v 3.6666 0.83527 15.762
v 3.6252 0.89522 15.768
v 3.5658 0.87771 15.807
v 3.5704 0.80694 15.824
v 3.6327 0.78071 15.796
v 3.858 0.93193 16.099
v 3.8167 0.99188 16.106
v 3.7572 0.97437 16.144
v 3.7618 0.9036 16.162
v 3.8241 0.87737 16.134
v 3.5855 0.84463 15.757
v 3.6091 0.88226 15.783
v 3.6369 0.86034 15.821
v 3.6304 0.80916 15.818
v 3.5987 0.79945 15.778
v 3.9 0.82029 15.511
v 3.9235 0.85792 15.537
v 3.9513 0.83599 15.575
v 3.9449 0.78481 15.572
v 3.9131 0.7751 15.532
v 3.6143 -0.51627 15.155
v 3.582 -0.49475 15.201
v 3.5242 -0.50693 15.19
v 3.5208 -0.53598 15.137
v 3.5765 -0.54175 15.116
v 3.6524 -0.86562 15.346
v 3.62 -0.8441 15.392
v 3.5622 -0.85629 15.381
v 3.5588 -0.88534 15.328
v 3.6146 -0.89111 15.307
v 3.5456 -0.5107 15.125
v 3.566 -0.48008 15.154
v 3.5831 -0.50344 15.19
v 3.5732 -0.54849 15.184
v 3.55 -0.55298 15.144
v 3.8913 -0.56138 14.931
v 3.9118 -0.53076 14.959
v 3.9289 -0.55412 14.996
v 3.919 -0.59918 14.99
v 3.8958 -0.60367 14.95
v 4.0672 0.051805 14.047
v 4.0507 0.1006 14.066
v 4.0427 0.095588 14.12
v 4.0543 0.043696 14.135
v 4.0694 0.016637 14.089
v 4.4481 0.1547 14.112
v 4.4317 0.20349 14.131
v 4.4237 0.19848 14.186
v 4.4353 0.14659 14.2
v 4.4504 0.11953 14.154
v 4.0949 0.055364 14.104
v 4.0626 0.083207 14.125
v 4.0224 0.08128 14.1
v 4.0298 0.052246 14.063
v 4.0746 0.036229 14.065
v 3.9711 -0.25566 14.323
v 3.9389 -0.22781 14.344
v 3.8986 -0.22974 14.319
v 3.906 -0.25877 14.282
v 3.9509 -0.27479 14.284
v 3.4181 0.060747 14.263
v 3.3953 0.03851 14.254
v 3.3653 0.051914 14.259
v 3.3695 0.082435 14.271
v 3.4021 0.087894 14.274
v 3.4279 0.21054 13.893
v 3.4052 0.1883 13.883
v 3.3751 0.20171 13.888
v 3.3793 0.23223 13.9
v 3.4119 0.23769 13.903
v 3.4181 0.060747 14.263
v 3.3953 0.03851 14.254
v 3.3653 0.051914 14.259
v 3.3695 0.082435 14.271
v 3.4021 0.087894 14.274
v 3.4279 0.21054 13.893
v 3.4052 0.1883 13.883
v 3.3751 0.20171 13.888
v 3.3793 0.23223 13.9
v 3.4119 0.23769 13.903
v 3.738 1.767 14.288
v 3.6915 1.8145 14.264
v 3.6322 1.808 14.302
v 3.6422 1.7565 14.35
v 3.7075 1.7312 14.341
v 3.8769 2.0351 14.55
v 3.8304 2.0826 14.527
v 3.7711 2.0761 14.565
v 3.7811 2.0246 14.612
v 3.8464 1.9993 14.603
v 3.7014 1.7443 14.294
v 3.6586 1.7576 14.283
v 3.6485 1.7956 14.308
v 3.6851 1.8057 14.334
v 3.7178 1.7741 14.326
v 3.8494 1.9724 14.001
v 3.8065 1.9857 13.99
v 3.7964 2.0236 14.014
v 3.833 2.0338 14.041
v 3.8658 2.0022 14.032
v 3.7875 1.4881 13.809
v 3.8087 1.518 13.833
v 3.8296 1.4967 13.866
v 3.8212 1.4537 13.861
v 3.7952 1.4483 13.826
v 4.1103 1.4487 13.576
v 4.1316 1.4786 13.6
v 4.1525 1.4573 13.633
v 4.1441 1.4142 13.629
v 4.118 1.4089 13.593
v -4.2147 0.62843 15.602
v -4.2481 0.67787 15.592
v -4.3002 0.66049 15.566
v -4.2989 0.6003 15.561
v -4.2461 0.58049 15.582
v -4.3792 0.58921 15.964
v -4.4127 0.63865 15.954
v -4.4647 0.62127 15.929
v -4.4634 0.56108 15.923
v -4.4106 0.54127 15.945
v -4.2092 0.62136 15.561
v -4.2532 0.66478 15.537
v -4.3087 0.65946 15.573
v -4.2992 0.61276 15.619
v -4.2376 0.58922 15.612
v -4.0731 0.89921 15.815
v -4.1171 0.94262 15.791
v -4.1727 0.9373 15.827
v -4.1631 0.8906 15.873
v -4.1016 0.86706 15.865
v -3.7097 1.0005 14.347
v -3.7212 0.97384 14.303
v -3.7722 0.96043 14.305
v -3.7923 0.97876 14.35
v -3.7537 1.0035 14.376
v -3.8065 1.3434 14.166
v -3.8179 1.3168 14.121
v -3.869 1.3034 14.123
v -3.889 1.3217 14.169
v -3.8504 1.3464 14.195
v -2.6455 1.112 12.926
v -2.6743 1.071 12.935
v -2.7231 1.0852 12.932
v -2.7244 1.1348 12.921
v -2.6764 1.1514 12.917
v -2.6444 1.0258 12.535
v -2.6732 0.98483 12.544
v -2.722 0.99896 12.541
v -2.7233 1.0486 12.53
v -2.6753 1.0652 12.526
v -2.6581 1.1117 12.926
v -2.6785 1.0827 12.932
v -2.713 1.0927 12.93
v -2.7139 1.1278 12.922
v -2.68 1.1395 12.92
v -2.657 1.0255 12.535
v -2.6774 0.9965 12.542
v -2.7119 1.0065 12.539
v -2.7128 1.0416 12.532
v -2.6789 1.0533 12.529
v 5.1375 -1.0924 14.499
v 5.1115 -1.0417 14.531
v 5.0643 -1.0647 14.57
v 5.0612 -1.1297 14.562
v 5.1064 -1.1468 14.518
v 5.4054 -1.142 14.792
v 5.3794 -1.0913 14.824
v 5.3323 -1.1144 14.863
v 5.3291 -1.1794 14.855
v 5.3743 -1.1964 14.811
v 5.1394 -1.0944 14.535
v 5.1101 -1.0923 14.577
v 5.0616 -1.094 14.562
v 5.0609 -1.0971 14.511
v 5.1089 -1.0974 14.495
v 5.1453 -1.4936 14.56
v 5.1161 -1.4915 14.602
v 5.0675 -1.4932 14.587
v 5.0668 -1.4963 14.536
v 5.1149 -1.4966 14.52
v 4.2169 -1.4674 13.337
v 4.1816 -1.4636 13.351
v 4.1643 -1.4362 13.331
v 4.1888 -1.423 13.305
v 4.2213 -1.4423 13.309
v 4.0864 -1.7395 13.075
v 4.0511 -1.7357 13.088
v 4.0338 -1.7083 13.069
v 4.0583 -1.6951 13.043
v 4.0908 -1.7144 13.047
v 4.2169 -1.4674 13.337
v 4.1816 -1.4636 13.351
v 4.1643 -1.4362 13.331
v 4.1888 -1.423 13.305
v 4.2213 -1.4423 13.309
v 4.0864 -1.7395 13.075
v 4.0511 -1.7357 13.088
v 4.0338 -1.7083 13.069
v 4.0583 -1.6951 13.043
v 4.0908 -1.7144 13.047
v 3.5329 -2.1953 12.727
v 3.4967 -2.1955 12.693
v 3.454 -2.184 12.716
v 3.4638 -2.1766 12.764
v 3.5125 -2.1836 12.771
v 3.5991 -1.8076 12.654
v 3.5629 -1.8078 12.62
v 3.5202 -1.7962 12.643
v 3.53 -1.7889 12.691
v 3.5787 -1.7958 12.698
v 2.6725 -3.7707 13.059
v 2.6501 -3.7372 13.088
v 2.6066 -3.7553 13.101
v 2.602 -3.8001 13.081
v 2.6428 -3.8096 13.056
v 2.8405 -3.9313 13.385
v 2.8182 -3.8977 13.413
v 2.7746 -3.9159 13.427
v 2.77 -3.9606 13.407
v 2.8108 -3.9701 13.381
v 2.6642 -3.7731 13.08
v 2.6453 -3.7597 13.054
v 2.6119 -3.7669 13.06
v 2.6101 -3.7847 13.09
v 2.6424 -3.7886 13.102
v 2.6283 -3.4307 13.283
v 2.6095 -3.4172 13.257
v 2.5761 -3.4244 13.264
v 2.5743 -3.4423 13.293
v 2.6066 -3.4461 13.306
v 2.5148 -3.6575 12.557
v 2.4952 -3.6198 12.554
v 2.516 -3.596 12.526
v 2.5485 -3.6189 12.511
v 2.5478 -3.6569 12.53
v 2.2801 -3.7991 12.266
v 2.2605 -3.7615 12.263
v 2.2813 -3.7376 12.235
v 2.3138 -3.7605 12.22
v 2.3131 -3.7985 12.239
v 3.3941 -2.7015 11.602
v 3.3643 -2.6566 11.59
v 3.3171 -2.6731 11.566
v 3.3176 -2.7283 11.564
v 3.3652 -2.7459 11.586
v 3.2222 -2.7187 11.963
v 3.1925 -2.6737 11.951
v 3.1452 -2.6903 11.927
v 3.1457 -2.7454 11.925
v 3.1933 -2.763 11.947
v 4.3353 1.0229 11.925
v 4.33 1.0791 11.961
v 4.3274 1.0619 12.026
v 4.331 0.99503 12.03
v 4.336 0.97088 11.967
v 4.734 1.0459 11.947
v 4.7288 1.1022 11.983
v 4.7261 1.085 12.048
v 4.7298 1.0181 12.052
v 4.7347 0.99393 11.99
v 0.45113 4.7185 15.419
v 0.41371 4.7662 15.408
v 0.35692 4.7507 15.426
v 0.35924 4.6935 15.449
v 0.41746 4.6736 15.445
v 0.52865 4.8664 15.783
v 0.49124 4.9141 15.771
v 0.43445 4.8986 15.79
v 0.43677 4.8413 15.813
v 0.49499 4.8214 15.808
v 0.38622 4.358 14.01
v 0.35081 4.3321 13.994
v 0.31093 4.3547 14.004
v 0.32169 4.3944 14.026
v 0.36822 4.3965 14.03
v 0.40979 4.5475 13.659
v 0.37438 4.5217 13.643
v 0.3345 4.5442 13.652
v 0.34526 4.584 13.674
v 0.39179 4.586 13.678
v 1.4681 5.0249 13.986
v 1.4239 5.0636 13.973
v 1.4032 5.0857 14.025
v 1.4346 5.0607 14.07
v 1.4747 5.0232 14.046
v 1.7344 5.3227 13.965
v 1.6902 5.3614 13.953
v 1.6695 5.3835 14.005
v 1.7009 5.3585 14.049
v 1.741 5.3209 14.025
v 1.3071 3.8355 14.375
v 1.2927 3.8501 14.419
v 1.2491 3.8298 14.429
v 1.2365 3.8026 14.39
v 1.2724 3.8061 14.357
v 1.4896 3.5189 14.537
v 1.4752 3.5335 14.582
v 1.4316 3.5131 14.591
v 1.419 3.4859 14.552
v 1.4549 3.4895 14.519
v -1.2736 4.0179 14.178
v -1.2777 4.0588 14.132
v -1.3025 4.0299 14.083
v -1.3139 3.9711 14.099
v -1.296 3.9638 14.158
v -1.6392 4.1228 14.302
v -1.6432 4.1637 14.256
v -1.6681 4.1347 14.207
v -1.6794 4.076 14.223
v -1.6616 4.0686 14.282
v -1.303 4.0016 14.153
v -1.3023 4.0302 14.141
v -1.2884 4.0285 14.114
v -1.2805 3.9989 14.109
v -1.2896 3.9823 14.133
v -1.6574 3.9369 13.979
v -1.6567 3.9655 13.967
v -1.6428 3.9638 13.94
v -1.6349 3.9342 13.935
v -1.6439 3.9176 13.959
v -0.96889 5.3212 13.019
v -0.98841 5.3454 12.964
v -1.044 5.3187 12.95
v -1.0589 5.2779 12.996
v -1.0125 5.2794 13.039
v -1.1604 5.6128 13.215
v -1.1799 5.6371 13.16
v -1.2356 5.6103 13.145
v -1.2505 5.5695 13.191
v -1.204 5.5711 13.235
v -1.0283 5.2956 13.031
v -1.0311 5.3414 13.013
v -1.011 5.3418 12.968
v -0.99583 5.2962 12.958
v -1.0065 5.2677 12.997
v -1.3852 5.2124 12.871
v -1.388 5.2582 12.853
v -1.368 5.2586 12.808
v -1.3528 5.213 12.798
v -1.3634 5.1845 12.837
v -0.57079 4.7911 12.775
v -0.56888 4.7838 12.738
v -0.59879 4.7626 12.729
v -0.61918 4.7568 12.76
v -0.60188 4.7744 12.789
v -0.78197 5.1223 12.699
v -0.78007 5.115 12.662
v -0.80997 5.0938 12.653
v -0.83037 5.0879 12.684
v -0.81306 5.1055 12.713
v 2.0289 5.0324 11.799
v 2.0072 5.081 11.809
v 2.0116 5.0911 11.862
v 2.036 5.0487 11.885
v 2.0467 5.0124 11.846
v 2.3852 5.2035 11.737
v 2.3635 5.2521 11.747
v 2.3679 5.2622 11.8
v 2.3922 5.2198 11.823
v 2.4029 5.1835 11.784
v 2.0281 5.0385 11.811
v 2.0128 5.0729 11.818
v 2.0159 5.08 11.856
v 2.0331 5.05 11.872
v 2.0407 5.0244 11.845
v 2.3843 5.2095 11.749
v 2.369 5.2439 11.756
v 2.3721 5.2511 11.794
v 2.3893 5.2211 11.81
v 2.3969 5.1954 11.783
v 3.6496 3.9574 13.228
v 3.6011 4.01 13.203
v 3.5344 3.9984 13.237
v 3.5417 3.9386 13.283
v 3.6128 3.9133 13.278
v 3.7596 4.2 13.527
v 3.7111 4.2527 13.502
v 3.6444 4.2411 13.536
v 3.6516 4.1813 13.582
v 3.7228 4.1559 13.576
v 3.6087 3.9482 13.289
v 3.5798 3.9986 13.281
v 3.5621 4.0006 13.225
v 3.5801 3.9513 13.198
v 3.6089 3.919 13.238
v 3.2664 3.7681 13.391
v 3.2375 3.8185 13.382
v 3.2198 3.8204 13.327
v 3.2378 3.7712 13.3
v 3.2666 3.7389 13.34
v -1.9241 -3.8316 14.44
v -1.9459 -3.8044 14.481
v -1.995 -3.8249 14.49
v -2.0036 -3.8647 14.455
v -1.9598 -3.8689 14.424
v -1.765 -4.0942 14.696
v -1.7867 -4.067 14.737
v -1.8358 -4.0875 14.747
v -1.8444 -4.1274 14.711
v -1.8006 -4.1315 14.68
v -4.0313 -3.547 13.834
v -4.0572 -3.5072 13.828
v -4.091 -3.5164 13.795
v -4.0859 -3.5619 13.781
v -4.049 -3.5809 13.805
v -4.2803 -3.665 14.124
v -4.3063 -3.6252 14.118
v -4.3401 -3.6344 14.085
v -4.335 -3.6799 14.071
v -4.298 -3.6989 14.095
v -4.0899 -3.4232 13.581
v -4.0993 -3.3825 13.604
v -4.1086 -3.3937 13.65
v -4.1049 -3.4412 13.655
v -4.0933 -3.4595 13.612
v -3.7017 -3.3841 13.669
v -3.7111 -3.3434 13.692
v -3.7203 -3.3545 13.738
v -3.7166 -3.4021 13.743
v -3.7051 -3.4204 13.7
v -3.1596 -2.7771 14.189
v -3.1717 -2.7726 14.144
v -3.2141 -2.791 14.139
v -3.2283 -2.807 14.18
v -3.1946 -2.7984 14.211
v -3.3243 -2.4216 14.269
v -3.3363 -2.4171 14.225
v -3.3788 -2.4355 14.219
v -3.393 -2.4514 14.261
v -3.3593 -2.4429 14.292
v -0.37242 -4.4598 12.992
v -0.41765 -4.4464 13.021
v -0.45388 -4.4247 12.985
v -0.43104 -4.4246 12.935
v -0.3807 -4.4463 12.94
v -0.52327 -4.8236 12.923
v -0.5685 -4.8103 12.951
v -0.60473 -4.7885 12.916
v -0.5819 -4.7884 12.866
v -0.53155 -4.8101 12.87
v -0.36593 -4.4285 12.977
v -0.38594 -4.477 12.96
v -0.44078 -4.4748 12.964
v -0.45465 -4.4249 12.982
v -0.40839 -4.3963 12.99
v -0.38375 -4.2939 12.601
v -0.40376 -4.3424 12.584
v -0.45859 -4.3402 12.588
v -0.47247 -4.2903 12.606
v -0.42621 -4.2617 12.614
v -4.08 3.7674 14.799
v -4.1175 3.8087 14.77
v -4.1769 3.7938 14.784
v -4.1761 3.7433 14.821
v -4.1162 3.727 14.83
v -4.0654 4.0053 15.12
v -4.1029 4.0465 15.091
v -4.1623 4.0317 15.105
v -4.1616 3.9812 15.142
v -4.1017 3.9649 15.152
v -4.1478 3.7559 14.762
v -4.1494 3.8034 14.781
v -4.1288 3.802 14.828
v -4.1145 3.7538 14.837
v -4.1262 3.7253 14.797
v -3.7873 3.8315 14.606
v -3.7889 3.8789 14.625
v -3.7683 3.8776 14.672
v -3.754 3.8294 14.682
v -3.7657 3.8008 14.641
v -5.1551 2.886 13.62
v -5.1873 2.94 13.61
v -5.2185 2.9345 13.555
v -5.2056 2.877 13.531
v -5.1664 2.847 13.571
v -5.4705 2.7339 13.814
v -5.5027 2.788 13.804
v -5.5339 2.7824 13.748
v -5.521 2.725 13.724
v -5.4819 2.695 13.764
v -3.4501 4.1341 13.07
v -3.4968 4.1596 13.05
v -3.5231 4.1855 13.093
v -3.4928 4.1761 13.14
v -3.4477 4.1443 13.126
v -3.2382 4.4661 13
v -3.2849 4.4916 12.98
v -3.3112 4.5175 13.023
v -3.2809 4.5081 13.07
v -3.2358 4.4763 13.056
v 0.049354 -0.074723 17.999
v 0.0023622 -0.010039 17.998
v -0.07366 -0.034737 17.997
v -0.073653 -0.11469 17.996
v 0.0023741 -0.1394 17.997
v 0.041767 -0.078609 18.399
v -0.0052247 -0.013925 18.398
v -0.081247 -0.038623 18.397
v -0.08124 -0.11857 18.396
v -0.0052128 -0.14328 18.397
v 0.026348 -0.090796 17.992
v -0.020033 -0.11332 17.969
v -0.064496 -0.082495 17.985
v -0.045593 -0.040921 18.018
v 0.010551 -0.046051 18.023
v 0.071775 0.14498 17.672
v 0.025393 0.12245 17.649
v -0.01907 0.15328 17.665
v -0.00016716 0.19485 17.698
v 0.055978 0.18972 17.703
v 0.19882 -0.13923 17.21
v 0.18257 -0.09835 17.254
v 0.14054 -0.12539 17.291
v 0.13082 -0.18298 17.27
v 0.16684 -0.19153 17.22
v 0.49239 -0.27482 17.445
v 0.47614 -0.23394 17.489
v 0.43411 -0.26098 17.526
v 0.42439 -0.31857 17.505
v 0.46041 -0.32712 17.455
v 0.18709 -0.16764 17.223
v 0.15191 -0.13881 17.212
v 0.13333 -0.12198 17.251
v 0.15701 -0.14041 17.287
v 0.19024 -0.16863 17.27
v 0.44267 0.13987 17.212
v 0.40749 0.1687 17.201
v 0.38891 0.18553 17.241
v 0.41259 0.16711 17.277
v 0.44582 0.13888 17.259
v 0.071693 -0.078868 17.256
v 0.064829 -0.050001 17.201
v 0.023695 -0.082844 17.167
v 0.0051366 -0.13201 17.201
v 0.034801 -0.12955 17.256
v -0.22759 0.13923 17.407
v -0.23446 0.16809 17.352
v -0.27559 0.13525 17.318
v -0.29415 0.086086 17.352
v -0.26448 0.088543 17.408
v 0.050043 -0.06524 17.242
v 0.0711 -0.074387 17.201
v 0.04922 -0.11154 17.181
v 0.014641 -0.12536 17.21
v 0.01515 -0.096742 17.248
v -0.20478 0.18215 17.058
v -0.18372 0.17301 17.017
v -0.2056 0.13585 16.997
v -0.24018 0.12203 17.026
v -0.23967 0.15065 17.064
v -0.10995 -0.25932 17.169
v -0.1173 -0.28362 17.211
v -0.1637 -0.2994 17.212
v -0.18501 -0.28486 17.17
v -0.15179 -0.26009 17.144
v 0.0041212 -0.59937 16.992
v -0.0032346 -0.62367 17.034
v -0.049628 -0.63945 17.035
v -0.070945 -0.62491 16.993
v -0.037726 -0.60014 16.967
v -0.13829 -0.28577 17.154
v -0.15122 -0.25495 17.163
v -0.15631 -0.25523 17.197
v -0.14653 -0.28623 17.209
v -0.1354 -0.3051 17.183
v 0.23261 -0.14696 17.21
v 0.21968 -0.11614 17.219
v 0.21459 -0.11642 17.254
v 0.22436 -0.14741 17.266
v 0.2355 -0.16629 17.239
v -0.77493 -0.24892 17.293
v -0.80598 -0.19715 17.273
v -0.85493 -0.21598 17.237
v -0.85412 -0.2794 17.235
v -0.80468 -0.29976 17.269
v -1.0067 -0.26476 17.618
v -1.0377 -0.21298 17.599
v -1.0867 -0.23182 17.563
v -1.0859 -0.29523 17.56
v -1.0365 -0.31559 17.595
v -0.80175 -0.23089 17.287
v -0.79712 -0.22502 17.246
v -0.82263 -0.25124 17.226
v -0.84302 -0.27332 17.255
v -0.83012 -0.26074 17.292
v -1.091 0.045311 17.294
v -1.0864 0.051182 17.253
v -1.1119 0.024964 17.233
v -1.1323 0.002888 17.262
v -1.1194 0.015463 17.299
v -0.36539 -0.26968 17.265
v -0.39441 -0.23027 17.258
v -0.44141 -0.24536 17.26
v -0.44145 -0.29411 17.268
v -0.39446 -0.30914 17.271
v -0.36867 -0.20405 17.659
v -0.39769 -0.16463 17.652
v -0.44469 -0.17973 17.654
v -0.44473 -0.22847 17.663
v -0.39774 -0.2435 17.665
v -0.4046 -0.24606 17.282
v -0.38406 -0.25392 17.255
v -0.39581 -0.2836 17.241
v -0.42361 -0.29409 17.259
v -0.42904 -0.27089 17.285
v -0.64383 -0.035667 17.04
v -0.62329 -0.043525 17.013
v -0.63504 -0.073208 16.999
v -0.66285 -0.083696 17.017
v -0.66828 -0.060494 17.043
v 0.11584 0.25721 16.887
v 0.089247 0.29612 16.869
v 0.043406 0.27922 16.856
v 0.041666 0.22985 16.866
v 0.086431 0.21625 16.885
v -0.01501 0.33834 17.256
v -0.0416 0.37725 17.238
v -0.087441 0.36034 17.225
v -0.089182 0.31098 17.235
v -0.044416 0.29738 17.254
v 0.095704 0.24816 16.894
v 0.074419 0.27678 16.894
v 0.054376 0.27631 16.865
v 0.063274 0.2474 16.846
v 0.088815 0.23001 16.864
v -0.18324 0.036081 17.087
v -0.20453 0.064693 17.087
v -0.22457 0.064223 17.058
v -0.21567 0.035321 17.039
v -0.19013 0.017927 17.057
v 0.099197 0.24902 16.867
v 0.077814 0.23967 16.851
v 0.053405 0.25064 16.861
v 0.059702 0.26677 16.884
v 0.088003 0.26577 16.888
v 0.14401 0.56736 16.629
v 0.12263 0.55801 16.613
v 0.098224 0.56898 16.623
v 0.10452 0.58511 16.646
v 0.13282 0.58411 16.65
v 0.077118 0.26196 16.893
v 0.083305 0.27745 16.87
v 0.078877 0.26105 16.847
v 0.069954 0.23542 16.856
v 0.068867 0.23598 16.885
v -0.30211 0.38804 16.876
v -0.29593 0.40353 16.853
v -0.30036 0.38713 16.83
v -0.30928 0.3615 16.839
v -0.31037 0.36206 16.868
v 0.34348 0.18463 16.648
v 0.32064 0.17357 16.606
v 0.27262 0.16976 16.616
v 0.26578 0.17845 16.664
v 0.30957 0.18765 16.684
v 0.29734 0.57433 16.571
v 0.2745 0.56328 16.529
v 0.22648 0.55946 16.538
v 0.21964 0.56815 16.586
v 0.26343 0.57735 16.606
v 0.33438 0.16737 16.668
v 0.30141 0.20226 16.678
v 0.26984 0.20475 16.641
v 0.28329 0.1714 16.607
v 0.32318 0.14829 16.624
v 0.10151 -0.10484 16.846
v 0.068537 -0.069946 16.856
v 0.036965 -0.067453 16.819
v 0.050423 -0.10081 16.785
v 0.090312 -0.12391 16.802
v 0.5398 0.27038 16.495
v 0.49937 0.24228 16.504
v 0.45898 0.2712 16.499
v 0.47445 0.31716 16.486
v 0.5244 0.31666 16.485
v 0.52419 0.17359 16.108
v 0.48377 0.14549 16.116
v 0.44338 0.17441 16.111
v 0.45885 0.22037 16.099
v 0.50879 0.21987 16.097
v 0.52611 0.2946 16.486
v 0.51817 0.28088 16.517
v 0.48429 0.27083 16.516
v 0.47129 0.27835 16.484
v 0.49713 0.29303 16.465
v 0.63597 -0.067494 16.356
v 0.62803 -0.081217 16.387
v 0.59415 -0.091261 16.387
v 0.58115 -0.083746 16.355
v 0.60699 -0.069057 16.336
v 0.21651 -0.13617 16.322
v 0.199 -0.14356 16.274
v 0.14977 -0.15591 16.278
v 0.13686 -0.15615 16.327
v 0.17811 -0.14395 16.354
v 0.11786 0.25073 16.298
v 0.10034 0.24334 16.25
v 0.051117 0.23099 16.254
v 0.03821 0.23075 16.303
v 0.07946 0.24295 16.33
v 0.20664 -0.14677 16.311
v 0.18586 -0.1403 16.283
v 0.15153 -0.14329 16.293
v 0.15109 -0.15161 16.328
v 0.18514 -0.15376 16.339
v 0.2004 0.24235 16.404
v 0.17963 0.24882 16.375
v 0.14529 0.24582 16.386
v 0.14485 0.2375 16.421
v 0.17891 0.23536 16.432
v 0.31463 0.35919 15.804
v 0.29654 0.38135 15.808
v 0.27506 0.37854 15.789
v 0.27987 0.35464 15.774
v 0.30433 0.34269 15.783
v 0.10655 0.14545 16.071
v 0.088466 0.16761 16.075
v 0.066984 0.1648 16.056
v 0.071794 0.1409 16.04
v 0.096249 0.12895 16.05
v 0.31463 0.35919 15.804
v 0.29654 0.38135 15.808
v 0.27506 0.37854 15.789
v 0.27987 0.35464 15.774
v 0.30433 0.34269 15.783
v 0.10655 0.14545 16.071
v 0.088466 0.16761 16.075
v 0.066984 0.1648 16.056
v 0.071794 0.1409 16.04
v 0.096249 0.12895 16.05
v -0.016699 -0.013655 16.619
v -0.030491 0.0019049 16.58
v -0.0699 -0.016457 16.571
v -0.080463 -0.043365 16.604
v -0.047584 -0.041634 16.634
v -0.20014 0.28989 16.804
v -0.21394 0.30545 16.765
v -0.25334 0.28709 16.756
v -0.26391 0.26018 16.789
v -0.23103 0.26191 16.819
v -0.29002 0.10775 16.858
v -0.28196 0.14114 16.87
v -0.25504 0.13847 16.894
v -0.24647 0.10341 16.897
v -0.26808 0.084427 16.875
v -0.022187 0.14493 16.563
v -0.014126 0.17833 16.575
v 0.012792 0.17565 16.599
v 0.021366 0.1406 16.603
v -0.00025246 0.12161 16.58
v 0.33939 1.1444 16.899
v 0.30446 1.191 16.87
v 0.2432 1.1698 16.864
v 0.24028 1.11 16.89
v 0.29972 1.0943 16.911
v 0.25244 1.3012 17.256
v 0.2175 1.3478 17.227
v 0.15625 1.3265 17.222
v 0.15332 1.2667 17.247
v 0.21277 1.251 17.268
v 0.31645 1.1499 16.87
v 0.30261 1.1671 16.906
v 0.265 1.1495 16.915
v 0.2556 1.1213 16.885
v 0.28739 1.1216 16.857
v 0.50322 0.86301 17.076
v 0.48938 0.88027 17.113
v 0.45178 0.86262 17.122
v 0.44237 0.83446 17.092
v 0.47417 0.8347 17.063
v 0.18701 1.2119 16.386
v 0.19118 1.2323 16.34
v 0.16706 1.2021 16.307
v 0.14797 1.1629 16.333
v 0.1603 1.169 16.382
v -0.15124 1.4168 16.446
v -0.14707 1.4372 16.4
v -0.17119 1.407 16.367
v -0.19028 1.3678 16.393
v -0.17795 1.3739 16.442
v 0.18967 1.2159 16.362
v 0.19584 1.197 16.332
v 0.16727 1.1762 16.326
v 0.14345 1.1823 16.352
v 0.15729 1.2068 16.374
v 0.024344 1.5068 16.143
v 0.030513 1.4879 16.113
v 0.0019514 1.4671 16.107
v -0.021869 1.4732 16.133
v -0.0080295 1.4978 16.155
v 0.014667 0.12197 16.458
v -0.020881 0.12513 16.447
v -0.035314 0.15523 16.464
v -0.0086856 0.17066 16.485
v 0.022204 0.1501 16.481
v 0.12869 0.34767 16.148
v 0.093138 0.35084 16.137
v 0.078705 0.38093 16.154
v 0.10533 0.39637 16.175
v 0.13622 0.37581 16.171
v 0.050952 0.095499 15.586
v 0.026674 0.12794 15.588
v -0.0082755 0.1187 15.57
v -0.0055976 0.080544 15.556
v 0.031007 0.066207 15.566
v -0.096655 -0.038084 15.933
v -0.12093 -0.0056427 15.935
v -0.15588 -0.014886 15.917
v -0.1532 -0.05304 15.903
v -0.1166 -0.067377 15.913
v 0.041579 0.096167 15.582
v 0.024412 0.11911 15.584
v -0.00030076 0.11257 15.571
v 0.0015928 0.085591 15.561
v 0.027476 0.075453 15.568
v -0.10603 -0.037416 15.929
v -0.12319 -0.014477 15.931
v -0.14791 -0.021013 15.918
v -0.14601 -0.047992 15.908
v -0.12013 -0.05813 15.915
v -0.22381 0.39042 15.915
v -0.23134 0.38909 15.944
v -0.25958 0.37793 15.946
v -0.26951 0.37236 15.918
v -0.2474 0.38008 15.899
v -0.075667 0.019468 15.936
v -0.083192 0.018139 15.965
v -0.11143 0.0069742 15.967
v -0.12136 0.001404 15.939
v -0.099257 0.0091259 15.92
v -0.22381 0.39042 15.915
v -0.23134 0.38909 15.944
v -0.25958 0.37793 15.946
v -0.26951 0.37236 15.918
v -0.2474 0.38008 15.899
v -0.075667 0.019468 15.936
v -0.083192 0.018139 15.965
v -0.11143 0.0069742 15.967
v -0.12136 0.001404 15.939
v -0.099257 0.0091259 15.92
v 0.085002 -0.084408 16.118
v 0.064331 -0.061088 16.09
v 0.024928 -0.074323 16.089
v 0.021247 -0.10582 16.116
v 0.058375 -0.11206 16.134
v -0.0094797 0.17427 16.408
v -0.030151 0.19759 16.381
v -0.069554 0.18435 16.38
v -0.073235 0.15285 16.406
v -0.036107 0.14662 16.424
v 0.073531 -0.08379 16.119
v 0.061374 -0.068523 16.097
v 0.034572 -0.079537 16.092
v 0.030164 -0.10161 16.111
v 0.054242 -0.10424 16.128
v -0.081274 0.17354 16.384
v -0.09343 0.18881 16.362
v -0.12023 0.1778 16.357
v -0.12464 0.15572 16.376
v -0.10056 0.1531 16.392
v 0.058479 0.28853 15.649
v 0.034623 0.29653 15.682
v -0.0044568 0.29312 15.67
v -0.0047531 0.28303 15.63
v 0.034144 0.28019 15.617
v 0.062197 -0.099139 15.748
v 0.03834 -0.091146 15.78
v -0.00073959 -0.094547 15.768
v -0.0010359 -0.10464 15.729
v 0.037861 -0.10748 15.716
v 1.9455 -0.34894 16.853
v 1.9222 -0.31247 16.875
v 1.8797 -0.32983 16.892
v 1.8768 -0.37704 16.88
v 1.9174 -0.38885 16.856
v 2.1227 -0.44935 17.197
v 2.0993 -0.41288 17.22
v 2.0569 -0.43024 17.237
v 2.0539 -0.47745 17.224
v 2.0946 -0.48926 17.2
v 1.3572 -0.1466 16.339
v 1.3447 -0.11992 16.355
v 1.323 -0.13119 16.378
v 1.3221 -0.16483 16.376
v 1.3432 -0.17436 16.352
v 1.6544 -0.17094 16.606
v 1.6419 -0.14426 16.622
v 1.6201 -0.15553 16.645
v 1.6192 -0.18917 16.643
v 1.6404 -0.1987 16.619
v 1.9349 -0.26143 15.756
v 1.9166 -0.22875 15.779
v 1.8815 -0.2452 15.8
v 1.8781 -0.28805 15.79
v 1.9111 -0.29808 15.762
v 2.1677 -0.35483 16.067
v 2.1494 -0.32215 16.091
v 2.1144 -0.3386 16.112
v 2.111 -0.38145 16.101
v 2.144 -0.39148 16.074
v 1.7438 -0.16142 15.595
v 1.7275 -0.1371 15.59
v 1.7026 -0.14527 15.576
v 1.7036 -0.17464 15.572
v 1.729 -0.18462 15.584
v 1.5625 -0.21471 15.947
v 1.5462 -0.19039 15.943
v 1.5214 -0.19856 15.929
v 1.5223 -0.22794 15.925
v 1.5478 -0.23792 15.936
v 1.7438 -0.16142 15.595
v 1.7275 -0.1371 15.59
v 1.7026 -0.14527 15.576
v 1.7036 -0.17464 15.572
v 1.729 -0.18462 15.584
v 1.5625 -0.21471 15.947
v 1.5462 -0.19039 15.943
v 1.5214 -0.19856 15.929
v 1.5223 -0.22794 15.925
v 1.5478 -0.23792 15.936
v 1.0618 0.35708 16.287
v 1.0516 0.32764 16.271
v 1.0169 0.32565 16.273
v 1.0056 0.35386 16.291
v 1.0334 0.37329 16.299
v 1.0267 0.55403 15.94
v 1.0165 0.52458 15.925
v 0.98172 0.52259 15.927
v 0.97046 0.5508 15.944
v 0.99826 0.57023 15.952
v 0.84998 -0.15015 16.468
v 0.82756 -0.13688 16.453
v 0.80463 -0.13225 16.472
v 0.81288 -0.14266 16.499
v 0.84091 -0.15372 16.497
v 0.99956 0.20915 16.56
v 0.97714 0.22242 16.545
v 0.95421 0.22705 16.564
v 0.96245 0.21664 16.591
v 0.99048 0.20558 16.589
v 0.84998 -0.15015 16.468
v 0.82756 -0.13688 16.453
v 0.80463 -0.13225 16.472
v 0.81288 -0.14266 16.499
v 0.84091 -0.15372 16.497
v 0.99956 0.20915 16.56
v 0.97714 0.22242 16.545
v 0.95421 0.22705 16.564
v 0.96245 0.21664 16.591
v 0.99048 0.20558 16.589
v 1.5089 0.47372 16.674
v 1.486 0.50544 16.655
v 1.4452 0.4907 16.648
v 1.443 0.44986 16.664
v 1.4823 0.43937 16.68
v 1.401 0.61687 17.032
v 1.378 0.6486 17.012
v 1.3373 0.63386 17.006
v 1.3351 0.59302 17.021
v 1.3744 0.58252 17.038
v 1.4588 0.13886 16.4
v 1.4375 0.1662 16.408
v 1.4037 0.15623 16.403
v 1.4041 0.12273 16.39
v 1.4382 0.112 16.388
v 1.434 -0.0010359 16.774
v 1.4127 0.026303 16.782
v 1.3789 0.016332 16.776
v 1.3793 -0.017169 16.764
v 1.4133 -0.027903 16.762
v 0.94637 -0.58952 15.831
v 0.93506 -0.62574 15.816
v 0.89428 -0.62824 15.818
v 0.88039 -0.59357 15.835
v 0.91258 -0.56964 15.843
v 0.91636 -0.42626 15.467
v 0.90505 -0.46247 15.452
v 0.86427 -0.46497 15.454
v 0.85038 -0.4303 15.471
v 0.88257 -0.40637 15.479
v -0.7572 -0.21067 16.291
v -0.77862 -0.20856 16.262
v -0.81277 -0.20901 16.274
v -0.81247 -0.21139 16.309
v -0.77812 -0.21242 16.32
v -0.75356 0.18844 16.317
v -0.77498 0.19055 16.289
v -0.80913 0.1901 16.3
v -0.80883 0.18772 16.336
v -0.77448 0.18669 16.347
v -0.41077 -0.26326 16.174
v -0.39911 -0.27328 16.132
v -0.4273 -0.30365 16.117
v -0.45639 -0.31239 16.149
v -0.44617 -0.28743 16.184
v -0.64932 0.026836 16.036
v -0.63766 0.016812 15.995
v -0.66585 -0.013551 15.979
v -0.69494 -0.022292 16.011
v -0.68472 0.002668 16.046
v -0.31738 -0.20173 16.366
v -0.34718 -0.17523 16.352
v -0.37519 -0.17067 16.383
v -0.3627 -0.19435 16.416
v -0.32697 -0.21355 16.405
v -0.10738 0.10655 16.51
v -0.13718 0.13305 16.497
v -0.16519 0.13762 16.528
v -0.1527 0.11393 16.56
v -0.11697 0.094735 16.549
v -0.32573 -0.19862 16.371
v -0.3468 -0.17988 16.362
v -0.36661 -0.17665 16.384
v -0.35777 -0.1934 16.407
v -0.33251 -0.20697 16.399
v -0.11573 0.10966 16.516
v -0.1368 0.1284 16.506
v -0.15661 0.13163 16.528
v -0.14777 0.11488 16.551
v -0.12251 0.10131 16.543
v -0.45294 -0.2899 16.219
v -0.45953 -0.27693 16.252
v -0.48811 -0.2949 16.266
v -0.49917 -0.31896 16.241
v -0.47744 -0.31587 16.212
v -0.20661 -0.56416 16.374
v -0.2132 -0.5512 16.408
v -0.24177 -0.56916 16.421
v -0.25284 -0.59323 16.396
v -0.23111 -0.59014 16.367
v 0.67459 -0.57167 15.09
v 0.65121 -0.58957 15.066
v 0.61589 -0.5809 15.076
v 0.61745 -0.55764 15.106
v 0.65373 -0.55193 15.114
v 0.68264 -0.25742 14.843
v 0.65925 -0.27532 14.819
v 0.62394 -0.26665 14.829
v 0.6255 -0.24339 14.859
v 0.66177 -0.23768 14.867
v 0.67459 -0.57167 15.09
v 0.65121 -0.58957 15.066
v 0.61589 -0.5809 15.076
v 0.61745 -0.55764 15.106
v 0.65373 -0.55193 15.114
v 0.68264 -0.25742 14.843
v 0.65925 -0.27532 14.819
v 0.62394 -0.26665 14.829
v 0.6255 -0.24339 14.859
v 0.66177 -0.23768 14.867
v -0.057309 0.093846 14.718
v -0.045761 0.13092 14.697
v -0.023021 0.1197 14.661
v -0.020514 0.075702 14.659
v -0.041706 0.059721 14.694
v -0.39729 0.081164 14.507
v -0.38574 0.11824 14.486
v -0.363 0.10702 14.45
v -0.3605 0.06302 14.449
v -0.38169 0.047039 14.484
v -0.15982 -1.3232 16.528
v -0.19948 -1.2681 16.522
v -0.26364 -1.2891 16.512
v -0.26364 -1.3573 16.512
v -0.19947 -1.3784 16.522
v -0.21865 -1.3233 16.923
v -0.2583 -1.2681 16.917
v -0.32247 -1.2892 16.908
v -0.32247 -1.3574 16.908
v -0.2583 -1.3785 16.917
v -0.21395 -1.3279 16.563
v -0.22059 -1.2835 16.537
v -0.22255 -1.294 16.487
v -0.21713 -1.345 16.481
v -0.21181 -1.3659 16.528
v -0.61063 -1.3729 16.588
v -0.61726 -1.3285 16.562
v -0.61923 -1.3391 16.512
v -0.6138 -1.3901 16.506
v -0.60848 -1.411 16.553
v -0.061221 -0.98115 15.805
v -0.054146 -0.97128 15.838
v -0.069084 -0.99422 15.859
v -0.085392 -1.0183 15.84
v -0.080532 -1.0102 15.806
v 0.27172 -1.2028 15.8
v 0.2788 -1.1929 15.832
v 0.26386 -1.2159 15.854
v 0.24755 -1.2399 15.835
v 0.25241 -1.2318 15.801
v 0.39103 -1.5236 16.162
v 0.39235 -1.4963 16.135
v 0.38515 -1.5135 16.101
v 0.37938 -1.5515 16.107
v 0.38302 -1.5577 16.145
v -0.00021437 -1.4558 16.211
v 0.0011016 -1.4285 16.183
v -0.0060956 -1.4457 16.149
v -0.01186 -1.4836 16.155
v -0.0082251 -1.4899 16.194
v -0.23175 -0.50959 15.51
v -0.25221 -0.4822 15.521
v -0.28641 -0.49345 15.522
v -0.28708 -0.52778 15.511
v -0.25329 -0.53776 15.503
v -0.1838 -0.62972 15.888
v -0.20427 -0.60234 15.899
v -0.23846 -0.61358 15.9
v -0.23913 -0.64792 15.889
v -0.20534 -0.65789 15.882
v -0.23175 -0.50959 15.51
v -0.25221 -0.4822 15.521
v -0.28641 -0.49345 15.522
v -0.28708 -0.52778 15.511
v -0.25329 -0.53776 15.503
v -0.1838 -0.62972 15.888
v -0.20427 -0.60234 15.899
v -0.23846 -0.61358 15.9
v -0.23913 -0.64792 15.889
v -0.20534 -0.65789 15.882
v -1.9504 0.13684 16.624
v -1.9822 0.18938 16.612
v -2.0229 0.17715 16.566
v -2.0162 0.11706 16.55
v -1.9714 0.092149 16.585
v -2.2256 0.032954 16.895
v -2.2574 0.085488 16.883
v -2.2981 0.073263 16.837
v -2.2914 0.013172 16.821
v -2.2466 -0.01174 16.856
v -1.951 0.14283 16.587
v -1.9767 0.14689 16.623
v -2.0189 0.14491 16.61
v -2.0193 0.13962 16.566
v -1.9773 0.13834 16.552
v -1.9472 -0.2543 16.635
v -1.9729 -0.25024 16.67
v -2.0152 -0.25222 16.657
v -2.0155 -0.2575 16.613
v -1.9735 -0.25879 16.599
v -1.8133 0.60585 16.329
v -1.8008 0.61674 16.295
v -1.8114 0.59009 16.269
v -1.8306 0.56273 16.288
v -1.8317 0.57246 16.325
v -2.156 0.80245 16.267
v -2.1435 0.81335 16.232
v -2.1541 0.7867 16.207
v -2.1733 0.75933 16.226
v -2.1744 0.76907 16.263
v -1.7863 0.59602 16.308
v -1.8018 0.59417 16.273
v -1.839 0.58597 16.277
v -1.8466 0.58275 16.314
v -1.814 0.58896 16.334
v -1.8706 0.98669 16.325
v -1.886 0.98485 16.29
v -1.9233 0.97665 16.293
v -1.9309 0.97342 16.331
v -1.8983 0.97963 16.35
v -1.3978 -0.1469 15.996
v -1.4263 -0.11346 15.984
v -1.4666 -0.122 16.003
v -1.463 -0.16072 16.027
v -1.4205 -0.1761 16.022
v -1.2872 0.060354 16.319
v -1.3157 0.093795 16.308
v -1.356 0.085254 16.327
v -1.3524 0.046535 16.351
v -1.3099 0.031146 16.346
v -1.7795 1.1801 16.086
v -1.7905 1.1993 16.032
v -1.8371 1.171 16.012
v -1.8549 1.1345 16.054
v -1.8193 1.1401 16.099
v -2.016 1.4655 16.236
v -2.0271 1.4846 16.182
v -2.0737 1.4564 16.163
v -2.0915 1.4198 16.204
v -2.0559 1.4255 16.249
v -1.7979 1.1726 16.071
v -1.8034 1.1821 16.044
v -1.8267 1.168 16.034
v -1.8356 1.1497 16.055
v -1.8178 1.1526 16.078
v -2.0344 1.4579 16.222
v -2.04 1.4675 16.195
v -2.0633 1.4534 16.185
v -2.0722 1.4351 16.205
v -2.0544 1.4379 16.228
v -0.53247 -1.6119 15.632
v -0.55476 -1.6231 15.664
v -0.59382 -1.621 15.654
v -0.59568 -1.6086 15.615
v -0.55777 -1.603 15.602
v -0.51911 -1.9923 15.509
v -0.54139 -2.0034 15.541
v -0.58046 -2.0014 15.531
v -0.58232 -1.989 15.492
v -0.5444 -1.9834 15.479
v -0.66341 -0.99245 15.451
v -0.68454 -0.96302 15.452
v -0.71774 -0.97354 15.462
v -0.71712 -1.0095 15.467
v -0.68354 -1.0212 15.46
v -0.56357 -0.9389 15.834
v -0.5847 -0.90947 15.836
v -0.6179 -0.91999 15.846
v -0.61728 -0.95592 15.85
v -0.5837 -0.96761 15.843
v -0.66341 -0.99245 15.451
v -0.68454 -0.96302 15.452
v -0.71774 -0.97354 15.462
v -0.71712 -1.0095 15.467
v -0.68354 -1.0212 15.46
v -0.56357 -0.9389 15.834
v -0.5847 -0.90947 15.836
v -0.6179 -0.91999 15.846
v -0.61728 -0.95592 15.85
v -0.5837 -0.96761 15.843
v 1.3916 1.5049 16.045
v 1.3568 1.5505 16.038
v 1.3045 1.536 16.058
v 1.307 1.4815 16.077
v 1.3608 1.4623 16.069
v 1.4919 1.6357 16.41
v 1.4571 1.6812 16.403
v 1.4048 1.6668 16.423
v 1.4072 1.6123 16.441
v 1.4611 1.5931 16.433
v 1.2422 1.0475 15.843
v 1.2175 1.0612 15.871
v 1.1802 1.0579 15.857
v 1.1819 1.0422 15.821
v 1.2202 1.0357 15.812
v 1.2166 0.68038 16
v 1.1919 0.69409 16.028
v 1.1546 0.69082 16.014
v 1.1563 0.6751 15.977
v 1.1946 0.66864 15.969
v 0.97261 -3.1065 16.467
v 0.94399 -3.0731 16.498
v 0.89255 -3.0896 16.498
v 0.88939 -3.1332 16.466
v 0.93887 -3.1437 16.447
v 1.0442 -3.3412 16.783
v 1.0155 -3.3078 16.814
v 0.9641 -3.3243 16.814
v 0.96093 -3.3679 16.782
v 1.0104 -3.3784 16.763
v 0.26868 -2.0629 16.078
v 0.28401 -2.0587 16.123
v 0.26323 -2.0934 16.149
v 0.23505 -2.1191 16.12
v 0.23842 -2.1003 16.076
v 0.5753 -2.3068 15.997
v 0.59063 -2.3026 16.043
v 0.56985 -2.3373 16.069
v 0.54167 -2.363 16.039
v 0.54505 -2.3442 15.995
v 1.3272 -3.2767 15.093
v 1.2994 -3.2959 15.111
v 1.2659 -3.2803 15.101
v 1.2729 -3.2515 15.077
v 1.3108 -3.2492 15.072
v 1.3008 -3.5295 14.784
v 1.2731 -3.5487 14.802
v 1.2395 -3.5332 14.792
v 1.2465 -3.5044 14.768
v 1.2844 -3.5021 14.763
v 1.3374 -2.7676 15.364
v 1.324 -2.7376 15.36
v 1.3348 -2.7255 15.331
v 1.3548 -2.7482 15.317
v 1.3564 -2.7741 15.337
v 1.0237 -2.9329 15.179
v 1.0103 -2.9029 15.174
v 1.0211 -2.8909 15.146
v 1.041 -2.9135 15.132
v 1.0427 -2.9395 15.152
v 1.3374 -2.7676 15.364
v 1.324 -2.7376 15.36
v 1.3348 -2.7255 15.331
v 1.3548 -2.7482 15.317
v 1.3564 -2.7741 15.337
v 1.0237 -2.9329 15.179
v 1.0103 -2.9029 15.174
v 1.0211 -2.8909 15.146
v 1.041 -2.9135 15.132
v 1.0427 -2.9395 15.152
v -1.508 2.5436 16.606
v -1.5381 2.5862 16.581
v -1.5914 2.5665 16.57
v -1.5944 2.5117 16.588
v -1.5428 2.4975 16.61
v -1.6286 2.6711 16.965
v -1.6586 2.7138 16.94
v -1.712 2.694 16.929
v -1.7149 2.6392 16.948
v -1.6634 2.6251 16.97
v -1.5175 2.5446 16.585
v -1.5401 2.562 16.619
v -1.5832 2.5505 16.615
v -1.5873 2.526 16.577
v -1.5467 2.5223 16.559
v -1.4508 2.2116 16.796
v -1.4734 2.229 16.83
v -1.5165 2.2176 16.826
v -1.5206 2.193 16.789
v -1.48 2.1893 16.77
v -1.3327 2.752 16.094
v -1.3682 2.7444 16.061
v -1.4105 2.7583 16.081
v -1.401 2.7745 16.127
v -1.353 2.7706 16.134
v -1.2793 3.1214 15.95
v -1.3148 3.1138 15.918
v -1.357 3.1278 15.938
v -1.3476 3.144 15.983
v -1.2996 3.14 15.991
v -1.3086 2.2733 15.921
v -1.2784 2.2924 15.893
v -1.2639 2.2601 15.864
v -1.2851 2.2212 15.875
v -1.3127 2.2294 15.91
v -1.6043 2.366 15.668
v -1.5741 2.385 15.64
v -1.5596 2.3528 15.611
v -1.5808 2.3139 15.622
v -1.6085 2.3221 15.657
v -2.207 2.1483 15.042
v -2.2189 2.1872 15.063
v -2.2326 2.1764 15.106
v -2.2291 2.131 15.111
v -2.2133 2.1136 15.071
v -1.8318 2.1916 15.174
v -1.8437 2.2305 15.195
v -1.8574 2.2198 15.237
v -1.8539 2.1743 15.242
v -1.8381 2.1569 15.203
v -2.2109 2.1492 15.053
v -2.2193 2.1767 15.068
v -2.229 2.1691 15.098
v -2.2265 2.1369 15.101
v -2.2153 2.1246 15.073
v -1.8356 2.1925 15.184
v -1.8441 2.22 15.199
v -1.8538 2.2124 15.229
v -1.8513 2.1802 15.233
v -1.8401 2.1679 15.205
v 0.057471 2.9427 15.237
v 0.033423 2.9894 15.255
v 0.0019578 2.977 15.299
v 0.0065597 2.9225 15.308
v 0.040869 2.9013 15.27
v 0.36837 3.0113 15.479
v 0.34432 3.058 15.497
v 0.31286 3.0455 15.541
v 0.31746 2.9911 15.55
v 0.35177 2.9699 15.512
v -0.53272 1.9817 15.609
v -0.539 1.9485 15.582
v -0.58054 1.9384 15.583
v -0.59994 1.9652 15.611
v -0.57039 1.992 15.626
v -0.60309 2.2343 15.307
v -0.60936 2.2012 15.28
v -0.6509 2.191 15.282
v -0.6703 2.2179 15.309
v -0.64075 2.2447 15.324
v -1.7843 1.0238 15.273
v -1.7863 1.0684 15.251
v -1.7745 1.0621 15.203
v -1.7654 1.0137 15.195
v -1.7714 0.99003 15.239
v -2.1703 0.96394 15.187
v -2.1722 1.0085 15.165
v -2.1605 1.0023 15.117
v -2.1513 0.95385 15.109
v -2.1574 0.93017 15.152
v -1.7476 1.0141 15.24
v -1.7841 1.0091 15.257
v -1.81 1.0351 15.24
v -1.7894 1.0563 15.212
v -1.7509 1.0433 15.212
v -1.839 0.73873 14.965
v -1.8755 0.73366 14.982
v -1.9014 0.75974 14.964
v -1.8808 0.78093 14.936
v -1.8423 0.76794 14.937
v -1.1096 1.3457 15.135
v -1.1152 1.3591 15.166
v -1.1412 1.3417 15.181
v -1.1516 1.3177 15.158
v -1.1321 1.3201 15.13
v -0.84872 1.087 15.293
v -0.85436 1.1004 15.324
v -0.88031 1.083 15.339
v -0.8907 1.059 15.317
v -0.87118 1.0614 15.288
v -1.1096 1.3457 15.135
v -1.1152 1.3591 15.166
v -1.1412 1.3417 15.181
v -1.1516 1.3177 15.158
v -1.1321 1.3201 15.13
v -0.84872 1.087 15.293
v -0.85436 1.1004 15.324
v -0.88031 1.083 15.339
v -0.8907 1.059 15.317
v -0.87118 1.0614 15.288
v -0.79888 1.4667 15.101
v -0.82335 1.4919 15.123
v -0.86225 1.4828 15.113
v -0.86183 1.452 15.086
v -0.82266 1.4421 15.079
v -0.80974 1.2019 15.401
v -0.83421 1.227 15.422
v -0.87311 1.2179 15.413
v -0.87269 1.1871 15.386
v -0.83352 1.1772 15.378
v -1.8065 -2.3333 16.511
v -1.8452 -2.2798 16.51
v -1.9005 -2.2949 16.478
v -1.896 -2.3579 16.458
v -1.8379 -2.3816 16.479
v -1.9769 -2.4524 16.853
v -2.0156 -2.3988 16.852
v -2.0709 -2.4139 16.819
v -2.0664 -2.4769 16.8
v -2.0083 -2.5006 16.82
v -1.844 -2.3236 16.444
v -1.8475 -2.285 16.481
v -1.8645 -2.308 16.527
v -1.8714 -2.3606 16.518
v -1.8588 -2.3703 16.466
v -1.4645 -2.3925 16.55
v -1.468 -2.354 16.587
v -1.485 -2.3769 16.633
v -1.492 -2.4296 16.624
v -1.4793 -2.4393 16.572
v -0.94744 -1.6669 15.798
v -0.97682 -1.6293 15.799
v -0.98651 -1.6162 15.755
v -0.96313 -1.6456 15.725
v -0.93898 -1.6769 15.752
v -1.2625 -1.9133 15.794
v -1.2919 -1.8757 15.795
v -1.3016 -1.8626 15.75
v -1.2782 -1.892 15.721
v -1.2541 -1.9233 15.748
v -1.7993 -2.9518 15.053
v -1.798 -2.9433 15.009
v -1.8276 -2.9695 14.989
v -1.8472 -2.9943 15.021
v -1.8296 -2.9833 15.06
v -2.0801 -2.6708 15.1
v -2.0788 -2.6623 15.056
v -2.1084 -2.6886 15.036
v -2.128 -2.7133 15.068
v -2.1104 -2.7024 15.107
v -1.8054 -2.9567 15.045
v -1.8045 -2.9506 15.014
v -1.8255 -2.9692 15
v -1.8393 -2.9867 15.022
v -1.8269 -2.979 15.05
v -2.0862 -2.6757 15.092
v -2.0854 -2.6697 15.061
v -2.1063 -2.6882 15.047
v -2.1201 -2.7057 15.069
v -2.1077 -2.698 15.097
v -1.3709 -2.3354 15.034
v -1.4056 -2.3157 15.059
v -1.442 -2.3088 15.03
v -1.4298 -2.3242 14.987
v -1.3858 -2.3407 14.99
v -1.5118 -2.6985 15.125
v -1.5466 -2.6788 15.15
v -1.583 -2.672 15.121
v -1.5707 -2.6874 15.078
v -1.5268 -2.7038 15.081
v -0.58808 -2.2292 14.341
v -0.61478 -2.1904 14.339
v -0.64584 -2.1964 14.304
v -0.63834 -2.2389 14.285
v -0.60264 -2.2592 14.308
v -0.8474 -2.3907 14.599
v -0.8741 -2.3519 14.597
v -0.90517 -2.3579 14.562
v -0.89767 -2.4004 14.543
v -0.86197 -2.4207 14.566
v 3.8469 0.93322 16.111
v 3.8145 0.97794 16.111
v 3.7669 0.96447 16.136
v 3.77 0.91141 16.151
v 3.8194 0.8921 16.136
v 3.9998 1.0426 16.464
v 3.9673 1.0874 16.464
v 3.9198 1.0739 16.489
v 3.9229 1.0208 16.504
v 3.9723 1.0015 16.489
v 3.8191 0.93381 16.167
v 3.8064 0.97376 16.143
v 3.7898 0.96129 16.1
v 3.7922 0.91364 16.097
v 3.8103 0.89665 16.138
v 3.4498 0.90417 16.317
v 3.4372 0.94412 16.294
v 3.4205 0.93165 16.251
v 3.4229 0.884 16.248
v 3.441 0.86701 16.289
v 3.9077 0.81869 15.521
v 3.9244 0.8453 15.54
v 3.9441 0.82979 15.566
v 3.9395 0.7936 15.564
v 3.9171 0.78674 15.536
v 4.2222 0.79434 15.275
v 4.2389 0.82095 15.294
v 4.2585 0.80545 15.32
v 4.254 0.76926 15.318
v 4.2315 0.76239 15.29
v 3.6365 -0.87554 15.372
v 3.6057 -0.83791 15.379
v 3.5693 -0.84255 15.346
v 3.5775 -0.88303 15.32
v 3.6191 -0.90342 15.336
v 3.4277 -1.0907 15.637
v 3.3969 -1.0531 15.643
v 3.3605 -1.0577 15.611
v 3.3688 -1.0982 15.585
v 3.4103 -1.1186 15.601
v 3.934 -0.56928 14.978
v 3.9175 -0.54313 14.967
v 3.8897 -0.55387 14.953
v 3.889 -0.58665 14.956
v 3.9165 -0.59618 14.971
v 3.7464 -0.53813 15.33
v 3.7298 -0.51199 15.319
v 3.702 -0.52273 15.305
v 3.7014 -0.55551 15.307
v 3.7288 -0.56503 15.323
v 3.934 -0.56928 14.978
v 3.9175 -0.54313 14.967
v 3.8897 -0.55387 14.953
v 3.889 -0.58665 14.956
v 3.9165 -0.59618 14.971
v 3.7464 -0.53813 15.33
v 3.7298 -0.51199 15.319
v 3.702 -0.52273 15.305
v 3.7014 -0.55551 15.307
v 3.7288 -0.56503 15.323
v 4.45 0.14254 14.117
v 4.4207 0.18897 14.121
v 4.4151 0.20166 14.174
v 4.441 0.16307 14.203
v 4.4625 0.12653 14.168
v 4.7874 0.35676 14.101
v 4.7581 0.4032 14.105
v 4.7525 0.41589 14.158
v 4.7784 0.3773 14.187
v 4.8 0.34076 14.152
v 3.9711 -0.25566 14.323
v 3.9389 -0.22781 14.344
v 3.8986 -0.22974 14.319
v 3.906 -0.25877 14.282
v 3.9509 -0.27479 14.284
v 3.8474 -0.56667 14.542
v 3.8151 -0.53883 14.563
v 3.7749 -0.54076 14.538
v 3.7823 -0.56979 14.501
v 3.8271 -0.58581 14.503
v 3.8686 2.0409 14.559
v 3.8333 2.0852 14.548
v 3.7812 2.072 14.569
v 3.7844 2.0194 14.593
v 3.8384 2.0002 14.587
v 3.9686 2.2046 14.91
v 3.9333 2.249 14.899
v 3.8812 2.2357 14.92
v 3.8843 2.1832 14.944
v 3.9383 2.164 14.938
v 3.8557 2.0426 14.575
v 3.831 2.0726 14.588
v 3.7928 2.0624 14.578
v 3.7938 2.0261 14.559
v 3.8327 2.0139 14.558
v 3.8122 1.8608 14.929
v 3.7875 1.8908 14.941
v 3.7493 1.8806 14.931
v 3.7503 1.8443 14.913
v 3.7892 1.8321 14.911
v 3.8665 1.9987 14.03
v 3.8369 2.0325 14.041
v 3.7981 2.0262 14.017
v 3.8037 1.9886 13.991
v 3.846 1.9717 13.999
v 3.7185 1.7707 14.324
v 3.6889 1.8044 14.335
v 3.6502 1.7981 14.31
v 3.6558 1.7605 14.284
v 3.698 1.7436 14.292
v 4.1103 1.4487 13.576
v 4.1316 1.4786 13.6
v 4.1525 1.4573 13.633
v 4.1441 1.4142 13.629
v 4.118 1.4089 13.593
v 4.4332 1.4093 13.343
v 4.4545 1.4392 13.368
v 4.4753 1.4179 13.4
v 4.4669 1.3748 13.396
v 4.4409 1.3695 13.361
v -4.3781 0.58899 15.962
v -4.4125 0.63836 15.955
v -4.4657 0.62131 15.932
v -4.4642 0.5614 15.924
v -4.41 0.54143 15.942
v -4.5211 0.53442 16.331
v -4.5556 0.58379 16.325
v -4.6088 0.56674 16.302
v -4.6073 0.50683 16.294
v -4.5531 0.48686 16.312
v -4.0838 0.90124 15.823
v -4.1185 0.92883 15.797
v -4.1629 0.92675 15.823
v -4.1557 0.89787 15.864
v -4.1068 0.8821 15.864
v -3.9794 1.2271 16.03
v -4.014 1.2547 16.004
v -4.0584 1.2527 16.03
v -4.0512 1.2238 16.071
v -4.0024 1.208 16.072
v -4.0924 0.9022 15.822
v -4.1202 0.92966 15.807
v -4.1554 0.9263 15.829
v -4.1493 0.89676 15.859
v -4.1104 0.88187 15.854
v -3.9563 1.18 16.076
v -3.9841 1.2075 16.06
v -4.0193 1.2041 16.083
v -4.0132 1.1746 16.112
v -3.9743 1.1597 16.108
v -3.8065 1.3434 14.166
v -3.8179 1.3168 14.121
v -3.869 1.3034 14.123
v -3.889 1.3217 14.169
v -3.8504 1.3464 14.195
v -3.9032 1.6863 13.984
v -3.9147 1.6597 13.94
v -3.9657 1.6463 13.942
v -3.9857 1.6646 13.987
v -3.9471 1.6894 14.013
v -2.6443 1.0247 12.535
v -2.6742 1.0649 12.527
v -2.7226 1.0495 12.53
v -2.7227 0.99982 12.541
v -2.6743 0.98448 12.544
v -2.6454 1.1109 12.926
v -2.6753 1.1511 12.917
v -2.7238 1.1357 12.92
v -2.7238 1.086 12.931
v -2.6754 1.0707 12.935
v 5.4066 -1.1447 14.793
v 5.3772 -1.0917 14.818
v 5.3297 -1.1119 14.858
v 5.3298 -1.1774 14.858
v 5.3773 -1.1978 14.818
v 5.6657 -1.1437 15.098
v 5.6363 -1.0907 15.122
v 5.5888 -1.1109 15.163
v 5.5888 -1.1764 15.163
v 5.6364 -1.1967 15.123
v 5.1453 -1.4927 14.559
v 5.1169 -1.4814 14.599
v 5.0681 -1.4878 14.587
v 5.0664 -1.5031 14.538
v 5.114 -1.5062 14.521
v 5.1642 -1.8739 14.679
v 5.1358 -1.8626 14.719
v 5.087 -1.869 14.707
v 5.0853 -1.8843 14.658
v 5.1329 -1.8873 14.641
v 2.8403 -3.9269 13.386
v 2.8223 -3.9081 13.428
v 2.7774 -3.9267 13.435
v 2.7676 -3.9569 13.397
v 2.8065 -3.957 13.367
v 2.9977 -4.2319 13.592
v 2.9796 -4.2131 13.633
v 2.9347 -4.2317 13.64
v 2.925 -4.2619 13.603
v 2.9639 -4.262 13.573
v 3.1383 -2.727 11.922
v 3.1586 -2.6771 11.934
v 3.2082 -2.684 11.958
v 3.2185 -2.7382 11.96
v 3.1754 -2.7648 11.938
v 3.3101 -2.7099 11.561
v 3.3304 -2.66 11.573
v 3.38 -2.6668 11.597
v 3.3904 -2.721 11.599
v 3.3472 -2.7477 11.577
v 4.734 1.0459 11.947
v 4.7288 1.1022 11.983
v 4.7261 1.085 12.048
v 4.7298 1.0181 12.052
v 4.7347 0.99393 11.99
v 5.1328 1.069 11.97
v 5.1275 1.1252 12.006
v 5.1248 1.108 12.071
v 5.1285 1.0411 12.074
v 5.1334 1.017 12.012
v 0.52507 4.8659 15.778
v 0.48969 4.9132 15.774
v 0.43708 4.8985 15.797
v 0.43994 4.8422 15.814
v 0.49432 4.822 15.803
v 0.64739 4.9864 16.139
v 0.61201 5.0337 16.135
v 0.5594 5.019 16.158
v 0.56226 4.9626 16.176
v 0.61664 4.9425 16.164
v 1.7344 5.3227 13.965
v 1.6902 5.3614 13.953
v 1.6695 5.3835 14.005
v 1.7009 5.3585 14.049
v 1.741 5.3209 14.025
v 2.0008 5.6204 13.945
v 1.9566 5.6591 13.932
v 1.9358 5.6812 13.984
v 1.9672 5.6562 14.029
v 2.0073 5.6187 14.005
v -1.6263 4.1283 14.229
v -1.634 4.1391 14.278
v -1.6753 4.1141 14.293
v -1.6931 4.0878 14.254
v -1.6628 4.0966 14.214
v -1.3987 3.8166 14.335
v -1.4065 3.8274 14.384
v -1.4478 3.8024 14.399
v -1.4656 3.7761 14.359
v -1.4352 3.7849 14.32
v -1.6357 4.1238 14.237
v -1.6411 4.1315 14.271
v -1.6703 4.1138 14.282
v -1.6829 4.0952 14.254
v -1.6615 4.1014 14.226
v -1.4081 3.8122 14.342
v -1.4136 3.8198 14.377
v -1.4428 3.8022 14.387
v -1.4554 3.7836 14.359
v -1.4339 3.7898 14.331
v -1.1622 5.602 13.193
v -1.1908 5.6269 13.158
v -1.2405 5.6149 13.166
v -1.2426 5.5825 13.206
v -1.1943 5.5745 13.223
v -1.1964 5.9138 13.441
v -1.225 5.9387 13.406
v -1.2747 5.9267 13.414
v -1.2768 5.8943 13.455
v -1.2284 5.8864 13.471
v -1.3852 5.2124 12.871
v -1.388 5.2582 12.853
v -1.368 5.2586 12.808
v -1.3528 5.213 12.798
v -1.3634 5.1845 12.837
v -1.7422 5.1292 12.71
v -1.745 5.175 12.693
v -1.7249 5.1754 12.648
v -1.7097 5.1298 12.638
v -1.7204 5.1012 12.676
v -0.77792 5.1169 12.666
v -0.78391 5.1197 12.704
v -0.81641 5.1021 12.712
v -0.8305 5.0884 12.679
v -0.80671 5.0975 12.651
v -0.57827 4.7751 12.724
v -0.58426 4.7779 12.761
v -0.61676 4.7603 12.769
v -0.63086 4.7466 12.737
v -0.60707 4.7558 12.709
v -0.77792 5.1169 12.666
v -0.78391 5.1197 12.704
v -0.81641 5.1021 12.712
v -0.8305 5.0884 12.679
v -0.80671 5.0975 12.651
v -0.57827 4.7751 12.724
v -0.58426 4.7779 12.761
v -0.61676 4.7603 12.769
v -0.63086 4.7466 12.737
v -0.60707 4.7558 12.709
v 2.3968 5.209 11.819
v 2.3724 5.2563 11.81
v 2.3618 5.2592 11.757
v 2.3796 5.2137 11.734
v 2.4012 5.1827 11.772
v 2.0405 5.038 11.881
v 2.0161 5.0853 11.872
v 2.0055 5.0882 11.819
v 2.0234 5.0427 11.796
v 2.045 5.0116 11.834
v 3.734 4.1886 13.51
v 3.6923 4.233 13.499
v 3.6584 4.2404 13.551
v 3.6791 4.2005 13.593
v 3.7258 4.1685 13.568
v 3.9928 4.4636 13.642
v 3.9511 4.508 13.631
v 3.9172 4.5154 13.682
v 3.9379 4.4755 13.725
v 3.9846 4.4435 13.7
v 3.2908 3.7766 13.368
v 3.2531 3.8194 13.382
v 3.205 3.8125 13.349
v 3.2131 3.7654 13.315
v 3.2661 3.7432 13.327
v 3.1294 3.5443 13.651
v 3.0917 3.5871 13.665
v 3.0437 3.5802 13.632
v 3.0518 3.5331 13.597
v 3.1047 3.5109 13.609
v -1.7605 -4.102 14.715
v -1.7928 -4.0748 14.749
v -1.844 -4.0845 14.735
v -1.8434 -4.1177 14.692
v -1.7918 -4.1286 14.68
v -1.7698 -4.4174 14.961
v -1.8021 -4.3901 14.995
v -1.8533 -4.3998 14.981
v -1.8527 -4.433 14.938
v -1.8011 -4.4439 14.926
v -1.7691 -4.1178 14.693
v -1.8104 -4.0922 14.669
v -1.8463 -4.0795 14.708
v -1.8272 -4.0972 14.755
v -1.7795 -4.1209 14.746
v -1.5845 -3.7675 14.75
v -1.6258 -3.7419 14.726
v -1.6617 -3.7292 14.764
v -1.6426 -3.7469 14.812
v -1.5948 -3.7706 14.802
v -3.3271 -2.4155 14.237
v -3.3314 -2.4277 14.282
v -3.3729 -2.4481 14.287
v -3.3943 -2.4486 14.246
v -3.366 -2.4285 14.215
v -3.1624 -2.7711 14.156
v -3.1668 -2.7832 14.201
v -3.2083 -2.8037 14.206
v -3.2296 -2.8042 14.165
v -3.2013 -2.784 14.134
v -3.3271 -2.4155 14.237
v -3.3314 -2.4277 14.282
v -3.3729 -2.4481 14.287
v -3.3943 -2.4486 14.246
v -3.366 -2.4285 14.215
v -3.1624 -2.7711 14.156
v -3.1668 -2.7832 14.201
v -3.2083 -2.8037 14.206
v -3.2296 -2.8042 14.165
v -3.2013 -2.784 14.134
v -0.51745 -4.812 12.917
v -0.55564 -4.788 12.948
v -0.6026 -4.7864 12.92
v -0.59345 -4.8094 12.871
v -0.54082 -4.8252 12.869
v -0.61978 -5.1691 13.065
v -0.65796 -5.1451 13.097
v -0.70493 -5.1435 13.068
v -0.69577 -5.1665 13.019
v -0.64315 -5.1823 13.017
v -0.38375 -4.2939 12.601
v -0.40376 -4.3424 12.584
v -0.45859 -4.3402 12.588
v -0.47247 -4.2903 12.606
v -0.42621 -4.2617 12.614
v -0.40156 -4.1593 12.224
v -0.42158 -4.2078 12.208
v -0.47641 -4.2055 12.211
v -0.49028 -4.1557 12.23
v -0.44403 -4.1271 12.238
v -4.0654 4.0053 15.12
v -4.1028 4.0501 15.097
v -4.1623 4.0338 15.109
v -4.1616 3.9789 15.139
v -4.1018 3.9613 15.146
v -4.0493 4.1997 15.469
v -4.0867 4.2445 15.446
v -4.1461 4.2282 15.458
v -4.1455 4.1733 15.488
v -4.0856 4.1557 15.495
v -3.7478 3.833 14.679
v -3.7752 3.8761 14.674
v -3.7993 3.8743 14.629
v -3.7869 3.8302 14.606
v -3.755 3.8047 14.637
v -4.0606 3.6543 14.853
v -4.088 3.6973 14.848
v -4.1121 3.6956 14.803
v -4.0996 3.6514 14.78
v -4.0678 3.6259 14.811
v -5.4533 2.7328 13.791
v -5.4984 2.7673 13.82
v -5.5485 2.7708 13.781
v -5.5343 2.7384 13.728
v -5.4755 2.7149 13.734
v -5.6041 2.4002 13.955
v -5.6492 2.4348 13.983
v -5.6993 2.4383 13.944
v -5.6851 2.4058 13.891
v -5.6263 2.3823 13.898
v 0.028015 -0.07859 18.398
v -0.0094567 -0.027021 18.396
v -0.070111 -0.046736 18.396
v -0.070126 -0.11049 18.397
v -0.0094801 -0.13018 18.399
v 0.021667 -0.067199 18.798
v -0.015805 -0.01563 18.796
v -0.07646 -0.035345 18.795
v -0.076474 -0.099098 18.797
v -0.015829 -0.11879 18.799
v -0.043219 -0.10196 18.368
v -0.053696 -0.055762 18.377
v -0.026218 -0.041128 18.414
v 0.0012406 -0.078282 18.428
v -0.0092661 -0.11588 18.399
v 0.24077 0.012412 18.111
v 0.2303 0.05861 18.12
v 0.25777 0.073244 18.156
v 0.28523 0.03609 18.17
v 0.27473 -0.0015063 18.142
v 0.050965 0.18054 17.657
v 0.052784 0.17488 17.7
v 0.018669 0.15012 17.712
v -0.0042342 0.14047 17.676
v 0.015726 0.15927 17.642
v 0.27188 -0.14881 17.605
v 0.2737 -0.15447 17.648
v 0.23959 -0.17923 17.66
v 0.21668 -0.18888 17.624
v 0.23664 -0.17007 17.59
v 0.057089 0.16325 17.676
v 0.038236 0.14838 17.703
v 0.003554 0.15103 17.694
v 0.00097183 0.16753 17.663
v 0.034058 0.17509 17.651
v 0.074562 -0.1904 17.49
v 0.05571 -0.20527 17.516
v 0.021028 -0.20263 17.508
v 0.018446 -0.18612 17.477
v 0.051532 -0.17857 17.465
v 0.48035 -0.26526 17.452
v 0.4815 -0.25149 17.501
v 0.44947 -0.28138 17.526
v 0.42851 -0.31363 17.493
v 0.4476 -0.30367 17.448
v 0.77643 -0.52584 17.519
v 0.77758 -0.51207 17.568
v 0.74554 -0.54196 17.593
v 0.72459 -0.57421 17.56
v 0.74368 -0.56425 17.514
v 0.46777 -0.26571 17.461
v 0.47719 -0.26293 17.496
v 0.45938 -0.288 17.514
v 0.43896 -0.30628 17.491
v 0.44414 -0.2925 17.458
v 0.7675 -0.52345 17.4
v 0.77692 -0.52067 17.435
v 0.75911 -0.54574 17.453
v 0.73868 -0.56402 17.43
v 0.74387 -0.55024 17.397
v 0.44429 0.16537 17.217
v 0.43225 0.18918 17.245
v 0.40258 0.17269 17.263
v 0.39629 0.13869 17.246
v 0.42207 0.13416 17.218
v 0.69545 -0.0069743 17.477
v 0.68341 0.016835 17.504
v 0.65374 0.00034744 17.522
v 0.64745 -0.033653 17.505
v 0.67323 -0.038178 17.478
v 0.4407 0.16675 17.232
v 0.43245 0.16062 17.257
v 0.4063 0.15366 17.256
v 0.39838 0.15549 17.23
v 0.41965 0.16358 17.215
v 0.54511 -0.21486 17.173
v 0.53686 -0.22099 17.198
v 0.51071 -0.22795 17.197
v 0.5028 -0.22612 17.171
v 0.52406 -0.21803 17.156
v -0.26688 0.12743 17.325
v -0.25782 0.16579 17.358
v -0.25075 0.14563 17.404
v -0.25543 0.094806 17.4
v -0.2654 0.083558 17.351
v 0.12524 0.096878 17.252
v 0.1343 0.13524 17.285
v 0.14137 0.11508 17.331
v 0.13669 0.064258 17.327
v 0.12672 0.05301 17.278
v -0.24997 0.13756 17.342
v -0.24296 0.14827 17.376
v -0.25847 0.12467 17.398
v -0.27506 0.099371 17.378
v -0.26981 0.10733 17.344
v 0.084409 -0.081971 17.342
v 0.091417 -0.071258 17.376
v 0.075906 -0.094857 17.399
v 0.059312 -0.12016 17.379
v 0.064568 -0.11219 17.344
v -0.19076 0.1451 17.011
v -0.21462 0.17544 17.009
v -0.23871 0.17441 17.039
v -0.22974 0.14343 17.06
v -0.2001 0.12532 17.043
v 0.066381 0.36604 17.223
v 0.042517 0.39638 17.221
v 0.018427 0.39535 17.251
v 0.027403 0.36437 17.272
v 0.05704 0.34626 17.255
v -0.19152 0.15247 17.032
v -0.20785 0.15816 17.011
v -0.23377 0.15636 17.019
v -0.23346 0.14955 17.046
v -0.20734 0.14715 17.054
v -0.18562 0.53988 17.131
v -0.20195 0.54557 17.11
v -0.22787 0.54377 17.119
v -0.22755 0.53696 17.145
v -0.20144 0.53456 17.153
v -0.012571 -0.6179 17.032
v -0.026015 -0.58527 17.014
v -0.047015 -0.59719 16.982
v -0.046549 -0.63719 16.981
v -0.025262 -0.64999 17.012
v -0.34511 -0.62661 17.255
v -0.35856 -0.59398 17.236
v -0.37956 -0.6059 17.204
v -0.37909 -0.6459 17.203
v -0.3578 -0.6587 17.234
v -0.026361 -0.61346 17.027
v -0.026055 -0.59419 17.007
v -0.03325 -0.60714 16.983
v -0.038002 -0.63442 16.988
v -0.033745 -0.63833 17.016
v -0.41138 -0.53131 17.098
v -0.41108 -0.51203 17.077
v -0.41827 -0.52498 17.053
v -0.42302 -0.55226 17.059
v -0.41876 -0.55617 17.087
v 0.23999 -0.11942 17.254
v 0.24815 -0.12835 17.222
v 0.22481 -0.15151 17.211
v 0.20221 -0.15688 17.237
v 0.21159 -0.13705 17.264
v 0.010869 0.17739 17.115
v 0.019037 0.16846 17.083
v -0.0043112 0.14531 17.072
v -0.02691 0.13993 17.097
v -0.017528 0.15976 17.124
v -1.0118 -0.26261 17.608
v -1.0373 -0.22209 17.588
v -1.0813 -0.23959 17.567
v -1.0831 -0.29093 17.574
v -1.0401 -0.30515 17.599
v -1.199 -0.20943 17.957
v -1.2245 -0.16891 17.937
v -1.2685 -0.18641 17.916
v -1.2703 -0.23775 17.923
v -1.2273 -0.25197 17.948
v -1.0203 -0.25703 17.586
v -1.0346 -0.2895 17.595
v -1.0711 -0.28683 17.593
v -1.0794 -0.25272 17.582
v -1.048 -0.2343 17.578
v -1.0069 -0.37163 17.203
v -1.0212 -0.4041 17.212
v -1.0577 -0.40144 17.21
v -1.066 -0.36732 17.199
v -1.0346 -0.3489 17.195
v -1.0757 0.019196 17.257
v -1.1065 0.033394 17.233
v -1.1396 0.040085 17.257
v -1.1293 0.030022 17.296
v -1.0898 0.017112 17.296
v -0.95291 0.3944 17.322
v -0.98369 0.40859 17.298
v -1.0168 0.41528 17.322
v -1.0065 0.40522 17.361
v -0.96702 0.39231 17.361
v -0.38026 -0.20559 17.675
v -0.40274 -0.17247 17.67
v -0.43623 -0.18303 17.65
v -0.43445 -0.22268 17.642
v -0.39986 -0.23662 17.658
v -0.56391 -0.27743 18.023
v -0.58639 -0.24431 18.018
v -0.61988 -0.25487 17.998
v -0.61811 -0.29451 17.99
v -0.58351 -0.30846 18.006
v -0.38987 -0.2088 17.67
v -0.40876 -0.18864 17.677
v -0.43034 -0.18981 17.659
v -0.42479 -0.2107 17.64
v -0.39978 -0.22243 17.647
v -0.57949 -0.46997 17.907
v -0.59838 -0.44981 17.914
v -0.61996 -0.45099 17.895
v -0.61441 -0.47187 17.876
v -0.58939 -0.4836 17.884
v -0.6237 -0.053549 17.004
v -0.63407 -0.033951 17.031
v -0.66184 -0.049409 17.046
v -0.66862 -0.078561 17.028
v -0.64505 -0.081119 17.002
v -0.38187 -0.25992 17.247
v -0.39225 -0.24032 17.274
v -0.42002 -0.25578 17.289
v -0.4268 -0.28493 17.271
v -0.40322 -0.28749 17.245
v -0.026434 0.33184 17.261
v -0.05131 0.3646 17.263
v -0.082017 0.35902 17.236
v -0.07612 0.32281 17.217
v -0.041768 0.30602 17.232
v -0.24176 0.14995 17.544
v -0.26664 0.18271 17.547
v -0.29735 0.17713 17.52
v -0.29145 0.14093 17.501
v -0.2571 0.12413 17.516
v -0.03081 0.33798 17.241
v -0.046819 0.33789 17.265
v -0.074866 0.33637 17.257
v -0.076191 0.33552 17.228
v -0.048963 0.33652 17.218
v -0.012088 -0.061432 17.251
v -0.028097 -0.061527 17.276
v -0.056144 -0.063049 17.268
v -0.05747 -0.063894 17.239
v -0.030241 -0.062895 17.229
v -0.18313 0.045908 17.043
v -0.19514 0.072709 17.063
v -0.21889 0.059351 17.086
v -0.22154 0.024293 17.08
v -0.19944 0.015985 17.054
v 0.11024 -0.021437 17.307
v 0.098219 0.0053649 17.327
v 0.074477 -0.0079939 17.35
v 0.071822 -0.043052 17.344
v 0.093922 -0.05136 17.317
v 0.26127 0.56341 16.595
v 0.25297 0.594 16.581
v 0.24923 0.58937 16.546
v 0.25524 0.55592 16.539
v 0.26268 0.53987 16.569
v -0.12684 0.48263 16.648
v -0.13515 0.51322 16.634
v -0.13888 0.50859 16.6
v -0.13288 0.47513 16.593
v -0.12544 0.45909 16.623
v 0.10329 -0.094189 16.826
v 0.079218 -0.062967 16.834
v 0.04178 -0.07379 16.824
v 0.042718 -0.1117 16.811
v 0.080735 -0.12431 16.813
v 0.047257 -0.22355 17.201
v 0.023181 -0.19233 17.208
v -0.014257 -0.20315 17.199
v -0.01332 -0.24106 17.186
v 0.024698 -0.25367 17.187
v 0.091578 -0.093882 16.831
v 0.075889 -0.070727 16.827
v 0.051438 -0.078893 16.815
v 0.052015 -0.10709 16.812
v 0.076823 -0.11636 16.822
v -0.070624 -0.13223 17.195
v -0.086312 -0.10908 17.19
v -0.11076 -0.11724 17.179
v -0.11019 -0.14545 17.176
v -0.085379 -0.15471 17.186
v 0.51639 0.19018 16.117
v 0.49713 0.21554 16.092
v 0.45944 0.20111 16.086
v 0.45541 0.16683 16.108
v 0.4906 0.16008 16.127
v 0.38459 0.40365 16.429
v 0.36533 0.42901 16.403
v 0.32764 0.41458 16.397
v 0.32361 0.38031 16.419
v 0.3588 0.37355 16.439
v 0.50833 0.18682 16.107
v 0.49144 0.2098 16.102
v 0.46399 0.20093 16.103
v 0.46391 0.17246 16.108
v 0.49131 0.16374 16.11
v 0.49486 0.25232 16.501
v 0.47797 0.2753 16.497
v 0.45051 0.26643 16.497
v 0.45043 0.23796 16.502
v 0.47784 0.22924 16.504
v 0.6339 -0.067985 16.378
v 0.62693 -0.06631 16.343
v 0.59553 -0.081557 16.338
v 0.5831 -0.092655 16.369
v 0.60682 -0.084268 16.394
v 0.45311 0.28479 16.431
v 0.44613 0.28646 16.397
v 0.41473 0.27121 16.391
v 0.40231 0.26012 16.422
v 0.42603 0.2685 16.447
v 0.11267 0.2384 16.288
v 0.08701 0.23665 16.321
v 0.048064 0.23919 16.307
v 0.049657 0.24251 16.265
v 0.089588 0.24201 16.254
v 0.098518 -0.16003 16.256
v 0.072855 -0.16178 16.288
v 0.033908 -0.15924 16.274
v 0.035501 -0.15592 16.233
v 0.075432 -0.15642 16.221
v 0.10234 0.23879 16.288
v 0.084195 0.23756 16.311
v 0.056656 0.23936 16.301
v 0.057782 0.2417 16.272
v 0.086018 0.24135 16.264
v 0.088186 -0.15963 16.255
v 0.07004 -0.16087 16.278
v 0.0425 -0.15907 16.268
v 0.043627 -0.15673 16.239
v 0.071862 -0.15708 16.231
v 0.19981 0.23937 16.409
v 0.17661 0.25954 16.428
v 0.14402 0.25543 16.413
v 0.14708 0.23272 16.385
v 0.18156 0.22279 16.383
v 0.12863 -0.068903 16.654
v 0.10543 -0.048732 16.672
v 0.072844 -0.05284 16.658
v 0.075904 -0.07555 16.63
v 0.11038 -0.085478 16.627
v -0.21627 0.27872 16.821
v -0.22954 0.31593 16.8
v -0.24686 0.30473 16.761
v -0.2443 0.2606 16.757
v -0.22539 0.24453 16.794
v -0.57681 0.24226 16.99
v -0.59008 0.27947 16.97
v -0.60741 0.26827 16.93
v -0.60484 0.22414 16.926
v -0.58593 0.20807 16.963
v 0.24174 1.3008 17.257
v 0.21384 1.3401 17.235
v 0.16468 1.3222 17.225
v 0.1622 1.2717 17.242
v 0.20982 1.2585 17.261
v 0.12789 1.426 17.619
v 0.099989 1.4653 17.597
v 0.05083 1.4474 17.588
v 0.048345 1.397 17.604
v 0.095969 1.3838 17.624
v 0.20236 1.2828 17.272
v 0.18453 1.3156 17.267
v 0.18595 1.325 17.231
v 0.20464 1.298 17.213
v 0.21479 1.2719 17.238
v -0.14114 1.088 17.208
v -0.15896 1.1208 17.203
v -0.15755 1.1303 17.167
v -0.13885 1.1033 17.149
v -0.12871 1.0772 17.174
v 0.48623 0.87279 17.105
v 0.49343 0.85891 17.08
v 0.47126 0.83964 17.073
v 0.45036 0.84162 17.095
v 0.45961 0.86211 17.115
v 0.29946 1.1597 16.898
v 0.30666 1.1458 16.873
v 0.28449 1.1265 16.866
v 0.26359 1.1285 16.888
v 0.27284 1.149 16.908
v 0.48623 0.87279 17.105
v 0.49343 0.85891 17.08
v 0.47126 0.83964 17.073
v 0.45036 0.84162 17.095
v 0.45961 0.86211 17.115
v 0.29946 1.1597 16.898
v 0.30666 1.1458 16.873
v 0.28449 1.1265 16.866
v 0.26359 1.1285 16.888
v 0.27284 1.149 16.908
v -0.13984 1.3997 16.431
v -0.15975 1.4337 16.418
v -0.19044 1.4218 16.393
v -0.18949 1.3806 16.39
v -0.15821 1.3669 16.414
v -0.38624 1.373 16.745
v -0.40615 1.407 16.732
v -0.43684 1.3951 16.707
v -0.43589 1.3539 16.704
v -0.40461 1.3402 16.728
v -0.14285 1.3998 16.412
v -0.16058 1.4215 16.421
v -0.18793 1.4142 16.413
v -0.18711 1.388 16.4
v -0.15925 1.3791 16.4
v -0.19081 1.2231 16.768
v -0.20854 1.2448 16.776
v -0.2359 1.2375 16.769
v -0.23508 1.2112 16.756
v -0.20721 1.2024 16.755
v 0.032495 1.4925 16.118
v 0.01939 1.5075 16.147
v -0.013074 1.4936 16.153
v -0.020032 1.47 16.127
v 0.008131 1.4693 16.105
v 0.19782 1.2016 16.337
v 0.18471 1.2165 16.366
v 0.15225 1.2026 16.372
v 0.14529 1.1791 16.346
v 0.17345 1.1784 16.324
v -0.15153 -0.022337 15.898
v -0.12291 -0.0018225 15.918
v -0.10223 -0.028272 15.941
v -0.11807 -0.065133 15.935
v -0.14853 -0.061465 15.908
v 0.10419 -0.082353 15.596
v 0.1328 -0.061839 15.616
v 0.15348 -0.088288 15.639
v 0.13765 -0.12515 15.633
v 0.10719 -0.12148 15.607
v -0.045313 0.13976 16.416
v -0.074046 0.16975 16.418
v -0.060849 0.20166 16.395
v -0.02396 0.19139 16.379
v -0.014358 0.15313 16.392
v -0.22897 -0.016097 16.097
v -0.2577 0.013898 16.099
v -0.2445 0.045807 16.075
v -0.20761 0.035533 16.059
v -0.19801 -0.0027255 16.072
v 2.1243 -0.44912 17.201
v 2.1001 -0.41398 17.225
v 2.0557 -0.43116 17.236
v 2.0525 -0.47691 17.219
v 2.0949 -0.48801 17.197
v 2.2661 -0.58704 17.548
v 2.2419 -0.5519 17.572
v 2.1975 -0.56908 17.583
v 2.1944 -0.61483 17.567
v 2.2367 -0.62593 17.545
v 2.1024 -0.43491 17.191
v 2.1068 -0.4303 17.231
v 2.0818 -0.45545 17.249
v 2.0619 -0.4756 17.221
v 2.0746 -0.46291 17.185
v 2.3863 -0.71669 17.192
v 2.3907 -0.71208 17.232
v 2.3657 -0.73722 17.25
v 2.3458 -0.75738 17.222
v 2.3585 -0.74469 17.186
v 1.6177 -0.16566 16.649
v 1.6356 -0.14333 16.631
v 1.653 -0.16023 16.607
v 1.6458 -0.19302 16.611
v 1.624 -0.19637 16.636
v 1.3126 -0.12563 16.393
v 1.3305 -0.1033 16.375
v 1.3479 -0.12021 16.352
v 1.3408 -0.15299 16.355
v 1.319 -0.15634 16.381
v 1.6618 -0.18195 16.63
v 1.6337 -0.19498 16.644
v 1.6077 -0.17586 16.634
v 1.6197 -0.15102 16.614
v 1.6532 -0.15478 16.612
v 1.6146 -0.4117 16.306
v 1.5865 -0.42473 16.32
v 1.5605 -0.40562 16.31
v 1.5725 -0.38077 16.29
v 1.606 -0.38454 16.288
v 2.1501 -0.36352 16.054
v 2.1357 -0.32504 16.07
v 2.1235 -0.3317 16.112
v 2.1303 -0.37429 16.122
v 2.1468 -0.39396 16.086
v 2.521 -0.27638 16.176
v 2.5066 -0.2379 16.192
v 2.4944 -0.24455 16.234
v 2.5012 -0.28715 16.244
v 2.5177 -0.30682 16.208
v 2.1216 -0.36804 16.108
v 2.1226 -0.33802 16.099
v 2.1439 -0.3352 16.076
v 2.156 -0.36348 16.071
v 2.1423 -0.38378 16.09
v 1.8384 -0.43733 15.834
v 1.8394 -0.4073 15.825
v 1.8607 -0.40448 15.803
v 1.8729 -0.43276 15.797
v 1.8591 -0.45306 15.816
v 1.0283 0.54514 15.935
v 1.0085 0.56923 15.951
v 0.97521 0.55907 15.948
v 0.9744 0.52871 15.931
v 1.0072 0.52009 15.923
v 1.0634 0.34819 16.282
v 1.0437 0.37228 16.297
v 1.0104 0.36213 16.295
v 1.0095 0.33176 16.278
v 1.0423 0.32315 16.269
v 1.0283 0.54514 15.935
v 1.0085 0.56923 15.951
v 0.97521 0.55907 15.948
v 0.9744 0.52871 15.931
v 1.0072 0.52009 15.923
v 1.0634 0.34819 16.282
v 1.0437 0.37228 16.297
v 1.0104 0.36213 16.295
v 1.0095 0.33176 16.278
v 1.0423 0.32315 16.269
v 1.4019 0.61291 17.016
v 1.3745 0.64196 16.998
v 1.3342 0.63372 17.013
v 1.3366 0.59957 17.04
v 1.3785 0.58671 17.042
v 1.4646 0.86242 17.322
v 1.4372 0.89148 17.304
v 1.3969 0.88323 17.319
v 1.3993 0.84908 17.346
v 1.4412 0.83622 17.348
v -0.75359 0.18769 16.319
v -0.7757 0.18496 16.347
v -0.80955 0.1874 16.335
v -0.80836 0.19164 16.299
v -0.77378 0.19182 16.289
v -0.76532 -0.20931 16.271
v -0.78743 -0.21204 16.299
v -0.82129 -0.2096 16.287
v -0.8201 -0.20536 16.252
v -0.78551 -0.20518 16.242
v -0.75491 0.19208 16.309
v -0.77193 0.21082 16.335
v -0.80591 0.19899 16.337
v -0.80988 0.17294 16.312
v -0.77836 0.16866 16.295
v -0.64621 -0.080535 16.581
v -0.66324 -0.06179 16.607
v -0.69721 -0.073619 16.609
v -0.70118 -0.099674 16.584
v -0.66966 -0.10395 16.567
v -0.65249 0.0079275 16.048
v -0.65662 0.038207 16.016
v -0.6744 0.01858 15.981
v -0.68126 -0.02383 15.991
v -0.66772 -0.030414 16.032
v -1.0183 0.098674 16.182
v -1.0225 0.12895 16.15
v -1.0402 0.10933 16.115
v -1.0471 0.066917 16.125
v -1.0336 0.060333 16.166
v -0.10024 0.11776 16.532
v -0.12431 0.1481 16.515
v -0.16438 0.1357 16.518
v -0.16506 0.097707 16.536
v -0.12542 0.086619 16.544
v -0.1294 0.28842 16.892
v -0.15347 0.31876 16.876
v -0.19354 0.30636 16.878
v -0.19422 0.26837 16.896
v -0.15459 0.25728 16.905
v -0.22881 -1.3231 16.911
v -0.26131 -1.2783 16.917
v -0.31416 -1.2956 16.92
v -0.31433 -1.3512 16.916
v -0.26158 -1.3682 16.91
v -0.19722 -1.3528 17.309
v -0.22971 -1.308 17.315
v -0.28256 -1.3253 17.318
v -0.28273 -1.3809 17.313
v -0.22998 -1.3979 17.308
v -0.2788 -1.3375 16.885
v -0.29041 -1.3011 16.894
v -0.28215 -1.2954 16.932
v -0.26545 -1.3282 16.946
v -0.26338 -1.3542 16.917
v 0.081922 -1.1961 16.785
v 0.07032 -1.1598 16.795
v 0.078574 -1.154 16.833
v 0.095277 -1.1869 16.847
v 0.097346 -1.2129 16.817
v -0.59394 -1.3557 16.571
v -0.59566 -1.34 16.532
v -0.62256 -1.3635 16.51
v -0.63746 -1.3937 16.535
v -0.61978 -1.3888 16.573
v -0.89452 -1.1156 16.681
v -0.89624 -1.0999 16.642
v -0.92314 -1.1234 16.619
v -0.93804 -1.1536 16.645
v -0.92036 -1.1488 16.682
v -0.59595 -1.3854 16.539
v -0.62458 -1.387 16.531
v -0.63842 -1.3628 16.541
v -0.61835 -1.3462 16.556
v -0.5921 -1.3602 16.554
v -0.51201 -1.1915 16.199
v -0.54063 -1.1932 16.191
v -0.55448 -1.1689 16.202
v -0.53441 -1.1524 16.216
v -0.50816 -1.1663 16.214
v -2.2337 0.034948 16.886
v -2.258 0.075559 16.876
v -2.2904 0.065132 16.841
v -2.2861 0.018076 16.83
v -2.251 -0.00057888 16.858
v -2.5038 -0.054976 17.167
v -2.5282 -0.014364 17.157
v -2.5606 -0.024792 17.122
v -2.5563 -0.071848 17.111
v -2.5212 -0.090503 17.139
v -2.2408 0.015335 16.866
v -2.2789 0.014792 16.877
v -2.2962 0.047188 16.862
v -2.2688 0.067754 16.842
v -2.2346 0.048067 16.845
v -2.3322 -0.18549 16.532
v -2.3703 -0.18604 16.543
v -2.3876 -0.15364 16.528
v -2.3602 -0.13307 16.509
v -2.326 -0.15276 16.511
v -1.9499 -0.24998 16.622
v -1.9697 -0.22487 16.652
v -2.0104 -0.24087 16.659
v -2.0159 -0.27586 16.632
v -1.9785 -0.28149 16.609
v -1.809 -0.49004 16.909
v -1.8287 -0.46494 16.94
v -1.8695 -0.48093 16.946
v -1.8749 -0.51592 16.92
v -1.8375 -0.52155 16.897
v -2.1337 0.77224 16.251
v -2.1653 0.78212 16.271
v -2.19 0.79761 16.246
v -2.1736 0.7973 16.211
v -2.1388 0.78162 16.215
v -2.2895 0.41063 16.181
v -2.3211 0.42051 16.2
v -2.3458 0.436 16.175
v -2.3294 0.43569 16.141
v -2.2946 0.42001 16.144
v -1.8707 0.98725 16.311
v -1.8855 0.98256 16.346
v -1.9229 0.97467 16.342
v -1.9311 0.97449 16.305
v -1.8989 0.98226 16.285
v -1.7865 0.59657 16.294
v -1.8013 0.59189 16.329
v -1.8386 0.584 16.325
v -1.8468 0.58382 16.288
v -1.8146 0.59159 16.269
v -1.2993 0.035744 16.341
v -1.3428 0.038573 16.353
v -1.3607 0.075735 16.334
v -1.3282 0.095873 16.31
v -1.2902 0.071158 16.314
v -1.4064 -0.18034 16.021
v -1.45 -0.17752 16.034
v -1.4678 -0.14035 16.015
v -1.4353 -0.12022 15.99
v -1.3974 -0.14493 15.994
v -2.017 1.4503 16.225
v -2.0418 1.4887 16.213
v -2.0819 1.4741 16.192
v -2.0818 1.4267 16.192
v -2.0417 1.412 16.212
v -2.199 1.4479 16.581
v -2.2238 1.4862 16.569
v -2.2639 1.4717 16.548
v -2.2639 1.4243 16.548
v -2.2237 1.4096 16.569
v -2.0403 1.4696 16.19
v -2.0306 1.4613 16.221
v -2.0517 1.4379 16.233
v -2.0743 1.4317 16.209
v -2.0673 1.4513 16.182
v -1.8037 1.1843 16.04
v -1.7941 1.176 16.071
v -1.8151 1.1525 16.082
v -1.8377 1.1463 16.058
v -1.8307 1.166 16.032
v -0.51908 -1.993 15.512
v -0.54209 -1.9835 15.48
v -0.58092 -1.9883 15.49
v -0.5819 -2.0008 15.529
v -0.54368 -2.0037 15.542
v -0.53244 -1.6127 15.635
v -0.55546 -1.6031 15.603
v -0.59428 -1.6079 15.613
v -0.59527 -1.6204 15.652
v -0.55705 -1.6234 15.665
v -0.51908 -1.993 15.512
v -0.54209 -1.9835 15.48
v -0.58092 -1.9883 15.49
v -0.5819 -2.0008 15.529
v -0.54368 -2.0037 15.542
v -0.53244 -1.6127 15.635
v -0.55546 -1.6031 15.603
v -0.59428 -1.6079 15.613
v -0.59527 -1.6204 15.652
v -0.55705 -1.6234 15.665
v 1.4928 1.636 16.414
v 1.4576 1.6796 16.4
v 1.4042 1.6654 16.416
v 1.4063 1.6131 16.441
v 1.4611 1.5949 16.439
v 1.5592 1.8041 16.771
v 1.5241 1.8477 16.757
v 1.4707 1.8335 16.773
v 1.4728 1.7812 16.798
v 1.5275 1.763 16.796
v 1.4841 1.6337 16.425
v 1.4528 1.6268 16.46
v 1.4098 1.6351 16.442
v 1.4147 1.6472 16.397
v 1.4606 1.6463 16.386
v 1.4528 1.2493 16.319
v 1.4215 1.2424 16.354
v 1.3785 1.2507 16.336
v 1.3833 1.2628 16.291
v 1.4293 1.2619 16.28
v 1.0447 -3.3422 16.786
v 1.0147 -3.3082 16.815
v 0.96309 -3.3235 16.811
v 0.96113 -3.367 16.779
v 1.0115 -3.3786 16.764
v 1.0889 -3.5786 17.106
v 1.059 -3.5445 17.135
v 1.0074 -3.5598 17.131
v 1.0054 -3.6034 17.099
v 1.0558 -3.615 17.083
v 1.0265 -3.3527 16.767
v 0.99911 -3.3183 16.764
v 0.97161 -3.3193 16.798
v 0.98201 -3.3542 16.823
v 1.0159 -3.3749 16.804
v 1.2822 -3.1278 16.977
v 1.2548 -3.0934 16.974
v 1.2273 -3.0943 17.008
v 1.2377 -3.1293 17.033
v 1.2716 -3.15 17.014
v 0.58874 -2.3157 16.058
v 0.58635 -2.3001 16.012
v 0.55377 -2.3269 15.989
v 0.53602 -2.359 16.02
v 0.55763 -2.352 16.063
v 0.30212 -2.0565 16.161
v 0.29974 -2.041 16.116
v 0.26715 -2.0678 16.093
v 0.2494 -2.0999 16.124
v 0.27101 -2.0929 16.166
v 1.2775 -3.5529 14.793
v 1.2437 -3.5357 14.799
v 1.2447 -3.5018 14.781
v 1.2791 -3.498 14.765
v 1.2993 -3.5296 14.772
v 1.138 -3.7234 14.46
v 1.1042 -3.7063 14.465
v 1.1052 -3.6724 14.447
v 1.1396 -3.6686 14.431
v 1.1599 -3.7001 14.439
v 1.2775 -3.5529 14.793
v 1.2437 -3.5357 14.799
v 1.2447 -3.5018 14.781
v 1.2791 -3.498 14.765
v 1.2993 -3.5296 14.772
v 1.138 -3.7234 14.46
v 1.1042 -3.7063 14.465
v 1.1052 -3.6724 14.447
v 1.1396 -3.6686 14.431
v 1.1599 -3.7001 14.439
v -1.6372 2.671 16.962
v -1.6614 2.705 16.94
v -1.7051 2.6888 16.932
v -1.7078 2.6448 16.949
v -1.6659 2.6338 16.968
v -1.7573 2.8153 17.316
v -1.7816 2.8494 17.293
v -1.8253 2.8332 17.285
v -1.828 2.7891 17.302
v -1.786 2.7781 17.321
v -1.4501 2.2082 16.802
v -1.4764 2.2364 16.825
v -1.5191 2.2255 16.816
v -1.5192 2.1906 16.788
v -1.4765 2.1798 16.779
v -1.4485 1.9577 17.114
v -1.4748 1.9859 17.137
v -1.5175 1.9751 17.128
v -1.5176 1.9401 17.1
v -1.4749 1.9293 17.091
v -1.2793 3.1214 15.95
v -1.3148 3.1138 15.918
v -1.357 3.1278 15.938
v -1.3476 3.144 15.983
v -1.2996 3.14 15.991
v -1.2258 3.4908 15.806
v -1.2614 3.4833 15.774
v -1.3036 3.4972 15.794
v -1.2942 3.5134 15.839
v -1.2461 3.5095 15.847
v -1.5597 2.352 15.611
v -1.5736 2.3849 15.639
v -1.6039 2.3667 15.668
v -1.6087 2.3227 15.658
v -1.5814 2.3136 15.622
v -1.264 2.2594 15.864
v -1.2779 2.2922 15.892
v -1.3082 2.274 15.921
v -1.313 2.23 15.91
v -1.2856 2.2209 15.875
v -1.8141 2.2155 15.222
v -1.8155 2.1872 15.186
v -1.8576 2.1691 15.183
v -1.8822 2.1862 15.218
v -1.8553 2.2149 15.242
v -1.9323 2.5183 14.989
v -1.9338 2.49 14.953
v -1.9759 2.4719 14.95
v -2.0005 2.489 14.985
v -1.9736 2.5177 15.009
v 0.36837 3.0113 15.479
v 0.34432 3.058 15.497
v 0.31286 3.0455 15.541
v 0.31746 2.9911 15.55
v 0.35177 2.9699 15.512
v 0.67927 3.0798 15.722
v 0.65522 3.1266 15.739
v 0.62375 3.1141 15.783
v 0.62835 3.0597 15.793
v 0.66266 3.0385 15.755
v -2.1204 0.96926 15.14
v -2.1518 0.99953 15.116
v -2.1977 0.9914 15.133
v -2.1948 0.9561 15.168
v -2.147 0.94242 15.172
v -2.0639 1.2506 15.418
v -2.0952 1.2809 15.394
v -2.1411 1.2728 15.412
v -2.1382 1.2375 15.447
v -2.0905 1.2238 15.451
v -1.8342 0.75297 14.949
v -1.8605 0.77888 14.932
v -1.8968 0.77344 14.949
v -1.893 0.74418 14.977
v -1.8544 0.73153 14.977
v -1.7428 1.0284 15.224
v -1.7691 1.0543 15.207
v -1.8054 1.0488 15.225
v -1.8016 1.0196 15.253
v -1.7629 1.0069 15.252
v -1.9909 -2.4518 16.852
v -2.0194 -2.4097 16.847
v -2.0593 -2.4212 16.817
v -2.0554 -2.4705 16.804
v -2.0131 -2.4894 16.825
v -2.2035 -2.5558 17.174
v -2.2321 -2.5137 17.169
v -2.2719 -2.5252 17.139
v -2.268 -2.5745 17.126
v -2.2257 -2.5934 17.148
v -1.9922 -2.4465 16.832
v -2.0148 -2.4372 16.798
v -2.0551 -2.4435 16.807
v -2.0574 -2.4567 16.846
v -2.0185 -2.4586 16.862
v -2.0231 -2.0676 16.956
v -2.0457 -2.0583 16.922
v -2.086 -2.0646 16.931
v -2.0883 -2.0778 16.971
v -2.0494 -2.0796 16.986
v -1.4686 -2.3893 16.558
v -1.4663 -2.3628 16.593
v -1.4798 -2.3856 16.628
v -1.4905 -2.4262 16.615
v -1.4836 -2.4285 16.572
v -1.0932 -2.5104 16.624
v -1.0908 -2.4839 16.659
v -1.1043 -2.5067 16.694
v -1.1151 -2.5472 16.681
v -1.1082 -2.5496 16.638
v -1.4518 -2.4033 16.596
v -1.4744 -2.4149 16.614
v -1.5016 -2.4038 16.604
v -1.4959 -2.3853 16.579
v -1.4651 -2.385 16.574
v -1.4878 -2.7168 16.35
v -1.5104 -2.7284 16.368
v -1.5376 -2.7172 16.358
v -1.5319 -2.6987 16.333
v -1.5011 -2.6984 16.328
v -1.262 -1.9128 15.73
v -1.2914 -1.8753 15.728
v -1.3018 -1.8627 15.773
v -1.2789 -1.8925 15.802
v -1.2543 -1.9235 15.775
v -0.94692 -1.6665 15.734
v -0.97627 -1.6289 15.732
v -0.98669 -1.6163 15.777
v -0.96379 -1.6461 15.806
v -0.93921 -1.6771 15.78
v -2.0845 -2.6664 15.047
v -2.076 -2.6652 15.09
v -2.1022 -2.6948 15.11
v -2.127 -2.7143 15.079
v -2.116 -2.6968 15.04
v -1.8037 -2.9474 15
v -1.7952 -2.9461 15.043
v -1.8214 -2.9757 15.063
v -1.8462 -2.9952 15.032
v -1.8352 -2.9777 14.993
v -1.5142 -2.7047 15.097
v -1.5532 -2.6957 15.072
v -1.5847 -2.6763 15.101
v -1.5652 -2.6732 15.144
v -1.5217 -2.6907 15.141
v -1.3733 -2.3415 15.006
v -1.4122 -2.3326 14.981
v -1.4437 -2.3131 15.01
v -1.4243 -2.31 15.053
v -1.3807 -2.3275 15.05
v 3.9996 1.0424 16.464
v 3.9671 1.0871 16.464
v 3.9198 1.0739 16.489
v 3.9231 1.0211 16.505
v 3.9724 1.0016 16.489
v 4.1557 1.1569 16.814
v 4.1232 1.2016 16.814
v 4.076 1.1884 16.839
v 4.0792 1.1356 16.855
v 4.1285 1.1161 16.839
v 3.4498 0.90417 16.317
v 3.4372 0.94412 16.294
v 3.4205 0.93165 16.251
v 3.4229 0.884 16.248
v 3.441 0.86701 16.289
v 3.0805 0.87453 16.468
v 3.0679 0.91448 16.445
v 3.0513 0.90201 16.402
v 3.0537 0.85436 16.399
v 3.0717 0.83737 16.44
v 4.2222 0.79434 15.275
v 4.2389 0.82095 15.294
v 4.2585 0.80545 15.32
v 4.254 0.76926 15.318
v 4.2315 0.76239 15.29
v 4.5366 0.77 15.029
v 4.5533 0.79661 15.047
v 4.573 0.7811 15.074
v 4.5684 0.74491 15.072
v 4.546 0.73805 15.044
v 4.2222 0.79434 15.275
v 4.2389 0.82095 15.294
v 4.2585 0.80545 15.32
v 4.254 0.76926 15.318
v 4.2315 0.76239 15.29
v 4.5366 0.77 15.029
v 4.5533 0.79661 15.047
v 4.573 0.7811 15.074
v 4.5684 0.74491 15.072
v 4.546 0.73805 15.044
v 3.4215 -1.0928 15.644
v 3.3931 -1.0529 15.643
v 3.3643 -1.0556 15.604
v 3.3749 -1.0971 15.58
v 3.4103 -1.1201 15.605
v 3.1446 -1.2859 15.859
v 3.1161 -1.246 15.858
v 3.0874 -1.2487 15.818
v 3.098 -1.2903 15.795
v 3.1334 -1.3133 15.82
v 3.4116 -1.0842 15.593
v 3.3981 -1.0558 15.607
v 3.3774 -1.066 15.633
v 3.378 -1.1006 15.634
v 3.3991 -1.1119 15.609
v 3.7205 -1.0692 15.846
v 3.7071 -1.0409 15.861
v 3.6863 -1.051 15.887
v 3.6869 -1.0856 15.888
v 3.7081 -1.0969 15.863
v 4.7875 0.35568 14.102
v 4.7571 0.40151 14.104
v 4.7519 0.41592 14.157
v 4.779 0.37901 14.187
v 4.801 0.34178 14.153
v 5.1194 0.5771 14.074
v 5.0891 0.62292 14.077
v 5.0838 0.63734 14.129
v 5.111 0.60043 14.16
v 5.133 0.5632 14.126
v 3.8413 -0.58192 14.517
v 3.7987 -0.57998 14.496
v 3.7708 -0.55095 14.521
v 3.7962 -0.53494 14.558
v 3.8397 -0.55408 14.555
v 3.9651 -0.2709 14.298
v 3.9225 -0.26896 14.277
v 3.8946 -0.23993 14.302
v 3.9199 -0.22392 14.339
v 3.9635 -0.24306 14.336
v 3.9594 2.2031 14.911
v 3.929 2.2348 14.894
v 3.8877 2.2285 14.916
v 3.8927 2.1929 14.947
v 3.937 2.1772 14.944
v 4.0707 2.4612 15.196
v 4.0403 2.493 15.179
v 3.9991 2.4867 15.201
v 4.004 2.451 15.231
v 4.0483 2.4353 15.228
v 3.9372 2.2291 14.931
v 3.9469 2.204 14.911
v 3.921 2.1834 14.907
v 3.8953 2.1958 14.924
v 3.9053 2.2241 14.939
v 3.8211 2.4358 14.608
v 3.8307 2.4107 14.589
v 3.8049 2.3901 14.585
v 3.7792 2.4025 14.602
v 3.7892 2.4308 14.617
v 3.7666 1.8878 14.945
v 3.799 1.8887 14.92
v 3.8019 1.8524 14.902
v 3.7713 1.829 14.915
v 3.7495 1.8509 14.942
v 3.5351 2.0195 14.647
v 3.5675 2.0204 14.622
v 3.5704 1.9841 14.604
v 3.5398 1.9607 14.617
v 3.518 1.9826 14.644
v 3.7014 1.7443 14.294
v 3.6586 1.7576 14.283
v 3.6485 1.7956 14.308
v 3.6851 1.8057 14.334
v 3.7178 1.7741 14.326
v 3.8494 1.9724 14.001
v 3.8065 1.9857 13.99
v 3.7964 2.0236 14.014
v 3.833 2.0338 14.041
v 3.8658 2.0022 14.032
v -4.5216 0.53352 16.332
v -4.5566 0.5828 16.329
v -4.609 0.56702 16.303
v -4.6064 0.508 16.29
v -4.5524 0.4873 16.308
v -4.6732 0.4476 16.692
v -4.7082 0.49687 16.689
v -4.7606 0.4811 16.663
v -4.758 0.42207 16.65
v -4.704 0.40137 16.668
v -3.9775 1.2323 16.039
v -4.0085 1.2559 16.006
v -4.0569 1.2482 16.021
v -4.0558 1.2199 16.064
v -4.0067 1.2101 16.075
v -3.9611 1.566 16.259
v -3.9922 1.5895 16.226
v -4.0406 1.5818 16.241
v -4.0394 1.5535 16.284
v -3.9903 1.5437 16.295
v -3.9651 1.1622 16.1
v -4.0038 1.1673 16.115
v -4.0227 1.1972 16.092
v -3.9957 1.2105 16.063
v -3.9601 1.1889 16.068
v -4.1011 0.88435 15.846
v -4.1399 0.88947 15.861
v -4.1588 0.91931 15.839
v -4.1317 0.93263 15.81
v -4.0961 0.91103 15.814
v 5.6666 -1.1454 15.099
v 5.635 -1.0914 15.118
v 5.5871 -1.1096 15.159
v 5.5891 -1.1749 15.165
v 5.6382 -1.197 15.127
v 5.9174 -1.1106 15.408
v 5.8858 -1.0566 15.428
v 5.8379 -1.0749 15.469
v 5.8399 -1.1401 15.474
v 5.8891 -1.1622 15.437
v 5.1633 -1.8699 14.674
v 5.1393 -1.8628 14.718
v 5.0901 -1.8731 14.711
v 5.0836 -1.8866 14.662
v 5.1288 -1.8846 14.639
v 5.2297 -2.2522 14.77
v 5.2058 -2.2452 14.815
v 5.1565 -2.2555 14.808
v 5.15 -2.2689 14.759
v 5.1953 -2.2669 14.736
v 5.1328 1.069 11.97
v 5.1275 1.1252 12.006
v 5.1248 1.108 12.071
v 5.1285 1.0411 12.074
v 5.1334 1.017 12.012
v 5.5315 1.092 11.992
v 5.5262 1.1483 12.028
v 5.5235 1.1311 12.093
v 5.5272 1.0642 12.097
v 5.5321 1.04 12.034
v 0.64827 4.9866 16.142
v 0.61245 5.0329 16.134
v 0.55879 5.0184 16.154
v 0.56145 4.963 16.175
v 0.61676 4.9434 16.167
v 0.74646 5.1263 16.504
v 0.71064 5.1727 16.496
v 0.65698 5.1581 16.516
v 0.65964 5.1027 16.536
v 0.71495 5.0831 16.529
v 0.63382 5.0042 16.138
v 0.6247 4.9999 16.185
v 0.58081 4.9804 16.19
v 0.56281 4.9725 16.146
v 0.59557 4.9872 16.113
v 0.79642 4.6387 16.136
v 0.7873 4.6345 16.184
v 0.74342 4.6149 16.189
v 0.72542 4.6071 16.144
v 0.75818 4.6218 16.112
v 2.0008 5.6204 13.945
v 1.9566 5.6591 13.932
v 1.9358 5.6812 13.984
v 1.9672 5.6562 14.029
v 2.0073 5.6187 14.005
v 2.2671 5.9182 13.924
v 2.2229 5.9568 13.912
v 2.2022 5.979 13.964
v 2.2335 5.954 14.008
v 2.2737 5.9164 13.984
v -1.4122 3.8261 14.389
v -1.4016 3.8265 14.34
v -1.4313 3.7924 14.317
v -1.4602 3.7708 14.353
v -1.4485 3.7917 14.397
v -1.6916 4.1066 14.332
v -1.681 4.107 14.282
v -1.7106 4.0728 14.26
v -1.7396 4.0513 14.295
v -1.7278 4.0721 14.34
v -1.1962 5.9122 13.438
v -1.2265 5.9401 13.406
v -1.2758 5.9292 13.418
v -1.276 5.8945 13.456
v -1.2268 5.884 13.469
v -1.2 6.2092 13.706
v -1.2303 6.2371 13.674
v -1.2796 6.2262 13.686
v -1.2798 6.1915 13.724
v -1.2306 6.181 13.736
v -1.246 5.9346 13.458
v -1.2205 5.9354 13.432
v -1.2224 5.9038 13.413
v -1.249 5.8835 13.428
v -1.2636 5.9026 13.456
v -1.511 6.0975 13.207
v -1.4855 6.0982 13.18
v -1.4874 6.0667 13.162
v -1.514 6.0464 13.177
v -1.5286 6.0654 13.204
v -1.7422 5.1292 12.71
v -1.745 5.175 12.693
v -1.7249 5.1754 12.648
v -1.7097 5.1298 12.638
v -1.7204 5.1012 12.676
v -2.0991 5.046 12.55
v -2.1019 5.0918 12.533
v -2.0819 5.0922 12.488
v -2.0667 5.0466 12.478
v -2.0773 5.018 12.516
v 3.9875 4.4522 13.645
v 3.9387 4.4857 13.627
v 3.9148 4.513 13.677
v 3.9489 4.4963 13.726
v 3.9938 4.4588 13.706
v 4.2256 4.7682 13.586
v 4.1768 4.8017 13.568
v 4.1529 4.829 13.619
v 4.187 4.8124 13.667
v 4.2319 4.7748 13.647
v 3.9512 4.4943 13.642
v 3.9675 4.5168 13.676
v 3.969 4.4901 13.71
v 3.9535 4.4511 13.698
v 3.9426 4.4537 13.656
v 4.3207 4.3808 13.539
v 4.337 4.4033 13.573
v 4.3384 4.3765 13.607
v 4.323 4.3375 13.595
v 4.312 4.3402 13.553
v 3.1206 3.5395 13.663
v 3.0844 3.5856 13.667
v 3.0481 3.5841 13.621
v 3.0617 3.537 13.589
v 3.1065 3.5095 13.615
v 2.8624 3.3191 13.875
v 2.8263 3.3652 13.878
v 2.7899 3.3637 13.832
v 2.8035 3.3166 13.8
v 2.8483 3.2891 13.826
v -1.7704 -4.4131 14.954
v -1.7982 -4.3939 14.996
v -1.8503 -4.4064 14.989
v -1.8547 -4.4333 14.942
v -1.8053 -4.4374 14.92
v -1.7147 -4.7586 15.147
v -1.7425 -4.7395 15.19
v -1.7946 -4.7519 15.182
v -1.799 -4.7788 15.136
v -1.7496 -4.7829 15.114
v -1.5829 -3.7601 14.748
v -1.6183 -3.7211 14.736
v -1.6587 -3.7237 14.772
v -1.6482 -3.7643 14.806
v -1.6013 -3.7868 14.791
v -1.3861 -3.5076 14.988
v -1.4216 -3.4686 14.976
v -1.4619 -3.4712 15.012
v -1.4514 -3.5118 15.046
v -1.4046 -3.5343 15.031
v -4.0493 4.1997 15.469
v -4.0867 4.2446 15.446
v -4.1461 4.2282 15.458
v -4.1455 4.1733 15.488
v -4.0856 4.1557 15.495
v -4.0331 4.3933 15.819
v -4.0705 4.4381 15.796
v -4.13 4.4218 15.808
v -4.1293 4.3668 15.838
v -4.0694 4.3492 15.845
v 0.011668 -0.067201 18.799
v -0.018898 -0.02508 18.797
v -0.068372 -0.041183 18.795
v -0.068384 -0.093256 18.796
v -0.018916 -0.10934 18.798
v -0.0073501 -0.063457 19.199
v -0.037915 -0.021335 19.197
v -0.08739 -0.037438 19.195
v -0.087402 -0.089511 19.195
v -0.037934 -0.10559 19.198
v -0.052839 -0.073884 18.82
v -0.045187 -0.040304 18.807
v -0.020113 -0.043909 18.78
v -0.012269 -0.079717 18.777
v -0.032495 -0.098243 18.801
v -0.34577 -0.11178 18.55
v -0.33812 -0.078196 18.537
v -0.31305 -0.081802 18.51
v -0.3052 -0.11761 18.507
v -0.32543 -0.13614 18.532
v 0.28762 0.036113 18.125
v 0.26731 0.067692 18.136
v 0.2338 0.055156 18.153
v 0.2334 0.015829 18.151
v 0.26666 0.0040593 18.134
v 0.46863 0.019007 18.481
v 0.44832 0.050587 18.493
v 0.41481 0.038051 18.509
v 0.41441 -0.0012765 18.507
v 0.44767 -0.013046 18.49
v 0.26385 0.037971 18.163
v 0.26174 0.058708 18.144
v 0.25412 0.047745 18.12
v 0.25153 0.020233 18.123
v 0.25755 0.014193 18.15
v -0.12088 0.086136 18.261
v -0.12299 0.10687 18.242
v -0.13061 0.09591 18.218
v -0.1332 0.068398 18.221
v -0.12718 0.062358 18.248
v 0.28119 -0.16123 17.64
v 0.26476 -0.14329 17.603
v 0.22475 -0.15989 17.597
v 0.21645 -0.18811 17.63
v 0.25134 -0.18893 17.656
v 0.12337 0.13516 17.857
v 0.10694 0.15311 17.821
v 0.06693 0.1365 17.814
v 0.058634 0.10829 17.847
v 0.093518 0.10746 17.873
v 0.070302 -0.18414 17.478
v 0.06035 -0.17664 17.512
v 0.028156 -0.19119 17.517
v 0.018211 -0.20769 17.487
v 0.044258 -0.20333 17.463
v 0.24433 -0.52112 17.605
v 0.23438 -0.51362 17.639
v 0.20219 -0.52817 17.644
v 0.19224 -0.54467 17.614
v 0.21829 -0.54031 17.59
v 0.78764 -0.53934 17.543
v 0.76821 -0.5246 17.576
v 0.72854 -0.53621 17.574
v 0.72345 -0.55812 17.54
v 0.75998 -0.56005 17.52
v 0.87539 -0.87508 17.742
v 0.85596 -0.86034 17.775
v 0.8163 -0.87196 17.773
v 0.81121 -0.89387 17.739
v 0.84773 -0.8958 17.719
v 0.76754 -0.54838 17.571
v 0.7534 -0.52339 17.565
v 0.73948 -0.52641 17.54
v 0.74503 -0.55328 17.529
v 0.76237 -0.56686 17.549
v 0.44536 -0.68766 17.763
v 0.43121 -0.66267 17.757
v 0.4173 -0.66569 17.731
v 0.42285 -0.69256 17.721
v 0.44019 -0.70614 17.741
v 0.78516 -0.55017 17.415
v 0.75697 -0.54739 17.393
v 0.72911 -0.53554 17.412
v 0.7401 -0.53099 17.446
v 0.77474 -0.54003 17.448
v 0.88778 -0.17282 17.331
v 0.85958 -0.17005 17.309
v 0.83173 -0.1582 17.328
v 0.84271 -0.15364 17.362
v 0.87735 -0.16268 17.364
v 0.66301 0.012669 17.478
v 0.69207 0.011633 17.503
v 0.69153 -0.022511 17.52
v 0.66215 -0.042577 17.506
v 0.64452 -0.020835 17.48
v 0.90199 -0.13577 17.193
v 0.93105 -0.1368 17.218
v 0.93051 -0.17095 17.236
v 0.90113 -0.19101 17.221
v 0.8835 -0.16927 17.195
v 0.16354 0.084181 17.31
v 0.13406 0.10921 17.326
v 0.10293 0.11169 17.299
v 0.11317 0.088194 17.266
v 0.15063 0.071196 17.273
v -0.013271 -0.2318 17.48
v -0.042752 -0.20677 17.496
v -0.073884 -0.20429 17.469
v -0.063644 -0.22778 17.436
v -0.026182 -0.24478 17.443
v 0.15731 0.091997 17.289
v 0.13957 0.11542 17.286
v 0.11256 0.10771 17.295
v 0.11361 0.079524 17.304
v 0.14127 0.069814 17.3
v 0.24925 0.21138 17.659
v 0.2315 0.2348 17.656
v 0.2045 0.22709 17.666
v 0.20555 0.19891 17.674
v 0.23321 0.1892 17.671
v 0.094439 -0.085065 17.389
v 0.091573 -0.073471 17.355
v 0.065973 -0.09313 17.339
v 0.053017 -0.11688 17.363
v 0.07061 -0.11189 17.394
v -0.18217 0.18069 17.503
v -0.18504 0.19229 17.468
v -0.21064 0.17263 17.452
v -0.22359 0.14888 17.476
v -0.206 0.15387 17.507
v 0.047381 0.39838 17.223
v 0.067402 0.3918 17.256
v 0.052807 0.36018 17.273
v 0.023766 0.34721 17.251
v 0.020412 0.37082 17.22
v 0.30454 0.17057 17.019
v 0.32456 0.16399 17.051
v 0.30996 0.13237 17.068
v 0.28092 0.1194 17.046
v 0.27757 0.14301 17.015
v -0.36278 -0.6339 17.193
v -0.37094 -0.59793 17.209
v -0.36954 -0.60106 17.249
v -0.36052 -0.63896 17.258
v -0.35634 -0.65925 17.223
v 0.026636 -0.54273 17.187
v 0.018475 -0.50676 17.202
v 0.019873 -0.50989 17.242
v 0.028898 -0.54779 17.251
v 0.033078 -0.56808 17.217
v -1.2047 -0.20912 17.95
v -1.226 -0.17719 17.932
v -1.2637 -0.19184 17.92
v -1.2658 -0.23282 17.93
v -1.2293 -0.2435 17.949
v -1.3577 -0.11146 18.307
v -1.379 -0.079534 18.289
v -1.4167 -0.094185 18.276
v -1.4188 -0.13516 18.287
v -1.3823 -0.14584 18.305
v -1.2231 -0.19816 17.92
v -1.2212 -0.19721 17.95
v -1.2424 -0.21518 17.961
v -1.2573 -0.22723 17.938
v -1.2455 -0.21671 17.913
v -0.96624 -0.5047 17.913
v -0.96434 -0.50375 17.943
v -0.98549 -0.52172 17.954
v -1.0005 -0.53377 17.931
v -0.98857 -0.52325 17.906
v -1.0071 -0.37912 17.212
v -1.0284 -0.34936 17.21
v -1.0619 -0.36011 17.2
v -1.0614 -0.39653 17.195
v -1.0275 -0.40828 17.203
v -1.108 -0.4235 17.596
v -1.1293 -0.39373 17.594
v -1.1628 -0.40448 17.584
v -1.1623 -0.4409 17.58
v -1.1284 -0.45265 17.588
v -0.95317 0.40622 17.347
v -0.97253 0.43488 17.324
v -1.0097 0.41971 17.313
v -1.0133 0.38167 17.329
v -0.97834 0.37333 17.35
v -1.1139 0.56348 17.678
v -1.1332 0.59214 17.655
v -1.1704 0.57697 17.644
v -1.1739 0.53893 17.66
v -1.139 0.5306 17.681
v -0.56177 -0.28364 18.014
v -0.59163 -0.27841 18.041
v -0.62526 -0.26973 18.02
v -0.61619 -0.2696 17.981
v -0.57695 -0.27819 17.977
v -0.64917 -0.67338 17.993
v -0.67903 -0.66815 18.019
v -0.71266 -0.65948 17.999
v -0.70359 -0.65934 17.96
v -0.66435 -0.66793 17.956
v -0.23859 0.14368 17.518
v -0.27162 0.14097 17.493
v -0.3036 0.1576 17.513
v -0.29033 0.1706 17.55
v -0.25015 0.162 17.553
v -0.15115 0.50069 17.36
v -0.18418 0.49797 17.336
v -0.21616 0.51461 17.356
v -0.20289 0.52761 17.392
v -0.16271 0.519 17.395
v -0.10685 0.48461 16.604
v -0.12709 0.5128 16.605
v -0.15389 0.50635 16.626
v -0.15022 0.47417 16.638
v -0.12114 0.46074 16.625
v 0.10193 0.62846 16.913
v 0.081688 0.65665 16.914
v 0.054885 0.6502 16.935
v 0.058559 0.61802 16.948
v 0.087631 0.60459 16.934
v -0.10685 0.48461 16.604
v -0.12709 0.5128 16.605
v -0.15389 0.50635 16.626
v -0.15022 0.47417 16.638
v -0.12114 0.46074 16.625
v 0.10193 0.62846 16.913
v 0.081688 0.65665 16.914
v 0.054885 0.6502 16.935
v 0.058559 0.61802 16.948
v 0.087631 0.60459 16.934
v 0.012011 -0.2566 17.192
v -0.019138 -0.23139 17.191
v -0.0051663 -0.19425 17.197
v 0.034617 -0.1965 17.201
v 0.045234 -0.23503 17.198
v 0.056893 -0.21392 16.797
v 0.025744 -0.18872 16.796
v 0.039715 -0.15158 16.802
v 0.079499 -0.15382 16.806
v 0.090116 -0.19235 16.803
v 0.3678 0.37079 16.408
v 0.32888 0.38057 16.401
v 0.32191 0.41751 16.417
v 0.35651 0.43056 16.434
v 0.38487 0.40168 16.429
v 0.4765 0.53997 16.062
v 0.43759 0.54975 16.055
v 0.43061 0.58669 16.071
v 0.46522 0.59974 16.088
v 0.49358 0.57086 16.083
v 0.097396 -0.16514 16.248
v 0.067646 -0.16106 16.22
v 0.031812 -0.15368 16.239
v 0.039414 -0.15321 16.28
v 0.079947 -0.1603 16.286
v 0.16858 0.22807 16.23
v 0.13883 0.23216 16.202
v 0.103 0.23953 16.221
v 0.1106 0.24 16.262
v 0.15113 0.23292 16.268
v 0.12145 1.4235 17.604
v 0.095617 1.4566 17.593
v 0.054565 1.4445 17.6
v 0.055026 1.404 17.616
v 0.096362 1.391 17.618
v 0.14449 1.5659 17.977
v 0.11866 1.599 17.966
v 0.077611 1.5869 17.974
v 0.078071 1.5464 17.989
v 0.11941 1.5334 17.991
v 0.093325 1.4157 17.63
v 0.079518 1.4425 17.624
v 0.072739 1.4436 17.594
v 0.082357 1.4175 17.581
v 0.09508 1.4002 17.603
v -0.26222 1.2483 17.704
v -0.27602 1.2752 17.699
v -0.2828 1.2762 17.669
v -0.27318 1.2501 17.656
v -0.26046 1.2328 17.678
v -0.11982 1.1045 17.2
v -0.13676 1.1345 17.185
v -0.16514 1.1223 17.163
v -0.16574 1.0848 17.165
v -0.13774 1.0737 17.188
v -0.36556 1.1233 17.515
v -0.38249 1.1533 17.5
v -0.41087 1.1411 17.478
v -0.41148 1.1036 17.48
v -0.38347 1.0926 17.503
v -0.40081 1.3834 16.754
v -0.40079 1.4063 16.72
v -0.41895 1.3844 16.69
v -0.4302 1.3479 16.706
v -0.41898 1.3473 16.746
v -0.75561 1.5373 16.857
v -0.75559 1.5602 16.822
v -0.77375 1.5382 16.792
v -0.785 1.5018 16.808
v -0.77378 1.5012 16.848
v 2.266 -0.58745 17.548
v 2.2415 -0.5513 17.57
v 2.1973 -0.56829 17.582
v 2.1946 -0.61495 17.568
v 2.2371 -0.62679 17.547
v 2.4096 -0.70416 17.903
v 2.385 -0.66801 17.925
v 2.3409 -0.68501 17.937
v 2.3382 -0.73166 17.923
v 2.3806 -0.7435 17.902
v 2.352 -0.75659 17.234
v 2.3421 -0.71821 17.23
v 2.37 -0.70112 17.207
v 2.397 -0.72893 17.197
v 2.3859 -0.76321 17.215
v 2.1411 -0.85089 16.908
v 2.1313 -0.81251 16.903
v 2.1592 -0.79542 16.88
v 2.1862 -0.82323 16.871
v 2.175 -0.85751 16.888
v 2.5458 -0.27049 16.211
v 2.5198 -0.23707 16.198
v 2.4778 -0.24993 16.203
v 2.4777 -0.2913 16.218
v 2.5197 -0.304 16.224
v 2.5417 -0.12948 16.586
v 2.5158 -0.096063 16.573
v 2.4738 -0.10892 16.577
v 2.4737 -0.15029 16.593
v 2.5157 -0.16299 16.598
v -0.20579 -1.3526 17.311
v -0.23212 -1.321 17.331
v -0.27548 -1.3336 17.325
v -0.27594 -1.373 17.302
v -0.23287 -1.3847 17.294
v -0.19063 -1.5534 17.657
v -0.21696 -1.5219 17.676
v -0.26031 -1.5345 17.671
v -0.26078 -1.5738 17.648
v -0.21771 -1.5855 17.639
v -0.23064 -1.3684 17.295
v -0.25481 -1.3483 17.288
v -0.26465 -1.3347 17.315
v -0.24656 -1.3463 17.339
v -0.22554 -1.3671 17.326
v 0.031306 -1.0709 17.241
v 0.0071349 -1.0509 17.234
v -0.0027014 -1.0373 17.261
v 0.015391 -1.0489 17.285
v 0.036408 -1.0697 17.272
v 0.11426 -1.1857 16.831
v 0.090286 -1.1546 16.834
v 0.058576 -1.1613 16.811
v 0.062952 -1.1965 16.794
v 0.097366 -1.2116 16.806
v -0.068311 -1.3587 17.142
v -0.092284 -1.3277 17.145
v -0.12399 -1.3344 17.122
v -0.11962 -1.3696 17.105
v -0.085204 -1.3847 17.117
v -0.88264 -1.1227 16.638
v -0.89932 -1.0999 16.669
v -0.93692 -1.1163 16.679
v -0.94349 -1.1492 16.653
v -0.90994 -1.1532 16.628
v -0.71007 -1.3641 16.906
v -0.72675 -1.3413 16.938
v -0.76435 -1.3578 16.947
v -0.77091 -1.3907 16.922
v -0.73736 -1.3946 16.897
v -2.5029 -0.054044 17.166
v -2.527 -0.013619 17.155
v -2.5608 -0.025262 17.122
v -2.5576 -0.072884 17.113
v -2.5218 -0.090672 17.141
v -2.7644 -0.1248 17.461
v -2.7885 -0.084371 17.449
v -2.8223 -0.096015 17.416
v -2.819 -0.14364 17.407
v -2.7833 -0.16142 17.435
v -2.3216 -0.16425 16.526
v -2.3468 -0.18515 16.548
v -2.3836 -0.17434 16.538
v -2.3812 -0.14675 16.51
v -2.3429 -0.14051 16.502
v -2.3319 -0.45013 16.246
v -2.357 -0.47103 16.268
v -2.3939 -0.46022 16.259
v -2.3915 -0.43263 16.23
v -2.3531 -0.42639 16.222
v -1.8168 -0.4935 16.896
v -1.8344 -0.45862 16.917
v -1.8652 -0.47356 16.945
v -1.8666 -0.51768 16.942
v -1.8367 -0.53 16.911
v -1.5397 -0.52433 17.183
v -1.5573 -0.48945 17.204
v -1.5881 -0.50439 17.232
v -1.5894 -0.54851 17.228
v -1.5595 -0.56083 17.198
v -2.196 1.4484 16.574
v -2.2224 1.4863 16.563
v -2.266 1.4712 16.552
v -2.2665 1.424 16.556
v -2.2233 1.4099 16.57
v -2.3034 1.4802 16.958
v -2.3298 1.5181 16.947
v -2.3734 1.503 16.936
v -2.3739 1.4558 16.94
v -2.3307 1.4417 16.954
v 1.5596 1.8038 16.774
v 1.5239 1.8379 16.744
v 1.4701 1.8278 16.762
v 1.4726 1.7875 16.804
v 1.528 1.7726 16.811
v 1.6008 2.0895 17.051
v 1.5651 2.1235 17.021
v 1.5113 2.1135 17.039
v 1.5138 2.0732 17.08
v 1.5692 2.0583 17.088
v 1.4418 1.2684 16.34
v 1.4362 1.2773 16.294
v 1.3987 1.2532 16.279
v 1.381 1.2294 16.315
v 1.4077 1.2388 16.353
v 1.2065 1.5794 16.428
v 1.2009 1.5883 16.382
v 1.1633 1.5642 16.367
v 1.1457 1.5404 16.404
v 1.1723 1.5498 16.442
v 1.0891 -3.579 17.107
v 1.0587 -3.5467 17.138
v 1.007 -3.5608 17.131
v 1.0055 -3.6018 17.096
v 1.0563 -3.613 17.081
v 1.1189 -3.8395 17.409
v 1.0884 -3.8072 17.44
v 1.0368 -3.8213 17.433
v 1.0353 -3.8623 17.398
v 1.086 -3.8735 17.383
v 1.2757 -3.1262 16.971
v 1.2543 -3.0885 16.979
v 1.2335 -3.0929 17.018
v 1.242 -3.1333 17.033
v 1.2681 -3.1539 17.004
v 1.5983 -2.985 17.16
v 1.5769 -2.9473 17.169
v 1.5561 -2.9517 17.207
v 1.5647 -2.9921 17.223
v 1.5907 -3.0126 17.194
v -1.7563 2.8154 17.312
v -1.7812 2.8461 17.286
v -1.826 2.831 17.284
v -1.8289 2.7911 17.309
v -1.7858 2.7815 17.326
v -1.8382 3.0284 17.64
v -1.8631 3.059 17.614
v -1.9079 3.044 17.613
v -1.9108 3.004 17.638
v -1.8677 2.9944 17.655
v -1.7686 2.8056 17.299
v -1.7944 2.8011 17.278
v -1.8219 2.8131 17.292
v -1.8131 2.825 17.322
v -1.7802 2.8203 17.326
v -1.6993 3.1646 17.136
v -1.7251 3.1601 17.115
v -1.7526 3.1721 17.13
v -1.7438 3.184 17.16
v -1.7109 3.1793 17.164
v -1.4514 1.9627 17.101
v -1.4709 1.9868 17.133
v -1.5123 1.9706 17.139
v -1.5183 1.9364 17.111
v -1.4806 1.9316 17.087
v -1.3093 1.7088 17.375
v -1.3289 1.7329 17.407
v -1.3702 1.7167 17.414
v -1.3762 1.6825 17.385
v -1.3386 1.6777 17.361
v -1.2346 3.4948 15.839
v -1.2603 3.5356 15.83
v -1.2942 3.5255 15.797
v -1.2895 3.4786 15.784
v -1.2527 3.4596 15.81
v -1.4913 3.3919 16.128
v -1.517 3.4326 16.119
v -1.5509 3.4226 16.086
v -1.5462 3.3756 16.073
v -1.5094 3.3566 16.099
v 0.67927 3.0798 15.722
v 0.65522 3.1266 15.739
v 0.62375 3.1141 15.783
v 0.62835 3.0597 15.793
v 0.66266 3.0385 15.755
v 0.99016 3.1484 15.964
v 0.96612 3.1951 15.981
v 0.93465 3.1827 16.025
v 0.93925 3.1283 16.035
v 0.97356 3.1071 15.997
v -2.0679 1.2668 15.438
v -2.0811 1.2583 15.39
v -2.1284 1.2426 15.39
v -2.1445 1.2415 15.437
v -2.1071 1.2564 15.467
v -2.1931 1.6453 15.405
v -2.2062 1.6368 15.357
v -2.2535 1.6211 15.357
v -2.2696 1.6199 15.404
v -2.2322 1.6349 15.434
v -2.2047 -2.558 17.176
v -2.2345 -2.5165 17.175
v -2.2723 -2.5247 17.141
v -2.2658 -2.5714 17.121
v -2.224 -2.592 17.143
v -2.43 -2.7141 17.467
v -2.4599 -2.6725 17.466
v -2.4976 -2.6807 17.433
v -2.4911 -2.7274 17.413
v -2.4493 -2.748 17.434
v -2.0256 -2.0749 16.941
v -2.0534 -2.0474 16.926
v -2.0882 -2.0506 16.949
v -2.082 -2.08 16.978
v -2.0433 -2.095 16.973
v -1.8856 -1.7972 17.192
v -1.9134 -1.7698 17.178
v -1.9482 -1.7729 17.2
v -1.942 -1.8024 17.229
v -1.9033 -1.8174 17.224
v -1.0668 -2.5153 16.648
v -1.0873 -2.4915 16.679
v -1.1285 -2.5065 16.683
v -1.1336 -2.5396 16.654
v -1.0954 -2.545 16.633
v -0.94748 -2.7756 16.927
v -0.96794 -2.7518 16.958
v -1.0092 -2.7668 16.962
v -1.0142 -2.7999 16.933
v -0.97609 -2.8053 16.912
v 4.1568 1.1572 16.816
v 4.1238 1.2014 16.813
v 4.0752 1.188 16.836
v 4.0782 1.1356 16.853
v 4.1286 1.1165 16.841
v 4.2897 1.2814 17.173
v 4.2566 1.3256 17.17
v 4.2081 1.3122 17.192
v 4.2111 1.2598 17.21
v 4.2615 1.2407 17.197
v 3.073 0.8941 16.467
v 3.0842 0.91172 16.424
v 3.0689 0.88074 16.391
v 3.0482 0.84397 16.413
v 3.0508 0.85223 16.46
v 2.7208 1.0832 16.453
v 2.732 1.1008 16.41
v 2.7166 1.0698 16.377
v 2.696 1.033 16.399
v 2.6986 1.0413 16.446
v 3.1269 -1.293 15.867
v 3.1039 -1.2503 15.86
v 3.0975 -1.2442 15.811
v 3.1166 -1.2833 15.789
v 3.1347 -1.3134 15.823
v 2.7735 -1.4789 15.89
v 2.7505 -1.4362 15.883
v 2.7441 -1.4302 15.835
v 2.7632 -1.4692 15.812
v 2.7813 -1.4993 15.846
v 5.1112 0.57945 14.071
v 5.0887 0.62875 14.081
v 5.0919 0.63859 14.135
v 5.1163 0.59538 14.159
v 5.1282 0.55882 14.12
v 5.4682 0.75226 14.019
v 5.4457 0.80155 14.029
v 5.4488 0.8114 14.083
v 5.4732 0.76819 14.107
v 5.4852 0.73163 14.067
v 4.0522 2.4788 15.175
v 4.0513 2.4993 15.217
v 4.0244 2.473 15.245
v 4.0086 2.4363 15.22
v 4.0259 2.4399 15.177
v 4.3736 2.2672 15.284
v 4.3727 2.2877 15.326
v 4.3458 2.2614 15.355
v 4.33 2.2246 15.33
v 4.3473 2.2282 15.286
v -4.6762 0.44698 16.698
v -4.7097 0.49677 16.691
v -4.7585 0.48165 16.658
v -4.7552 0.42252 16.646
v -4.7043 0.40109 16.671
v -4.8751 0.36565 17.036
v -4.9086 0.41544 17.028
v -4.9574 0.40033 16.996
v -4.9541 0.34119 16.983
v -4.9032 0.31976 17.008
v -3.9611 1.5658 16.259
v -3.9923 1.5891 16.226
v -4.0407 1.5817 16.241
v -4.0393 1.5539 16.284
v -3.9902 1.5441 16.296
v -3.9424 1.9019 16.475
v -3.9736 1.9251 16.442
v -4.0219 1.9178 16.457
v -4.0206 1.89 16.501
v -3.9715 1.8802 16.512
v 5.9195 -1.1129 15.411
v 5.8843 -1.0586 15.421
v 5.8349 -1.0738 15.462
v 5.8396 -1.1375 15.477
v 5.8919 -1.1617 15.445
v 6.1493 -1.0235 15.726
v 6.1141 -0.96913 15.736
v 6.0647 -0.98434 15.777
v 6.0694 -1.0481 15.791
v 6.1217 -1.0722 15.76
v 0.74704 5.1264 16.506
v 0.71089 5.1712 16.493
v 0.65655 5.1571 16.512
v 0.65913 5.1035 16.536
v 0.71505 5.0845 16.533
v 0.82488 5.2949 16.861
v 0.78873 5.3398 16.847
v 0.73439 5.3257 16.866
v 0.73696 5.2721 16.891
v 0.79289 5.2531 16.888
v 0.77855 4.6418 16.12
v 0.78477 4.655 16.166
v 0.75973 4.6245 16.194
v 0.73803 4.5924 16.165
v 0.74966 4.6031 16.12
v 1.0983 4.4028 16.145
v 1.1045 4.416 16.191
v 1.0794 4.3854 16.219
v 1.0577 4.3534 16.19
v 1.0694 4.3641 16.145
v -1.2021 6.2077 13.692
v -1.2324 6.2497 13.693
v -1.2788 6.2355 13.711
v -1.2772 6.1847 13.721
v -1.2298 6.1675 13.709
v -1.081 6.2862 14.065
v -1.1113 6.3282 14.066
v -1.1577 6.314 14.084
v -1.1561 6.2632 14.094
v -1.1087 6.246 14.082
v 4.2471 4.8021 13.622
v 4.2156 4.7943 13.569
v 4.1554 4.7906 13.583
v 4.1498 4.7961 13.645
v 4.2064 4.8032 13.669
v 4.2138 5.1988 13.583
v 4.1822 5.191 13.531
v 4.1221 5.1873 13.545
v 4.1165 5.1928 13.606
v 4.1731 5.1999 13.63
v -0.015496 -0.063451 19.199
v -0.040427 -0.029066 19.197
v -0.080796 -0.042221 19.194
v -0.080814 -0.084737 19.195
v -0.040457 -0.097858 19.198
v -0.039947 -0.057883 19.598
v -0.064878 -0.023498 19.596
v -0.10525 -0.036653 19.594
v -0.10526 -0.079169 19.594
v -0.064907 -0.09229 19.597
v -0.046575 -0.064669 19.171
v -0.05119 -0.039581 19.187
v -0.056369 -0.047502 19.216
v -0.054955 -0.077485 19.218
v -0.048902 -0.088095 19.19
v 0.34518 -0.041746 19.249
v 0.34057 -0.016658 19.265
v 0.33539 -0.024579 19.293
v 0.3368 -0.054562 19.295
v 0.34286 -0.065172 19.268
v -0.30264 -0.084964 18.534
v -0.29929 -0.11477 18.513
v -0.33219 -0.13122 18.511
v -0.35586 -0.11158 18.532
v -0.3376 -0.082992 18.546
v -0.39483 0.1349 18.213
v -0.39149 0.1051 18.192
v -0.42438 0.088652 18.19
v -0.44806 0.10829 18.21
v -0.42979 0.13688 18.225
v 0.44666 0.0086509 18.465
v 0.43168 0.043691 18.475
v 0.42649 0.044145 18.514
v 0.43826 0.0093861 18.528
v 0.45073 -0.012551 18.498
v 0.81652 0.15338 18.513
v 0.80154 0.18842 18.522
v 0.79635 0.18887 18.562
v 0.80813 0.15411 18.576
v 0.82059 0.13218 18.546
v 0.12654 0.13375 17.839
v 0.10658 0.1139 17.873
v 0.063537 0.11368 17.865
v 0.056902 0.1334 17.826
v 0.095841 0.1458 17.81
v 0.16331 -0.21824 17.653
v 0.14335 -0.23809 17.686
v 0.10031 -0.2383 17.678
v 0.093674 -0.21859 17.64
v 0.13261 -0.20619 17.624
v 0.87652 -0.8791 17.749
v 0.85249 -0.86006 17.777
v 0.81302 -0.86776 17.767
v 0.81266 -0.89156 17.733
v 0.8519 -0.89856 17.722
v 0.8833 -1.2064 17.979
v 0.85928 -1.1873 18.007
v 0.81981 -1.195 17.997
v 0.81945 -1.2188 17.963
v 0.85869 -1.2258 17.952
v -0.05733 -0.24611 17.488
v -0.069982 -0.20669 17.483
v -0.046654 -0.18993 17.452
v -0.019585 -0.21898 17.439
v -0.026183 -0.25371 17.461
v -0.32228 -0.37079 17.216
v -0.33494 -0.33137 17.21
v -0.31161 -0.31461 17.18
v -0.28454 -0.34366 17.167
v -0.29114 -0.37838 17.189
v -1.361 -0.10982 18.313
v -1.3784 -0.079773 18.288
v -1.4131 -0.095971 18.27
v -1.4171 -0.13603 18.283
v -1.3849 -0.14459 18.309
v -1.5803 0.013276 18.624
v -1.5977 0.043324 18.599
v -1.6324 0.027126 18.581
v -1.6364 -0.012933 18.594
v -1.6042 -0.021493 18.62
v 0.14428 1.5658 17.975
v 0.11849 1.6004 17.97
v 0.077721 1.5879 17.978
v 0.078316 1.5456 17.988
v 0.11945 1.5319 17.986
v 0.1934 1.6537 18.362
v 0.16761 1.6883 18.358
v 0.12685 1.6758 18.366
v 0.12744 1.6335 18.375
v 0.16858 1.6198 18.373
v 2.4104 -0.70463 17.905
v 2.3848 -0.66799 17.925
v 2.3399 -0.68453 17.935
v 2.3378 -0.73139 17.921
v 2.3813 -0.74381 17.903
v 2.5315 -0.81644 18.27
v 2.5059 -0.7798 18.289
v 2.461 -0.79633 18.299
v 2.4588 -0.8432 18.286
v 2.5024 -0.85562 18.267
v -0.1908 -1.555 17.662
v -0.2185 -1.5237 17.68
v -0.26109 -1.5341 17.668
v -0.25972 -1.5717 17.642
v -0.21628 -1.5847 17.639
v -0.23007 -1.7788 17.991
v -0.25776 -1.7476 18.009
v -0.30035 -1.7579 17.997
v -0.29898 -1.7956 17.971
v -0.25554 -1.8085 17.968
v -2.7582 -0.12159 17.451
v -2.7835 -0.082723 17.437
v -2.8254 -0.098208 17.418
v -2.8259 -0.14664 17.42
v -2.7844 -0.16109 17.441
v -2.9298 -0.10165 17.812
v -2.9551 -0.062792 17.798
v -2.9969 -0.078277 17.779
v -2.9975 -0.12671 17.781
v -2.956 -0.14116 17.802
v 1.6007 2.0888 17.05
v 1.5645 2.1205 17.018
v 1.5111 2.1122 17.038
v 1.5143 2.0755 17.083
v 1.5697 2.061 17.09
v 1.6485 2.3965 17.301
v 1.6123 2.4281 17.269
v 1.5589 2.4198 17.289
v 1.5621 2.3831 17.334
v 1.6175 2.3687 17.341
v 1.119 -3.8404 17.412
v 1.0876 -3.8081 17.442
v 1.0361 -3.8209 17.432
v 1.0357 -3.8612 17.396
v 1.0869 -3.8732 17.383
v 1.1269 -4.1068 17.71
v 1.0955 -4.0745 17.74
v 1.044 -4.0873 17.73
v 1.0436 -4.1276 17.694
v 1.0948 -4.1397 17.682
v -1.8385 3.0283 17.641
v -1.8633 3.0604 17.617
v -1.9078 3.0449 17.614
v -1.9105 3.0032 17.636
v -1.8677 2.9929 17.653
v -1.93 3.2152 17.983
v -1.9548 3.2473 17.959
v -1.9994 3.2318 17.955
v -2.0021 3.1901 17.977
v -1.9592 3.1798 17.994
v -2.4321 -2.7158 17.469
v -2.4621 -2.6744 17.469
v -2.497 -2.6802 17.432
v -2.4884 -2.7252 17.41
v -2.4483 -2.7472 17.432
v -2.6784 -2.8946 17.729
v -2.7085 -2.8532 17.729
v -2.7434 -2.859 17.692
v -2.7348 -2.904 17.669
v -2.6947 -2.926 17.692
v 4.2905 1.2819 17.175
v 4.2574 1.3259 17.171
v 4.2077 1.3119 17.191
v 4.2101 1.2592 17.207
v 4.2613 1.2407 17.198
v 4.4007 1.4012 17.541
v 4.3676 1.4452 17.537
v 4.3178 1.4312 17.556
v 4.3202 1.3785 17.573
v 4.3714 1.36 17.563
v -4.8771 0.36516 17.039
v -4.9097 0.41521 17.029
v -4.9561 0.40068 16.993
v -4.9522 0.34164 16.981
v -4.9034 0.31969 17.009
v -5.1005 0.28193 17.36
v -5.1331 0.33198 17.35
v -5.1794 0.31745 17.314
v -5.1755 0.25841 17.302
v -5.1268 0.23645 17.33
v 6.152 -1.0222 15.73
v 6.1161 -0.96818 15.74
v 6.0633 -0.98504 15.775
v 6.0665 -1.0495 15.787
v 6.1213 -1.0724 15.759
v 6.3531 -0.9504 16.068
v 6.3173 -0.8964 16.078
v 6.2644 -0.91326 16.113
v 6.2676 -0.97768 16.125
v 6.3224 -1.0006 16.097
v 0.82532 5.2955 16.863
v 0.78943 5.3402 16.848
v 0.73439 5.3254 16.864
v 0.73626 5.2714 16.888
v 0.79246 5.253 16.888
v 0.88398 5.4594 17.223
v 0.84809 5.5041 17.209
v 0.79305 5.4892 17.224
v 0.79492 5.4353 17.249
v 0.85112 5.4168 17.248
v -0.039988 -0.057901 19.599
v -0.064907 -0.0235 19.597
v -0.10522 -0.036637 19.594
v -0.10522 -0.079157 19.593
v -0.064903 -0.092298 19.597
v -0.071024 -0.058487 19.997
v -0.095943 -0.024087 19.995
v -0.13626 -0.037224 19.992
v -0.13626 -0.079743 19.992
v -0.095939 -0.092885 19.995
f 1 2 7 6
f 2 3 8 7
f 3 4 9 8
f 4 5 10 9
f 5 1 6 10
f 11 12 17 16
f 12 13 18 17
f 13 14 19 18
f 14 15 20 19
f 15 11 16 20
f 21 22 27 26
f 22 23 28 27
f 23 24 29 28
f 24 25 30 29
f 25 21 26 30
f 31 32 37 36
f 32 33 38 37
f 33 34 39 38
f 34 35 40 39
f 35 31 36 40
f 41 42 47 46
f 42 43 48 47
f 43 44 49 48
f 44 45 50 49
f 45 41 46 50
f 51 52 57 56
f 52 53 58 57
f 53 54 59 58
f 54 55 60 59
f 55 51 56 60
f 61 62 67 66
f 62 63 68 67
f 63 64 69 68
f 64 65 70 69
f 65 61 66 70
f 71 72 77 76
f 72 73 78 77
f 73 74 79 78
f 74 75 80 79
f 75 71 76 80
f 81 82 87 86
f 82 83 88 87
f 83 84 89 88
f 84 85 90 89
f 85 81 86 90
f 91 92 97 96
f 92 93 98 97
f 93 94 99 98
f 94 95 100 99
f 95 91 96 100
f 101 102 107 106
f 102 103 108 107
f 103 104 109 108
f 104 105 110 109
f 105 101 106 110
f 111 112 117 116
f 112 113 118 117
f 113 114 119 118
f 114 115 120 119
f 115 111 116 120
f 121 122 127 126
f 122 123 128 127
f 123 124 129 128
f 124 125 130 129
f 125 121 126 130
f 131 132 137 136
f 132 133 138 137
f 133 134 139 138
f 134 135 140 139
f 135 131 136 140
f 141 142 147 146
f 142 143 148 147
f 143 144 149 148
f 144 145 150 149
f 145 141 146 150
f 151 152 157 156
f 152 153 158 157
f 153 154 159 158
f 154 155 160 159
f 155 151 156 160
f 161 162 167 166
f 162 163 168 167
f 163 164 169 168
f 164 165 170 169
f 165 161 166 170
f 171 172 177 176
f 172 173 178 177
f 173 174 179 178
f 174 175 180 179
f 175 171 176 180
f 181 182 187 186
f 182 183 188 187
f 183 184 189 188
f 184 185 190 189
f 185 181 186 190
f 191 192 197 196
f 192 193 198 197
f 193 194 199 198
f 194 195 200 199
f 195 191 196 200
f 201 202 207 206
f 202 203 208 207
f 203 204 209 208
f 204 205 210 209
f 205 201 206 210
f 211 212 217 216
f 212 213 218 217
f 213 214 219 218
f 214 215 220 219
f 215 211 216 220
f 221 222 227 226
f 222 223 228 227
f 223 224 229 228
f 224 225 230 229
f 225 221 226 230
f 231 232 237 236
f 232 233 238 237
f 233 234 239 238
f 234 235 240 239
f 235 231 236 240
f 241 242 247 246
f 242 243 248 247
f 243 244 249 248
f 244 245 250 249
f 245 241 246 250
f 251 252 257 256
f 252 253 258 257
f 253 254 259 258
f 254 255 260 259
f 255 251 256 260
f 261 262 267 266
f 262 263 268 267
f 263 264 269 268
f 264 265 270 269
f 265 261 266 270
f 271 272 277 276
f 272 273 278 277
f 273 274 279 278
f 274 275 280 279
f 275 271 276 280
f 281 282 287 286
f 282 283 288 287
f 283 284 289 288
f 284 285 290 289
f 285 281 286 290
f 291 292 297 296
f 292 293 298 297
f 293 294 299 298
f 294 295 300 299
f 295 291 296 300
f 301 302 307 306
f 302 303 308 307
f 303 304 309 308
f 304 305 310 309
f 305 301 306 310
f 311 312 317 316
f 312 313 318 317
f 313 314 319 318
f 314 315 320 319
f 315 311 316 320
f 321 322 327 326
f 322 323 328 327
f 323 324 329 328
f 324 325 330 329
f 325 321 326 330
f 331 332 337 336
f 332 333 338 337
f 333 334 339 338
f 334 335 340 339
f 335 331 336 340
f 341 342 347 346
f 342 343 348 347
f 343 344 349 348
f 344 345 350 349
f 345 341 346 350
f 351 352 357 356
f 352 353 358 357
f 353 354 359 358
f 354 355 360 359
f 355 351 356 360
f 361 362 367 366
f 362 363 368 367
f 363 364 369 368
f 364 365 370 369
f 365 361 366 370
f 371 372 377 376
f 372 373 378 377
f 373 374 379 378
f 374 375 380 379
f 375 371 376 380
f 381 382 387 386
f 382 383 388 387
f 383 384 389 388
f 384 385 390 389
f 385 381 386 390
f 391 392 397 396
f 392 393 398 397
f 393 394 399 398
f 394 395 400 399
f 395 391 396 400
f 401 402 407 406
f 402 403 408 407
f 403 404 409 408
f 404 405 410 409
f 405 401 406 410
f 411 412 417 416
f 412 413 418 417
f 413 414 419 418
f 414 415 420 419
f 415 411 416 420
f 421 422 427 426
f 422 423 428 427
f 423 424 429 428
f 424 425 430 429
f 425 421 426 430
f 431 432 437 436
f 432 433 438 437
f 433 434 439 438
f 434 435 440 439
f 435 431 436 440
f 441 442 447 446
f 442 443 448 447
f 443 444 449 448
f 444 445 450 449
f 445 441 446 450
f 451 452 457 456
f 452 453 458 457
f 453 454 459 458
f 454 455 460 459
f 455 451 456 460
f 461 462 467 466
f 462 463 468 467
f 463 464 469 468
f 464 465 470 469
f 465 461 466 470
f 471 472 477 476
f 472 473 478 477
f 473 474 479 478
f 474 475 480 479
f 475 471 476 480
f 481 482 487 486
f 482 483 488 487
f 483 484 489 488
f 484 485 490 489
f 485 481 486 490
f 491 492 497 496
f 492 493 498 497
f 493 494 499 498
f 494 495 500 499
f 495 491 496 500
f 501 502 507 506
f 502 503 508 507
f 503 504 509 508
f 504 505 510 509
f 505 501 506 510
f 511 512 517 516
f 512 513 518 517
f 513 514 519 518
f 514 515 520 519
f 515 511 516 520
f 521 522 527 526
f 522 523 528 527
f 523 524 529 528
f 524 525 530 529
f 525 521 526 530
f 531 532 537 536
f 532 533 538 537
f 533 534 539 538
f 534 535 540 539
f 535 531 536 540
f 541 542 547 546
f 542 543 548 547
f 543 544 549 548
f 544 545 550 549
f 545 541 546 550
f 551 552 557 556
f 552 553 558 557
f 553 554 559 558
f 554 555 560 559
f 555 551 556 560
f 561 562 567 566
f 562 563 568 567
f 563 564 569 568
f 564 565 570 569
f 565 561 566 570
f 571 572 577 576
f 572 573 578 577
f 573 574 579 578
f 574 575 580 579
f 575 571 576 580
f 581 582 587 586
f 582 583 588 587
f 583 584 589 588
f 584 585 590 589
f 585 581 586 590
f 591 592 597 596
f 592 593 598 597
f 593 594 599 598
f 594 595 600 599
f 595 591 596 600
f 601 602 607 606
f 602 603 608 607
f 603 604 609 608
f 604 605 610 609
f 605 601 606 610
f 611 612 617 616
f 612 613 618 617
f 613 614 619 618
f 614 615 620 619
f 615 611 616 620
f 621 622 627 626
f 622 623 628 627
f 623 624 629 628
f 624 625 630 629
f 625 621 626 630
f 631 632 637 636
f 632 633 638 637
f 633 634 639 638
f 634 635 640 639
f 635 631 636 640
f 641 642 647 646
f 642 643 648 647
f 643 644 649 648
f 644 645 650 649
f 645 641 646 650
f 651 652 657 656
f 652 653 658 657
f 653 654 659 658
f 654 655 660 659
f 655 651 656 660
f 661 662 667 666
f 662 663 668 667
f 663 664 669 668
f 664 665 670 669
f 665 661 666 670
f 671 672 677 676
f 672 673 678 677
f 673 674 679 678
f 674 675 680 679
f 675 671 676 680
f 681 682 687 686
f 682 683 688 687
f 683 684 689 688
f 684 685 690 689
f 685 681 686 690
f 691 692 697 696
f 692 693 698 697
f 693 694 699 698
f 694 695 700 699
f 695 691 696 700
f 701 702 707 706
f 702 703 708 707
f 703 704 709 708
f 704 705 710 709
f 705 701 706 710
f 711 712 717 716
f 712 713 718 717
f 713 714 719 718
f 714 715 720 719
f 715 711 716 720
f 721 722 727 726
f 722 723 728 727
f 723 724 729 728
f 724 725 730 729
f 725 721 726 730
f 731 732 737 736
f 732 733 738 737
f 733 734 739 738
f 734 735 740 739
f 735 731 736 740
f 741 742 747 746
f 742 743 748 747
f 743 744 749 748
f 744 745 750 749
f 745 741 746 750
f 751 752 757 756
f 752 753 758 757
f 753 754 759 758
f 754 755 760 759
f 755 751 756 760
f 761 762 767 766
f 762 763 768 767
f 763 764 769 768
f 764 765 770 769
f 765 761 766 770
f 771 772 777 776
f 772 773 778 777
f 773 774 779 778
f 774 775 780 779
f 775 771 776 780
f 781 782 787 786
f 782 783 788 787
f 783 784 789 788
f 784 785 790 789
f 785 781 786 790
f 791 792 797 796
f 792 793 798 797
f 793 794 799 798
f 794 795 800 799
f 795 791 796 800
f 801 802 807 806
f 802 803 808 807
f 803 804 809 808
f 804 805 810 809
f 805 801 806 810
f 811 812 817 816
f 812 813 818 817
f 813 814 819 818
f 814 815 820 819
f 815 811 816 820
f 821 822 827 826
f 822 823 828 827
f 823 824 829 828
f 824 825 830 829
f 825 821 826 830
f 831 832 837 836
f 832 833 838 837
f 833 834 839 838
f 834 835 840 839
f 835 831 836 840
f 841 842 847 846
f 842 843 848 847
f 843 844 849 848
f 844 845 850 849
f 845 841 846 850
f 851 852 857 856
f 852 853 858 857
f 853 854 859 858
f 854 855 860 859
f 855 851 856 860
f 861 862 867 866
f 862 863 868 867
f 863 864 869 868
f 864 865 870 869
f 865 861 866 870
f 871 872 877 876
f 872 873 878 877
f 873 874 879 878
f 874 875 880 879
f 875 871 876 880
f 881 882 887 886
f 882 883 888 887
f 883 884 889 888
f 884 885 890 889
f 885 881 886 890
f 891 892 897 896
f 892 893 898 897
f 893 894 899 898
f 894 895 900 899
f 895 891 896 900
f 901 902 907 906
f 902 903 908 907
f 903 904 909 908
f 904 905 910 909
f 905 901 906 910
f 911 912 917 916
f 912 913 918 917
f 913 914 919 918
f 914 915 920 919
f 915 911 916 920
f 921 922 927 926
f 922 923 928 927
f 923 924 929 928
f 924 925 930 929
f 925 921 926 930
f 931 932 937 936
f 932 933 938 937
f 933 934 939 938
f 934 935 940 939
f 935 931 936 940
f 941 942 947 946
f 942 943 948 947
f 943 944 949 948
f 944 945 950 949
f 945 941 946 950
f 951 952 957 956
f 952 953 958 957
f 953 954 959 958
f 954 955 960 959
f 955 951 956 960
f 961 962 967 966
f 962 963 968 967
f 963 964 969 968
f 964 965 970 969
f 965 961 966 970
f 971 972 977 976
f 972 973 978 977
f 973 974 979 978
f 974 975 980 979
f 975 971 976 980
f 981 982 987 986
f 982 983 988 987
f 983 984 989 988
f 984 985 990 989
f 985 981 986 990
f 991 992 997 996
f 992 993 998 997
f 993 994 999 998
f 994 995 1000 999
f 995 991 996 1000
f 1001 1002 1007 1006
f 1002 1003 1008 1007
f 1003 1004 1009 1008
f 1004 1005 1010 1009
f 1005 1001 1006 1010
f 1011 1012 1017 1016
f 1012 1013 1018 1017
f 1013 1014 1019 1018
f 1014 1015 1020 1019
f 1015 1011 1016 1020
f 1021 1022 1027 1026
f 1022 1023 1028 1027
f 1023 1024 1029 1028
f 1024 1025 1030 1029
f 1025 1021 1026 1030
f 1031 1032 1037 1036
f 1032 1033 1038 1037
f 1033 1034 1039 1038
f 1034 1035 1040 1039
f 1035 1031 1036 1040
f 1041 1042 1047 1046
f 1042 1043 1048 1047
f 1043 1044 1049 1048
f 1044 1045 1050 1049
f 1045 1041 1046 1050
f 1051 1052 1057 1056
f 1052 1053 1058 1057
f 1053 1054 1059 1058
f 1054 1055 1060 1059
f 1055 1051 1056 1060
f 1061 1062 1067 1066
f 1062 1063 1068 1067
f 1063 1064 1069 1068
f 1064 1065 1070 1069
f 1065 1061 1066 1070
f 1071 1072 1077 1076
f 1072 1073 1078 1077
f 1073 1074 1079 1078
f 1074 1075 1080 1079
f 1075 1071 1076 1080
f 1081 1082 1087 1086
f 1082 1083 1088 1087
f 1083 1084 1089 1088
f 1084 1085 1090 1089
f 1085 1081 1086 1090
f 1091 1092 1097 1096
f 1092 1093 1098 1097
f 1093 1094 1099 1098
f 1094 1095 1100 1099
f 1095 1091 1096 1100
f 1101 1102 1107 1106
f 1102 1103 1108 1107
f 1103 1104 1109 1108
f 1104 1105 1110 1109
f 1105 1101 1106 1110
f 1111 1112 1117 1116
f 1112 1113 1118 1117
f 1113 1114 1119 1118
f 1114 1115 1120 1119
f 1115 1111 1116 1120
f 1121 1122 1127 1126
f 1122 1123 1128 1127
f 1123 1124 1129 1128
f 1124 1125 1130 1129
f 1125 1121 1126 1130
f 1131 1132 1137 1136
f 1132 1133 1138 1137
f 1133 1134 1139 1138
f 1134 1135 1140 1139
f 1135 1131 1136 1140
f 1141 1142 1147 1146
f 1142 1143 1148 1147
f 1143 1144 1149 1148
f 1144 1145 1150 1149
f 1145 1141 1146 1150
f 1151 1152 1157 1156
f 1152 1153 1158 1157
f 1153 1154 1159 1158
f 1154 1155 1160 1159
f 1155 1151 1156 1160
f 1161 1162 1167 1166
f 1162 1163 1168 1167
f 1163 1164 1169 1168
f 1164 1165 1170 1169
f 1165 1161 1166 1170
f 1171 1172 1177 1176
f 1172 1173 1178 1177
f 1173 1174 1179 1178
f 1174 1175 1180 1179
f 1175 1171 1176 1180
f 1181 1182 1187 1186
f 1182 1183 1188 1187
f 1183 1184 1189 1188
f 1184 1185 1190 1189
f 1185 1181 1186 1190
f 1191 1192 1197 1196
f 1192 1193 1198 1197
f 1193 1194 1199 1198
f 1194 1195 1200 1199
f 1195 1191 1196 1200
f 1201 1202 1207 1206
f 1202 1203 1208 1207
f 1203 1204 1209 1208
f 1204 1205 1210 1209
f 1205 1201 1206 1210
f 1211 1212 1217 1216
f 1212 1213 1218 1217
f 1213 1214 1219 1218
f 1214 1215 1220 1219
f 1215 1211 1216 1220
f 1221 1222 1227 1226
f 1222 1223 1228 1227
f 1223 1224 1229 1228
f 1224 1225 1230 1229
f 1225 1221 1226 1230
f 1231 1232 1237 1236
f 1232 1233 1238 1237
f 1233 1234 1239 1238
f 1234 1235 1240 1239
f 1235 1231 1236 1240
f 1241 1242 1247 1246
f 1242 1243 1248 1247
f 1243 1244 1249 1248
f 1244 1245 1250 1249
f 1245 1241 1246 1250
f 1251 1252 1257 1256
f 1252 1253 1258 1257
f 1253 1254 1259 1258
f 1254 1255 1260 1259
f 1255 1251 1256 1260
f 1261 1262 1267 1266
f 1262 1263 1268 1267
f 1263 1264 1269 1268
f 1264 1265 1270 1269
f 1265 1261 1266 1270
f 1271 1272 1277 1276
f 1272 1273 1278 1277
f 1273 1274 1279 1278
f 1274 1275 1280 1279
f 1275 1271 1276 1280
f 1281 1282 1287 1286
f 1282 1283 1288 1287
f 1283 1284 1289 1288
f 1284 1285 1290 1289
f 1285 1281 1286 1290
f 1291 1292 1297 1296
f 1292 1293 1298 1297
f 1293 1294 1299 1298
f 1294 1295 1300 1299
f 1295 1291 1296 1300
f 1301 1302 1307 1306
f 1302 1303 1308 1307
f 1303 1304 1309 1308
f 1304 1305 1310 1309
f 1305 1301 1306 1310
f 1311 1312 1317 1316
f 1312 1313 1318 1317
f 1313 1314 1319 1318
f 1314 1315 1320 1319
f 1315 1311 1316 1320
f 1321 1322 1327 1326
f 1322 1323 1328 1327
f 1323 1324 1329 1328
f 1324 1325 1330 1329
f 1325 1321 1326 1330
f 1331 1332 1337 1336
f 1332 1333 1338 1337
f 1333 1334 1339 1338
f 1334 1335 1340 1339
f 1335 1331 1336 1340
f 1341 1342 1347 1346
f 1342 1343 1348 1347
f 1343 1344 1349 1348
f 1344 1345 1350 1349
f 1345 1341 1346 1350
f 1351 1352 1357 1356
f 1352 1353 1358 1357
f 1353 1354 1359 1358
f 1354 1355 1360 1359
f 1355 1351 1356 1360
f 1361 1362 1367 1366
f 1362 1363 1368 1367
f 1363 1364 1369 1368
f 1364 1365 1370 1369
f 1365 1361 1366 1370
f 1371 1372 1377 1376
f 1372 1373 1378 1377
f 1373 1374 1379 1378
f 1374 1375 1380 1379
f 1375 1371 1376 1380
f 1381 1382 1387 1386
f 1382 1383 1388 1387
f 1383 1384 1389 1388
f 1384 1385 1390 1389
f 1385 1381 1386 1390
f 1391 1392 1397 1396
f 1392 1393 1398 1397
f 1393 1394 1399 1398
f 1394 1395 1400 1399
f 1395 1391 1396 1400
f 1401 1402 1407 1406
f 1402 1403 1408 1407
f 1403 1404 1409 1408
f 1404 1405 1410 1409
f 1405 1401 1406 1410
f 1411 1412 1417 1416
f 1412 1413 1418 1417
f 1413 1414 1419 1418
f 1414 1415 1420 1419
f 1415 1411 1416 1420
f 1421 1422 1427 1426
f 1422 1423 1428 1427
f 1423 1424 1429 1428
f 1424 1425 1430 1429
f 1425 1421 1426 1430
f 1431 1432 1437 1436
f 1432 1433 1438 1437
f 1433 1434 1439 1438
f 1434 1435 1440 1439
f 1435 1431 1436 1440
f 1441 1442 1447 1446
f 1442 1443 1448 1447
f 1443 1444 1449 1448
f 1444 1445 1450 1449
f 1445 1441 1446 1450
f 1451 1452 1457 1456
f 1452 1453 1458 1457
f 1453 1454 1459 1458
f 1454 1455 1460 1459
f 1455 1451 1456 1460
f 1461 1462 1467 1466
f 1462 1463 1468 1467
f 1463 1464 1469 1468
f 1464 1465 1470 1469
f 1465 1461 1466 1470
f 1471 1472 1477 1476
f 1472 1473 1478 1477
f 1473 1474 1479 1478
f 1474 1475 1480 1479
f 1475 1471 1476 1480
f 1481 1482 1487 1486
f 1482 1483 1488 1487
f 1483 1484 1489 1488
f 1484 1485 1490 1489
f 1485 1481 1486 1490
f 1491 1492 1497 1496
f 1492 1493 1498 1497
f 1493 1494 1499 1498
f 1494 1495 1500 1499
f 1495 1491 1496 1500
f 1501 1502 1507 1506
f 1502 1503 1508 1507
f 1503 1504 1509 1508
f 1504 1505 1510 1509
f 1505 1501 1506 1510
f 1511 1512 1517 1516
f 1512 1513 1518 1517
f 1513 1514 1519 1518
f 1514 1515 1520 1519
f 1515 1511 1516 1520
f 1521 1522 1527 1526
f 1522 1523 1528 1527
f 1523 1524 1529 1528
f 1524 1525 1530 1529
f 1525 1521 1526 1530
f 1531 1532 1537 1536
f 1532 1533 1538 1537
f 1533 1534 1539 1538
f 1534 1535 1540 1539
f 1535 1531 1536 1540
f 1541 1542 1547 1546
f 1542 1543 1548 1547
f 1543 1544 1549 1548
f 1544 1545 1550 1549
f 1545 1541 1546 1550
f 1551 1552 1557 1556
f 1552 1553 1558 1557
f 1553 1554 1559 1558
f 1554 1555 1560 1559
f 1555 1551 1556 1560
f 1561 1562 1567 1566
f 1562 1563 1568 1567
f 1563 1564 1569 1568
f 1564 1565 1570 1569
f 1565 1561 1566 1570
f 1571 1572 1577 1576
f 1572 1573 1578 1577
f 1573 1574 1579 1578
f 1574 1575 1580 1579
f 1575 1571 1576 1580
f 1581 1582 1587 1586
f 1582 1583 1588 1587
f 1583 1584 1589 1588
f 1584 1585 1590 1589
f 1585 1581 1586 1590
f 1591 1592 1597 1596
f 1592 1593 1598 1597
f 1593 1594 1599 1598
f 1594 1595 1600 1599
f 1595 1591 1596 1600
f 1601 1602 1607 1606
f 1602 1603 1608 1607
f 1603 1604 1609 1608
f 1604 1605 1610 1609
f 1605 1601 1606 1610
f 1611 1612 1617 1616
f 1612 1613 1618 1617
f 1613 1614 1619 1618
f 1614 1615 1620 1619
f 1615 1611 1616 1620
f 1621 1622 1627 1626
f 1622 1623 1628 1627
f 1623 1624 1629 1628
f 1624 1625 1630 1629
f 1625 1621 1626 1630
f 1631 1632 1637 1636
f 1632 1633 1638 1637
f 1633 1634 1639 1638
f 1634 1635 1640 1639
f 1635 1631 1636 1640
f 1641 1642 1647 1646
f 1642 1643 1648 1647
f 1643 1644 1649 1648
f 1644 1645 1650 1649
f 1645 1641 1646 1650
f 1651 1652 1657 1656
f 1652 1653 1658 1657
f 1653 1654 1659 1658
f 1654 1655 1660 1659
f 1655 1651 1656 1660
f 1661 1662 1667 1666
f 1662 1663 1668 1667
f 1663 1664 1669 1668
f 1664 1665 1670 1669
f 1665 1661 1666 1670
f 1671 1672 1677 1676
f 1672 1673 1678 1677
f 1673 1674 1679 1678
f 1674 1675 1680 1679
f 1675 1671 1676 1680
f 1681 1682 1687 1686
f 1682 1683 1688 1687
f 1683 1684 1689 1688
f 1684 1685 1690 1689
f 1685 1681 1686 1690
f 1691 1692 1697 1696
f 1692 1693 1698 1697
f 1693 1694 1699 1698
f 1694 1695 1700 1699
f 1695 1691 1696 1700
f 1701 1702 1707 1706
f 1702 1703 1708 1707
f 1703 1704 1709 1708
f 1704 1705 1710 1709
f 1705 1701 1706 1710
f 1711 1712 1717 1716
f 1712 1713 1718 1717
f 1713 1714 1719 1718
f 1714 1715 1720 1719
f 1715 1711 1716 1720
f 1721 1722 1727 1726
f 1722 1723 1728 1727
f 1723 1724 1729 1728
f 1724 1725 1730 1729
f 1725 1721 1726 1730
f 1731 1732 1737 1736
f 1732 1733 1738 1737
f 1733 1734 1739 1738
f 1734 1735 1740 1739
f 1735 1731 1736 1740
f 1741 1742 1747 1746
f 1742 1743 1748 1747
f 1743 1744 1749 1748
f 1744 1745 1750 1749
f 1745 1741 1746 1750
f 1751 1752 1757 1756
f 1752 1753 1758 1757
f 1753 1754 1759 1758
f 1754 1755 1760 1759
f 1755 1751 1756 1760
f 1761 1762 1767 1766
f 1762 1763 1768 1767
f 1763 1764 1769 1768
f 1764 1765 1770 1769
f 1765 1761 1766 1770
f 1771 1772 1777 1776
f 1772 1773 1778 1777
f 1773 1774 1779 1778
f 1774 1775 1780 1779
f 1775 1771 1776 1780
f 1781 1782 1787 1786
f 1782 1783 1788 1787
f 1783 1784 1789 1788
f 1784 1785 1790 1789
f 1785 1781 1786 1790
f 1791 1792 1797 1796
f 1792 1793 1798 1797
f 1793 1794 1799 1798
f 1794 1795 1800 1799
f 1795 1791 1796 1800
f 1801 1802 1807 1806
f 1802 1803 1808 1807
f 1803 1804 1809 1808
f 1804 1805 1810 1809
f 1805 1801 1806 1810
f 1811 1812 1817 1816
f 1812 1813 1818 1817
f 1813 1814 1819 1818
f 1814 1815 1820 1819
f 1815 1811 1816 1820
f 1821 1822 1827 1826
f 1822 1823 1828 1827
f 1823 1824 1829 1828
f 1824 1825 1830 1829
f 1825 1821 1826 1830
f 1831 1832 1837 1836
f 1832 1833 1838 1837
f 1833 1834 1839 1838
f 1834 1835 1840 1839
f 1835 1831 1836 1840
f 1841 1842 1847 1846
f 1842 1843 1848 1847
f 1843 1844 1849 1848
f 1844 1845 1850 1849
f 1845 1841 1846 1850
f 1851 1852 1857 1856
f 1852 1853 1858 1857
f 1853 1854 1859 1858
f 1854 1855 1860 1859
f 1855 1851 1856 1860
f 1861 1862 1867 1866
f 1862 1863 1868 1867
f 1863 1864 1869 1868
f 1864 1865 1870 1869
f 1865 1861 1866 1870
f 1871 1872 1877 1876
f 1872 1873 1878 1877
f 1873 1874 1879 1878
f 1874 1875 1880 1879
f 1875 1871 1876 1880
f 1881 1882 1887 1886
f 1882 1883 1888 1887
f 1883 1884 1889 1888
f 1884 1885 1890 1889
f 1885 1881 1886 1890
f 1891 1892 1897 1896
f 1892 1893 1898 1897
f 1893 1894 1899 1898
f 1894 1895 1900 1899
f 1895 1891 1896 1900
f 1901 1902 1907 1906
f 1902 1903 1908 1907
f 1903 1904 1909 1908
f 1904 1905 1910 1909
f 1905 1901 1906 1910
f 1911 1912 1917 1916
f 1912 1913 1918 1917
f 1913 1914 1919 1918
f 1914 1915 1920 1919
f 1915 1911 1916 1920
f 1921 1922 1927 1926
f 1922 1923 1928 1927
f 1923 1924 1929 1928
f 1924 1925 1930 1929
f 1925 1921 1926 1930
f 1931 1932 1937 1936
f 1932 1933 1938 1937
f 1933 1934 1939 1938
f 1934 1935 1940 1939
f 1935 1931 1936 1940
f 1941 1942 1947 1946
f 1942 1943 1948 1947
f 1943 1944 1949 1948
f 1944 1945 1950 1949
f 1945 1941 1946 1950
f 1951 1952 1957 1956
f 1952 1953 1958 1957
f 1953 1954 1959 1958
f 1954 1955 1960 1959
f 1955 1951 1956 1960
f 1961 1962 1967 1966
f 1962 1963 1968 1967
f 1963 1964 1969 1968
f 1964 1965 1970 1969
f 1965 1961 1966 1970
f 1971 1972 1977 1976
f 1972 1973 1978 1977
f 1973 1974 1979 1978
f 1974 1975 1980 1979
f 1975 1971 1976 1980
f 1981 1982 1987 1986
f 1982 1983 1988 1987
f 1983 1984 1989 1988
f 1984 1985 1990 1989
f 1985 1981 1986 1990
f 1991 1992 1997 1996
f 1992 1993 1998 1997
f 1993 1994 1999 1998
f 1994 1995 2000 1999
f 1995 1991 1996 2000
f 2001 2002 2007 2006
f 2002 2003 2008 2007
f 2003 2004 2009 2008
f 2004 2005 2010 2009
f 2005 2001 2006 2010
f 2011 2012 2017 2016
f 2012 2013 2018 2017
f 2013 2014 2019 2018
f 2014 2015 2020 2019
f 2015 2011 2016 2020
f 2021 2022 2027 2026
f 2022 2023 2028 2027
f 2023 2024 2029 2028
f 2024 2025 2030 2029
f 2025 2021 2026 2030
f 2031 2032 2037 2036
f 2032 2033 2038 2037
f 2033 2034 2039 2038
f 2034 2035 2040 2039
f 2035 2031 2036 2040
f 2041 2042 2047 2046
f 2042 2043 2048 2047
f 2043 2044 2049 2048
f 2044 2045 2050 2049
f 2045 2041 2046 2050
f 2051 2052 2057 2056
f 2052 2053 2058 2057
f 2053 2054 2059 2058
f 2054 2055 2060 2059
f 2055 2051 2056 2060
f 2061 2062 2067 2066
f 2062 2063 2068 2067
f 2063 2064 2069 2068
f 2064 2065 2070 2069
f 2065 2061 2066 2070
f 2071 2072 2077 2076
f 2072 2073 2078 2077
f 2073 2074 2079 2078
f 2074 2075 2080 2079
f 2075 2071 2076 2080
f 2081 2082 2087 2086
f 2082 2083 2088 2087
f 2083 2084 2089 2088
f 2084 2085 2090 2089
f 2085 2081 2086 2090
f 2091 2092 2097 2096
f 2092 2093 2098 2097
f 2093 2094 2099 2098
f 2094 2095 2100 2099
f 2095 2091 2096 2100
f 2101 2102 2107 2106
f 2102 2103 2108 2107
f 2103 2104 2109 2108
f 2104 2105 2110 2109
f 2105 2101 2106 2110
f 2111 2112 2117 2116
f 2112 2113 2118 2117
f 2113 2114 2119 2118
f 2114 2115 2120 2119
f 2115 2111 2116 2120
f 2121 2122 2127 2126
f 2122 2123 2128 2127
f 2123 2124 2129 2128
f 2124 2125 2130 2129
f 2125 2121 2126 2130
f 2131 2132 2137 2136
f 2132 2133 2138 2137
f 2133 2134 2139 2138
f 2134 2135 2140 2139
f 2135 2131 2136 2140
f 2141 2142 2147 2146
f 2142 2143 2148 2147
f 2143 2144 2149 2148
f 2144 2145 2150 2149
f 2145 2141 2146 2150
f 2151 2152 2157 2156
f 2152 2153 2158 2157
f 2153 2154 2159 2158
f 2154 2155 2160 2159
f 2155 2151 2156 2160
f 2161 2162 2167 2166
f 2162 2163 2168 2167
f 2163 2164 2169 2168
f 2164 2165 2170 2169
f 2165 2161 2166 2170
f 2171 2172 2177 2176
f 2172 2173 2178 2177
f 2173 2174 2179 2178
f 2174 2175 2180 2179
f 2175 2171 2176 2180
f 2181 2182 2187 2186
f 2182 2183 2188 2187
f 2183 2184 2189 2188
f 2184 2185 2190 2189
f 2185 2181 2186 2190
f 2191 2192 2197 2196
f 2192 2193 2198 2197
f 2193 2194 2199 2198
f 2194 2195 2200 2199
f 2195 2191 2196 2200
f 2201 2202 2207 2206
f 2202 2203 2208 2207
f 2203 2204 2209 2208
f 2204 2205 2210 2209
f 2205 2201 2206 2210
f 2211 2212 2217 2216
f 2212 2213 2218 2217
f 2213 2214 2219 2218
f 2214 2215 2220 2219
f 2215 2211 2216 2220
f 2221 2222 2227 2226
f 2222 2223 2228 2227
f 2223 2224 2229 2228
f 2224 2225 2230 2229
f 2225 2221 2226 2230
f 2231 2232 2237 2236
f 2232 2233 2238 2237
f 2233 2234 2239 2238
f 2234 2235 2240 2239
f 2235 2231 2236 2240
f 2241 2242 2247 2246
f 2242 2243 2248 2247
f 2243 2244 2249 2248
f 2244 2245 2250 2249
f 2245 2241 2246 2250
f 2251 2252 2257 2256
f 2252 2253 2258 2257
f 2253 2254 2259 2258
f 2254 2255 2260 2259
f 2255 2251 2256 2260
f 2261 2262 2267 2266
f 2262 2263 2268 2267
f 2263 2264 2269 2268
f 2264 2265 2270 2269
f 2265 2261 2266 2270
f 2271 2272 2277 2276
f 2272 2273 2278 2277
f 2273 2274 2279 2278
f 2274 2275 2280 2279
f 2275 2271 2276 2280
f 2281 2282 2287 2286
f 2282 2283 2288 2287
f 2283 2284 2289 2288
f 2284 2285 2290 2289
f 2285 2281 2286 2290
f 2291 2292 2297 2296
f 2292 2293 2298 2297
f 2293 2294 2299 2298
f 2294 2295 2300 2299
f 2295 2291 2296 2300
f 2301 2302 2307 2306
f 2302 2303 2308 2307
f 2303 2304 2309 2308
f 2304 2305 2310 2309
f 2305 2301 2306 2310
f 2311 2312 2317 2316
f 2312 2313 2318 2317
f 2313 2314 2319 2318
f 2314 2315 2320 2319
f 2315 2311 2316 2320
f 2321 2322 2327 2326
f 2322 2323 2328 2327
f 2323 2324 2329 2328
f 2324 2325 2330 2329
f 2325 2321 2326 2330
f 2331 2332 2337 2336
f 2332 2333 2338 2337
f 2333 2334 2339 2338
f 2334 2335 2340 2339
f 2335 2331 2336 2340
f 2341 2342 2347 2346
f 2342 2343 2348 2347
f 2343 2344 2349 2348
f 2344 2345 2350 2349
f 2345 2341 2346 2350
f 2351 2352 2357 2356
f 2352 2353 2358 2357
f 2353 2354 2359 2358
f 2354 2355 2360 2359
f 2355 2351 2356 2360
f 2361 2362 2367 2366
f 2362 2363 2368 2367
f 2363 2364 2369 2368
f 2364 2365 2370 2369
f 2365 2361 2366 2370
f 2371 2372 2377 2376
f 2372 2373 2378 2377
f 2373 2374 2379 2378
f 2374 2375 2380 2379
f 2375 2371 2376 2380
f 2381 2382 2387 2386
f 2382 2383 2388 2387
f 2383 2384 2389 2388
f 2384 2385 2390 2389
f 2385 2381 2386 2390
f 2391 2392 2397 2396
f 2392 2393 2398 2397
f 2393 2394 2399 2398
f 2394 2395 2400 2399
f 2395 2391 2396 2400
f 2401 2402 2407 2406
f 2402 2403 2408 2407
f 2403 2404 2409 2408
f 2404 2405 2410 2409
f 2405 2401 2406 2410
f 2411 2412 2417 2416
f 2412 2413 2418 2417
f 2413 2414 2419 2418
f 2414 2415 2420 2419
f 2415 2411 2416 2420
f 2421 2422 2427 2426
f 2422 2423 2428 2427
f 2423 2424 2429 2428
f 2424 2425 2430 2429
f 2425 2421 2426 2430
f 2431 2432 2437 2436
f 2432 2433 2438 2437
f 2433 2434 2439 2438
f 2434 2435 2440 2439
f 2435 2431 2436 2440
f 2441 2442 2447 2446
f 2442 2443 2448 2447
f 2443 2444 2449 2448
f 2444 2445 2450 2449
f 2445 2441 2446 2450
f 2451 2452 2457 2456
f 2452 2453 2458 2457
f 2453 2454 2459 2458
f 2454 2455 2460 2459
f 2455 2451 2456 2460
f 2461 2462 2467 2466
f 2462 2463 2468 2467
f 2463 2464 2469 2468
f 2464 2465 2470 2469
f 2465 2461 2466 2470
f 2471 2472 2477 2476
f 2472 2473 2478 2477
f 2473 2474 2479 2478
f 2474 2475 2480 2479
f 2475 2471 2476 2480
f 2481 2482 2487 2486
f 2482 2483 2488 2487
f 2483 2484 2489 2488
f 2484 2485 2490 2489
f 2485 2481 2486 2490
f 2491 2492 2497 2496
f 2492 2493 2498 2497
f 2493 2494 2499 2498
f 2494 2495 2500 2499
f 2495 2491 2496 2500
f 2501 2502 2507 2506
f 2502 2503 2508 2507
f 2503 2504 2509 2508
f 2504 2505 2510 2509
f 2505 2501 2506 2510
f 2511 2512 2517 2516
f 2512 2513 2518 2517
f 2513 2514 2519 2518
f 2514 2515 2520 2519
f 2515 2511 2516 2520
f 2521 2522 2527 2526
f 2522 2523 2528 2527
f 2523 2524 2529 2528
f 2524 2525 2530 2529
f 2525 2521 2526 2530
f 2531 2532 2537 2536
f 2532 2533 2538 2537
f 2533 2534 2539 2538
f 2534 2535 2540 2539
f 2535 2531 2536 2540
f 2541 2542 2547 2546
f 2542 2543 2548 2547
f 2543 2544 2549 2548
f 2544 2545 2550 2549
f 2545 2541 2546 2550
f 2551 2552 2557 2556
f 2552 2553 2558 2557
f 2553 2554 2559 2558
f 2554 2555 2560 2559
f 2555 2551 2556 2560
f 2561 2562 2567 2566
f 2562 2563 2568 2567
f 2563 2564 2569 2568
f 2564 2565 2570 2569
f 2565 2561 2566 2570
f 2571 2572 2577 2576
f 2572 2573 2578 2577
f 2573 2574 2579 2578
f 2574 2575 2580 2579
f 2575 2571 2576 2580
f 2581 2582 2587 2586
f 2582 2583 2588 2587
f 2583 2584 2589 2588
f 2584 2585 2590 2589
f 2585 2581 2586 2590
f 2591 2592 2597 2596
f 2592 2593 2598 2597
f 2593 2594 2599 2598
f 2594 2595 2600 2599
f 2595 2591 2596 2600
f 2601 2602 2607 2606
f 2602 2603 2608 2607
f 2603 2604 2609 2608
f 2604 2605 2610 2609
f 2605 2601 2606 2610
f 2611 2612 2617 2616
f 2612 2613 2618 2617
f 2613 2614 2619 2618
f 2614 2615 2620 2619
f 2615 2611 2616 2620
f 2621 2622 2627 2626
f 2622 2623 2628 2627
f 2623 2624 2629 2628
f 2624 2625 2630 2629
f 2625 2621 2626 2630
f 2631 2632 2637 2636
f 2632 2633 2638 2637
f 2633 2634 2639 2638
f 2634 2635 2640 2639
f 2635 2631 2636 2640
f 2641 2642 2647 2646
f 2642 2643 2648 2647
f 2643 2644 2649 2648
f 2644 2645 2650 2649
f 2645 2641 2646 2650
f 2651 2652 2657 2656
f 2652 2653 2658 2657
f 2653 2654 2659 2658
f 2654 2655 2660 2659
f 2655 2651 2656 2660
f 2661 2662 2667 2666
f 2662 2663 2668 2667
f 2663 2664 2669 2668
f 2664 2665 2670 2669
f 2665 2661 2666 2670
f 2671 2672 2677 2676
f 2672 2673 2678 2677
f 2673 2674 2679 2678
f 2674 2675 2680 2679
f 2675 2671 2676 2680
f 2681 2682 2687 2686
f 2682 2683 2688 2687
f 2683 2684 2689 2688
f 2684 2685 2690 2689
f 2685 2681 2686 2690
f 2691 2692 2697 2696
f 2692 2693 2698 2697
f 2693 2694 2699 2698
f 2694 2695 2700 2699
f 2695 2691 2696 2700
f 2701 2702 2707 2706
f 2702 2703 2708 2707
f 2703 2704 2709 2708
f 2704 2705 2710 2709
f 2705 2701 2706 2710
f 2711 2712 2717 2716
f 2712 2713 2718 2717
f 2713 2714 2719 2718
f 2714 2715 2720 2719
f 2715 2711 2716 2720
f 2721 2722 2727 2726
f 2722 2723 2728 2727
f 2723 2724 2729 2728
f 2724 2725 2730 2729
f 2725 2721 2726 2730
f 2731 2732 2737 2736
f 2732 2733 2738 2737
f 2733 2734 2739 2738
f 2734 2735 2740 2739
f 2735 2731 2736 2740
f 2741 2742 2747 2746
f 2742 2743 2748 2747
f 2743 2744 2749 2748
f 2744 2745 2750 2749
f 2745 2741 2746 2750
f 2751 2752 2757 2756
f 2752 2753 2758 2757
f 2753 2754 2759 2758
f 2754 2755 2760 2759
f 2755 2751 2756 2760
f 2761 2762 2767 2766
f 2762 2763 2768 2767
f 2763 2764 2769 2768
f 2764 2765 2770 2769
f 2765 2761 2766 2770
f 2771 2772 2777 2776
f 2772 2773 2778 2777
f 2773 2774 2779 2778
f 2774 2775 2780 2779
f 2775 2771 2776 2780
f 2781 2782 2787 2786
f 2782 2783 2788 2787
f 2783 2784 2789 2788
f 2784 2785 2790 2789
f 2785 2781 2786 2790
f 2791 2792 2797 2796
f 2792 2793 2798 2797
f 2793 2794 2799 2798
f 2794 2795 2800 2799
f 2795 2791 2796 2800
f 2801 2802 2807 2806
f 2802 2803 2808 2807
f 2803 2804 2809 2808
f 2804 2805 2810 2809
f 2805 2801 2806 2810
f 2811 2812 2817 2816
f 2812 2813 2818 2817
f 2813 2814 2819 2818
f 2814 2815 2820 2819
f 2815 2811 2816 2820
f 2821 2822 2827 2826
f 2822 2823 2828 2827
f 2823 2824 2829 2828
f 2824 2825 2830 2829
f 2825 2821 2826 2830
f 2831 2832 2837 2836
f 2832 2833 2838 2837
f 2833 2834 2839 2838
f 2834 2835 2840 2839
f 2835 2831 2836 2840
f 2841 2842 2847 2846
f 2842 2843 2848 2847
f 2843 2844 2849 2848
f 2844 2845 2850 2849
f 2845 2841 2846 2850
f 2851 2852 2857 2856
f 2852 2853 2858 2857
f 2853 2854 2859 2858
f 2854 2855 2860 2859
f 2855 2851 2856 2860
f 2861 2862 2867 2866
f 2862 2863 2868 2867
f 2863 2864 2869 2868
f 2864 2865 2870 2869
f 2865 2861 2866 2870
f 2871 2872 2877 2876
f 2872 2873 2878 2877
f 2873 2874 2879 2878
f 2874 2875 2880 2879
f 2875 2871 2876 2880
f 2881 2882 2887 2886
f 2882 2883 2888 2887
f 2883 2884 2889 2888
f 2884 2885 2890 2889
f 2885 2881 2886 2890
f 2891 2892 2897 2896
f 2892 2893 2898 2897
f 2893 2894 2899 2898
f 2894 2895 2900 2899
f 2895 2891 2896 2900
f 2901 2902 2907 2906
f 2902 2903 2908 2907
f 2903 2904 2909 2908
f 2904 2905 2910 2909
f 2905 2901 2906 2910
f 2911 2912 2917 2916
f 2912 2913 2918 2917
f 2913 2914 2919 2918
f 2914 2915 2920 2919
f 2915 2911 2916 2920
f 2921 2922 2927 2926
f 2922 2923 2928 2927
f 2923 2924 2929 2928
f 2924 2925 2930 2929
f 2925 2921 2926 2930
f 2931 2932 2937 2936
f 2932 2933 2938 2937
f 2933 2934 2939 2938
f 2934 2935 2940 2939
f 2935 2931 2936 2940
f 2941 2942 2947 2946
f 2942 2943 2948 2947
f 2943 2944 2949 2948
f 2944 2945 2950 2949
f 2945 2941 2946 2950
f 2951 2952 2957 2956
f 2952 2953 2958 2957
f 2953 2954 2959 2958
f 2954 2955 2960 2959
f 2955 2951 2956 2960
f 2961 2962 2967 2966
f 2962 2963 2968 2967
f 2963 2964 2969 2968
f 2964 2965 2970 2969
f 2965 2961 2966 2970
f 2971 2972 2977 2976
f 2972 2973 2978 2977
f 2973 2974 2979 2978
f 2974 2975 2980 2979
f 2975 2971 2976 2980
f 2981 2982 2987 2986
f 2982 2983 2988 2987
f 2983 2984 2989 2988
f 2984 2985 2990 2989
f 2985 2981 2986 2990
f 2991 2992 2997 2996
f 2992 2993 2998 2997
f 2993 2994 2999 2998
f 2994 2995 3000 2999
f 2995 2991 2996 3000
f 3001 3002 3007 3006
f 3002 3003 3008 3007
f 3003 3004 3009 3008
f 3004 3005 3010 3009
f 3005 3001 3006 3010
f 3011 3012 3017 3016
f 3012 3013 3018 3017
f 3013 3014 3019 3018
f 3014 3015 3020 3019
f 3015 3011 3016 3020
f 3021 3022 3027 3026
f 3022 3023 3028 3027
f 3023 3024 3029 3028
f 3024 3025 3030 3029
f 3025 3021 3026 3030
f 3031 3032 3037 3036
f 3032 3033 3038 3037
f 3033 3034 3039 3038
f 3034 3035 3040 3039
f 3035 3031 3036 3040
f 3041 3042 3047 3046
f 3042 3043 3048 3047
f 3043 3044 3049 3048
f 3044 3045 3050 3049
f 3045 3041 3046 3050
f 3051 3052 3057 3056
f 3052 3053 3058 3057
f 3053 3054 3059 3058
f 3054 3055 3060 3059
f 3055 3051 3056 3060
f 3061 3062 3067 3066
f 3062 3063 3068 3067
f 3063 3064 3069 3068
f 3064 3065 3070 3069
f 3065 3061 3066 3070
f 3071 3072 3077 3076
f 3072 3073 3078 3077
f 3073 3074 3079 3078
f 3074 3075 3080 3079
f 3075 3071 3076 3080
f 3081 3082 3087 3086
f 3082 3083 3088 3087
f 3083 3084 3089 3088
f 3084 3085 3090 3089
f 3085 3081 3086 3090
f 3091 3092 3097 3096
f 3092 3093 3098 3097
f 3093 3094 3099 3098
f 3094 3095 3100 3099
f 3095 3091 3096 3100
f 3101 3102 3107 3106
f 3102 3103 3108 3107
f 3103 3104 3109 3108
f 3104 3105 3110 3109
f 3105 3101 3106 3110
f 3111 3112 3117 3116
f 3112 3113 3118 3117
f 3113 3114 3119 3118
f 3114 3115 3120 3119
f 3115 3111 3116 3120
f 3121 3122 3127 3126
f 3122 3123 3128 3127
f 3123 3124 3129 3128
f 3124 3125 3130 3129
f 3125 3121 3126 3130
f 3131 3132 3137 3136
f 3132 3133 3138 3137
f 3133 3134 3139 3138
f 3134 3135 3140 3139
f 3135 3131 3136 3140
f 3141 3142 3147 3146
f 3142 3143 3148 3147
f 3143 3144 3149 3148
f 3144 3145 3150 3149
f 3145 3141 3146 3150
f 3151 3152 3157 3156
f 3152 3153 3158 3157
f 3153 3154 3159 3158
f 3154 3155 3160 3159
f 3155 3151 3156 3160
f 3161 3162 3167 3166
f 3162 3163 3168 3167
f 3163 3164 3169 3168
f 3164 3165 3170 3169
f 3165 3161 3166 3170
f 3171 3172 3177 3176
f 3172 3173 3178 3177
f 3173 3174 3179 3178
f 3174 3175 3180 3179
f 3175 3171 3176 3180
f 3181 3182 3187 3186
f 3182 3183 3188 3187
f 3183 3184 3189 3188
f 3184 3185 3190 3189
f 3185 3181 3186 3190
f 3191 3192 3197 3196
f 3192 3193 3198 3197
f 3193 3194 3199 3198
f 3194 3195 3200 3199
f 3195 3191 3196 3200
f 3201 3202 3207 3206
f 3202 3203 3208 3207
f 3203 3204 3209 3208
f 3204 3205 3210 3209
f 3205 3201 3206 3210
f 3211 3212 3217 3216
f 3212 3213 3218 3217
f 3213 3214 3219 3218
f 3214 3215 3220 3219
f 3215 3211 3216 3220
f 3221 3222 3227 3226
f 3222 3223 3228 3227
f 3223 3224 3229 3228
f 3224 3225 3230 3229
f 3225 3221 3226 3230
f 3231 3232 3237 3236
f 3232 3233 3238 3237
f 3233 3234 3239 3238
f 3234 3235 3240 3239
f 3235 3231 3236 3240
f 3241 3242 3247 3246
f 3242 3243 3248 3247
f 3243 3244 3249 3248
f 3244 3245 3250 3249
f 3245 3241 3246 3250
f 3251 3252 3257 3256
f 3252 3253 3258 3257
f 3253 3254 3259 3258
f 3254 3255 3260 3259
f 3255 3251 3256 3260
f 3261 3262 3267 3266
f 3262 3263 3268 3267
f 3263 3264 3269 3268
f 3264 3265 3270 3269
f 3265 3261 3266 3270
f 3271 3272 3277 3276
f 3272 3273 3278 3277
f 3273 3274 3279 3278
f 3274 3275 3280 3279
f 3275 3271 3276 3280
f 3281 3282 3287 3286
f 3282 3283 3288 3287
f 3283 3284 3289 3288
f 3284 3285 3290 3289
f 3285 3281 3286 3290
f 3291 3292 3297 3296
f 3292 3293 3298 3297
f 3293 3294 3299 3298
f 3294 3295 3300 3299
f 3295 3291 3296 3300
f 3301 3302 3307 3306
f 3302 3303 3308 3307
f 3303 3304 3309 3308
f 3304 3305 3310 3309
f 3305 3301 3306 3310
f 3311 3312 3317 3316
f 3312 3313 3318 3317
f 3313 3314 3319 3318
f 3314 3315 3320 3319
f 3315 3311 3316 3320
f 3321 3322 3327 3326
f 3322 3323 3328 3327
f 3323 3324 3329 3328
f 3324 3325 3330 3329
f 3325 3321 3326 3330
f 3331 3332 3337 3336
f 3332 3333 3338 3337
f 3333 3334 3339 3338
f 3334 3335 3340 3339
f 3335 3331 3336 3340
f 3341 3342 3347 3346
f 3342 3343 3348 3347
f 3343 3344 3349 3348
f 3344 3345 3350 3349
f 3345 3341 3346 3350
f 3351 3352 3357 3356
f 3352 3353 3358 3357
f 3353 3354 3359 3358
f 3354 3355 3360 3359
f 3355 3351 3356 3360
f 3361 3362 3367 3366
f 3362 3363 3368 3367
f 3363 3364 3369 3368
f 3364 3365 3370 3369
f 3365 3361 3366 3370
f 3371 3372 3377 3376
f 3372 3373 3378 3377
f 3373 3374 3379 3378
f 3374 3375 3380 3379
f 3375 3371 3376 3380
f 3381 3382 3387 3386
f 3382 3383 3388 3387
f 3383 3384 3389 3388
f 3384 3385 3390 3389
f 3385 3381 3386 3390
f 3391 3392 3397 3396
f 3392 3393 3398 3397
f 3393 3394 3399 3398
f 3394 3395 3400 3399
f 3395 3391 3396 3400
f 3401 3402 3407 3406
f 3402 3403 3408 3407
f 3403 3404 3409 3408
f 3404 3405 3410 3409
f 3405 3401 3406 3410
f 3411 3412 3417 3416
f 3412 3413 3418 3417
f 3413 3414 3419 3418
f 3414 3415 3420 3419
f 3415 3411 3416 3420
f 3421 3422 3427 3426
f 3422 3423 3428 3427
f 3423 3424 3429 3428
f 3424 3425 3430 3429
f 3425 3421 3426 3430
f 3431 3432 3437 3436
f 3432 3433 3438 3437
f 3433 3434 3439 3438
f 3434 3435 3440 3439
f 3435 3431 3436 3440
f 3441 3442 3447 3446
f 3442 3443 3448 3447
f 3443 3444 3449 3448
f 3444 3445 3450 3449
f 3445 3441 3446 3450
f 3451 3452 3457 3456
f 3452 3453 3458 3457
f 3453 3454 3459 3458
f 3454 3455 3460 3459
f 3455 3451 3456 3460
f 3461 3462 3467 3466
f 3462 3463 3468 3467
f 3463 3464 3469 3468
f 3464 3465 3470 3469
f 3465 3461 3466 3470
f 3471 3472 3477 3476
f 3472 3473 3478 3477
f 3473 3474 3479 3478
f 3474 3475 3480 3479
f 3475 3471 3476 3480
f 3481 3482 3487 3486
f 3482 3483 3488 3487
f 3483 3484 3489 3488
f 3484 3485 3490 3489
f 3485 3481 3486 3490
f 3491 3492 3497 3496
f 3492 3493 3498 3497
f 3493 3494 3499 3498
f 3494 3495 3500 3499
f 3495 3491 3496 3500
f 3501 3502 3507 3506
f 3502 3503 3508 3507
f 3503 3504 3509 3508
f 3504 3505 3510 3509
f 3505 3501 3506 3510
f 3511 3512 3517 3516
f 3512 3513 3518 3517
f 3513 3514 3519 3518
f 3514 3515 3520 3519
f 3515 3511 3516 3520
f 3521 3522 3527 3526
f 3522 3523 3528 3527
f 3523 3524 3529 3528
f 3524 3525 3530 3529
f 3525 3521 3526 3530
f 3531 3532 3537 3536
f 3532 3533 3538 3537
f 3533 3534 3539 3538
f 3534 3535 3540 3539
f 3535 3531 3536 3540
f 3541 3542 3547 3546
f 3542 3543 3548 3547
f 3543 3544 3549 3548
f 3544 3545 3550 3549
f 3545 3541 3546 3550
f 3551 3552 3557 3556
f 3552 3553 3558 3557
f 3553 3554 3559 3558
f 3554 3555 3560 3559
f 3555 3551 3556 3560
f 3561 3562 3567 3566
f 3562 3563 3568 3567
f 3563 3564 3569 3568
f 3564 3565 3570 3569
f 3565 3561 3566 3570
f 3571 3572 3577 3576
f 3572 3573 3578 3577
f 3573 3574 3579 3578
f 3574 3575 3580 3579
f 3575 3571 3576 3580
f 3581 3582 3587 3586
f 3582 3583 3588 3587
f 3583 3584 3589 3588
f 3584 3585 3590 3589
f 3585 3581 3586 3590
f 3591 3592 3597 3596
f 3592 3593 3598 3597
f 3593 3594 3599 3598
f 3594 3595 3600 3599
f 3595 3591 3596 3600
f 3601 3602 3607 3606
f 3602 3603 3608 3607
f 3603 3604 3609 3608
f 3604 3605 3610 3609
f 3605 3601 3606 3610
f 3611 3612 3617 3616
f 3612 3613 3618 3617
f 3613 3614 3619 3618
f 3614 3615 3620 3619
f 3615 3611 3616 3620
f 3621 3622 3627 3626
f 3622 3623 3628 3627
f 3623 3624 3629 3628
f 3624 3625 3630 3629
f 3625 3621 3626 3630
f 3631 3632 3637 3636
f 3632 3633 3638 3637
f 3633 3634 3639 3638
f 3634 3635 3640 3639
f 3635 3631 3636 3640
f 3641 3642 3647 3646
f 3642 3643 3648 3647
f 3643 3644 3649 3648
f 3644 3645 3650 3649
f 3645 3641 3646 3650
f 3651 3652 3657 3656
f 3652 3653 3658 3657
f 3653 3654 3659 3658
f 3654 3655 3660 3659
f 3655 3651 3656 3660
f 3661 3662 3667 3666
f 3662 3663 3668 3667
f 3663 3664 3669 3668
f 3664 3665 3670 3669
f 3665 3661 3666 3670
f 3671 3672 3677 3676
f 3672 3673 3678 3677
f 3673 3674 3679 3678
f 3674 3675 3680 3679
f 3675 3671 3676 3680
f 3681 3682 3687 3686
f 3682 3683 3688 3687
f 3683 3684 3689 3688
f 3684 3685 3690 3689
f 3685 3681 3686 3690
f 3691 3692 3697 3696
f 3692 3693 3698 3697
f 3693 3694 3699 3698
f 3694 3695 3700 3699
f 3695 3691 3696 3700
f 3701 3702 3707 3706
f 3702 3703 3708 3707
f 3703 3704 3709 3708
f 3704 3705 3710 3709
f 3705 3701 3706 3710
f 3711 3712 3717 3716
f 3712 3713 3718 3717
f 3713 3714 3719 3718
f 3714 3715 3720 3719
f 3715 3711 3716 3720
f 3721 3722 3727 3726
f 3722 3723 3728 3727
f 3723 3724 3729 3728
f 3724 3725 3730 3729
f 3725 3721 3726 3730
f 3731 3732 3737 3736
f 3732 3733 3738 3737
f 3733 3734 3739 3738
f 3734 3735 3740 3739
f 3735 3731 3736 3740
f 3741 3742 3747 3746
f 3742 3743 3748 3747
f 3743 3744 3749 3748
f 3744 3745 3750 3749
f 3745 3741 3746 3750
f 3751 3752 3757 3756
f 3752 3753 3758 3757
f 3753 3754 3759 3758
f 3754 3755 3760 3759
f 3755 3751 3756 3760
f 3761 3762 3767 3766
f 3762 3763 3768 3767
f 3763 3764 3769 3768
f 3764 3765 3770 3769
f 3765 3761 3766 3770
f 3771 3772 3777 3776
f 3772 3773 3778 3777
f 3773 3774 3779 3778
f 3774 3775 3780 3779
f 3775 3771 3776 3780
f 3781 3782 3787 3786
f 3782 3783 3788 3787
f 3783 3784 3789 3788
f 3784 3785 3790 3789
f 3785 3781 3786 3790
f 3791 3792 3797 3796
f 3792 3793 3798 3797
f 3793 3794 3799 3798
f 3794 3795 3800 3799
f 3795 3791 3796 3800
f 3801 3802 3807 3806
f 3802 3803 3808 3807
f 3803 3804 3809 3808
f 3804 3805 3810 3809
f 3805 3801 3806 3810
f 3811 3812 3817 3816
f 3812 3813 3818 3817
f 3813 3814 3819 3818
f 3814 3815 3820 3819
f 3815 3811 3816 3820
f 3821 3822 3827 3826
f 3822 3823 3828 3827
f 3823 3824 3829 3828
f 3824 3825 3830 3829
f 3825 3821 3826 3830
f 3831 3832 3837 3836
f 3832 3833 3838 3837
f 3833 3834 3839 3838
f 3834 3835 3840 3839
f 3835 3831 3836 3840
f 3841 3842 3847 3846
f 3842 3843 3848 3847
f 3843 3844 3849 3848
f 3844 3845 3850 3849
f 3845 3841 3846 3850
f 3851 3852 3857 3856
f 3852 3853 3858 3857
f 3853 3854 3859 3858
f 3854 3855 3860 3859
f 3855 3851 3856 3860
f 3861 3862 3867 3866
f 3862 3863 3868 3867
f 3863 3864 3869 3868
f 3864 3865 3870 3869
f 3865 3861 3866 3870
f 3871 3872 3877 3876
f 3872 3873 3878 3877
f 3873 3874 3879 3878
f 3874 3875 3880 3879
f 3875 3871 3876 3880
f 3881 3882 3887 3886
f 3882 3883 3888 3887
f 3883 3884 3889 3888
f 3884 3885 3890 3889
f 3885 3881 3886 3890
f 3891 3892 3897 3896
f 3892 3893 3898 3897
f 3893 3894 3899 3898
f 3894 3895 3900 3899
f 3895 3891 3896 3900
f 3901 3902 3907 3906
f 3902 3903 3908 3907
f 3903 3904 3909 3908
f 3904 3905 3910 3909
f 3905 3901 3906 3910
f 3911 3912 3917 3916
f 3912 3913 3918 3917
f 3913 3914 3919 3918
f 3914 3915 3920 3919
f 3915 3911 3916 3920
f 3921 3922 3927 3926
f 3922 3923 3928 3927
f 3923 3924 3929 3928
f 3924 3925 3930 3929
f 3925 3921 3926 3930
f 3931 3932 3937 3936
f 3932 3933 3938 3937
f 3933 3934 3939 3938
f 3934 3935 3940 3939
f 3935 3931 3936 3940
f 3941 3942 3947 3946
f 3942 3943 3948 3947
f 3943 3944 3949 3948
f 3944 3945 3950 3949
f 3945 3941 3946 3950
f 3951 3952 3957 3956
f 3952 3953 3958 3957
f 3953 3954 3959 3958
f 3954 3955 3960 3959
f 3955 3951 3956 3960
f 3961 3962 3967 3966
f 3962 3963 3968 3967
f 3963 3964 3969 3968
f 3964 3965 3970 3969
f 3965 3961 3966 3970
f 3971 3972 3977 3976
f 3972 3973 3978 3977
f 3973 3974 3979 3978
f 3974 3975 3980 3979
f 3975 3971 3976 3980
f 3981 3982 3987 3986
f 3982 3983 3988 3987
f 3983 3984 3989 3988
f 3984 3985 3990 3989
f 3985 3981 3986 3990
f 3991 3992 3997 3996
f 3992 3993 3998 3997
f 3993 3994 3999 3998
f 3994 3995 4000 3999
f 3995 3991 3996 4000
f 4001 4002 4007 4006
f 4002 4003 4008 4007
f 4003 4004 4009 4008
f 4004 4005 4010 4009
f 4005 4001 4006 4010
f 4011 4012 4017 4016
f 4012 4013 4018 4017
f 4013 4014 4019 4018
f 4014 4015 4020 4019
f 4015 4011 4016 4020
f 4021 4022 4027 4026
f 4022 4023 4028 4027
f 4023 4024 4029 4028
f 4024 4025 4030 4029
f 4025 4021 4026 4030
f 4031 4032 4037 4036
f 4032 4033 4038 4037
f 4033 4034 4039 4038
f 4034 4035 4040 4039
f 4035 4031 4036 4040
f 4041 4042 4047 4046
f 4042 4043 4048 4047
f 4043 4044 4049 4048
f 4044 4045 4050 4049
f 4045 4041 4046 4050
f 4051 4052 4057 4056
f 4052 4053 4058 4057
f 4053 4054 4059 4058
f 4054 4055 4060 4059
f 4055 4051 4056 4060
f 4061 4062 4067 4066
f 4062 4063 4068 4067
f 4063 4064 4069 4068
f 4064 4065 4070 4069
f 4065 4061 4066 4070
f 4071 4072 4077 4076
f 4072 4073 4078 4077
f 4073 4074 4079 4078
f 4074 4075 4080 4079
f 4075 4071 4076 4080
f 4081 4082 4087 4086
f 4082 4083 4088 4087
f 4083 4084 4089 4088
f 4084 4085 4090 4089
f 4085 4081 4086 4090
f 4091 4092 4097 4096
f 4092 4093 4098 4097
f 4093 4094 4099 4098
f 4094 4095 4100 4099
f 4095 4091 4096 4100
f 4101 4102 4107 4106
f 4102 4103 4108 4107
f 4103 4104 4109 4108
f 4104 4105 4110 4109
f 4105 4101 4106 4110
f 4111 4112 4117 4116
f 4112 4113 4118 4117
f 4113 4114 4119 4118
f 4114 4115 4120 4119
f 4115 4111 4116 4120
f 4121 4122 4127 4126
f 4122 4123 4128 4127
f 4123 4124 4129 4128
f 4124 4125 4130 4129
f 4125 4121 4126 4130
f 4131 4132 4137 4136
f 4132 4133 4138 4137
f 4133 4134 4139 4138
f 4134 4135 4140 4139
f 4135 4131 4136 4140
f 4141 4142 4147 4146
f 4142 4143 4148 4147
f 4143 4144 4149 4148
f 4144 4145 4150 4149
f 4145 4141 4146 4150
f 4151 4152 4157 4156
f 4152 4153 4158 4157
f 4153 4154 4159 4158
f 4154 4155 4160 4159
f 4155 4151 4156 4160
f 4161 4162 4167 4166
f 4162 4163 4168 4167
f 4163 4164 4169 4168
f 4164 4165 4170 4169
f 4165 4161 4166 4170
f 4171 4172 4177 4176
f 4172 4173 4178 4177
f 4173 4174 4179 4178
f 4174 4175 4180 4179
f 4175 4171 4176 4180
f 4181 4182 4187 4186
f 4182 4183 4188 4187
f 4183 4184 4189 4188
f 4184 4185 4190 4189
f 4185 4181 4186 4190
f 4191 4192 4197 4196
f 4192 4193 4198 4197
f 4193 4194 4199 4198
f 4194 4195 4200 4199
f 4195 4191 4196 4200
f 4201 4202 4207 4206
f 4202 4203 4208 4207
f 4203 4204 4209 4208
f 4204 4205 4210 4209
f 4205 4201 4206 4210
f 4211 4212 4217 4216
f 4212 4213 4218 4217
f 4213 4214 4219 4218
f 4214 4215 4220 4219
f 4215 4211 4216 4220
f 4221 4222 4227 4226
f 4222 4223 4228 4227
f 4223 4224 4229 4228
f 4224 4225 4230 4229
f 4225 4221 4226 4230
f 4231 4232 4237 4236
f 4232 4233 4238 4237
f 4233 4234 4239 4238
f 4234 4235 4240 4239
f 4235 4231 4236 4240
f 4241 4242 4247 4246
f 4242 4243 4248 4247
f 4243 4244 4249 4248
f 4244 4245 4250 4249
f 4245 4241 4246 4250
f 4251 4252 4257 4256
f 4252 4253 4258 4257
f 4253 4254 4259 4258
f 4254 4255 4260 4259
f 4255 4251 4256 4260
f 4261 4262 4267 4266
f 4262 4263 4268 4267
f 4263 4264 4269 4268
f 4264 4265 4270 4269
f 4265 4261 4266 4270
f 4271 4272 4277 4276
f 4272 4273 4278 4277
f 4273 4274 4279 4278
f 4274 4275 4280 4279
f 4275 4271 4276 4280
f 4281 4282 4287 4286
f 4282 4283 4288 4287
f 4283 4284 4289 4288
f 4284 4285 4290 4289
f 4285 4281 4286 4290
f 4291 4292 4297 4296
f 4292 4293 4298 4297
f 4293 4294 4299 4298
f 4294 4295 4300 4299
f 4295 4291 4296 4300
f 4301 4302 4307 4306
f 4302 4303 4308 4307
f 4303 4304 4309 4308
f 4304 4305 4310 4309
f 4305 4301 4306 4310
f 4311 4312 4317 4316
f 4312 4313 4318 4317
f 4313 4314 4319 4318
f 4314 4315 4320 4319
f 4315 4311 4316 4320
f 4321 4322 4327 4326
f 4322 4323 4328 4327
f 4323 4324 4329 4328
f 4324 4325 4330 4329
f 4325 4321 4326 4330
f 4331 4332 4337 4336
f 4332 4333 4338 4337
f 4333 4334 4339 4338
f 4334 4335 4340 4339
f 4335 4331 4336 4340
f 4341 4342 4347 4346
f 4342 4343 4348 4347
f 4343 4344 4349 4348
f 4344 4345 4350 4349
f 4345 4341 4346 4350
f 4351 4352 4357 4356
f 4352 4353 4358 4357
f 4353 4354 4359 4358
f 4354 4355 4360 4359
f 4355 4351 4356 4360
f 4361 4362 4367 4366
f 4362 4363 4368 4367
f 4363 4364 4369 4368
f 4364 4365 4370 4369
f 4365 4361 4366 4370
f 4371 4372 4377 4376
f 4372 4373 4378 4377
f 4373 4374 4379 4378
f 4374 4375 4380 4379
f 4375 4371 4376 4380
f 4381 4382 4387 4386
f 4382 4383 4388 4387
f 4383 4384 4389 4388
f 4384 4385 4390 4389
f 4385 4381 4386 4390
f 4391 4392 4397 4396
f 4392 4393 4398 4397
f 4393 4394 4399 4398
f 4394 4395 4400 4399
f 4395 4391 4396 4400
f 4401 4402 4407 4406
f 4402 4403 4408 4407
f 4403 4404 4409 4408
f 4404 4405 4410 4409
f 4405 4401 4406 4410
f 4411 4412 4417 4416
f 4412 4413 4418 4417
f 4413 4414 4419 4418
f 4414 4415 4420 4419
f 4415 4411 4416 4420
f 4421 4422 4427 4426
f 4422 4423 4428 4427
f 4423 4424 4429 4428
f 4424 4425 4430 4429
f 4425 4421 4426 4430
f 4431 4432 4437 4436
f 4432 4433 4438 4437
f 4433 4434 4439 4438
f 4434 4435 4440 4439
f 4435 4431 4436 4440
f 4441 4442 4447 4446
f 4442 4443 4448 4447
f 4443 4444 4449 4448
f 4444 4445 4450 4449
f 4445 4441 4446 4450
f 4451 4452 4457 4456
f 4452 4453 4458 4457
f 4453 4454 4459 4458
f 4454 4455 4460 4459
f 4455 4451 4456 4460
f 4461 4462 4467 4466
f 4462 4463 4468 4467
f 4463 4464 4469 4468
f 4464 4465 4470 4469
f 4465 4461 4466 4470
f 4471 4472 4477 4476
f 4472 4473 4478 4477
f 4473 4474 4479 4478
f 4474 4475 4480 4479
f 4475 4471 4476 4480
f 4481 4482 4487 4486
f 4482 4483 4488 4487
f 4483 4484 4489 4488
f 4484 4485 4490 4489
f 4485 4481 4486 4490
f 4491 4492 4497 4496
f 4492 4493 4498 4497
f 4493 4494 4499 4498
f 4494 4495 4500 4499
f 4495 4491 4496 4500
f 4501 4502 4507 4506
f 4502 4503 4508 4507
f 4503 4504 4509 4508
f 4504 4505 4510 4509
f 4505 4501 4506 4510
f 4511 4512 4517 4516
f 4512 4513 4518 4517
f 4513 4514 4519 4518
f 4514 4515 4520 4519
f 4515 4511 4516 4520
f 4521 4522 4527 4526
f 4522 4523 4528 4527
f 4523 4524 4529 4528
f 4524 4525 4530 4529
f 4525 4521 4526 4530
f 4531 4532 4537 4536
f 4532 4533 4538 4537
f 4533 4534 4539 4538
f 4534 4535 4540 4539
f 4535 4531 4536 4540
f 4541 4542 4547 4546
f 4542 4543 4548 4547
f 4543 4544 4549 4548
f 4544 4545 4550 4549
f 4545 4541 4546 4550
f 4551 4552 4557 4556
f 4552 4553 4558 4557
f 4553 4554 4559 4558
f 4554 4555 4560 4559
f 4555 4551 4556 4560
f 4561 4562 4567 4566
f 4562 4563 4568 4567
f 4563 4564 4569 4568
f 4564 4565 4570 4569
f 4565 4561 4566 4570
f 4571 4572 4577 4576
f 4572 4573 4578 4577
f 4573 4574 4579 4578
f 4574 4575 4580 4579
f 4575 4571 4576 4580
f 4581 4582 4587 4586
f 4582 4583 4588 4587
f 4583 4584 4589 4588
f 4584 4585 4590 4589
f 4585 4581 4586 4590
f 4591 4592 4597 4596
f 4592 4593 4598 4597
f 4593 4594 4599 4598
f 4594 4595 4600 4599
f 4595 4591 4596 4600
f 4601 4602 4607 4606
f 4602 4603 4608 4607
f 4603 4604 4609 4608
f 4604 4605 4610 4609
f 4605 4601 4606 4610
f 4611 4612 4617 4616
f 4612 4613 4618 4617
f 4613 4614 4619 4618
f 4614 4615 4620 4619
f 4615 4611 4616 4620
f 4621 4622 4627 4626
f 4622 4623 4628 4627
f 4623 4624 4629 4628
f 4624 4625 4630 4629
f 4625 4621 4626 4630
f 4631 4632 4637 4636
f 4632 4633 4638 4637
f 4633 4634 4639 4638
f 4634 4635 4640 4639
f 4635 4631 4636 4640
f 4641 4642 4647 4646
f 4642 4643 4648 4647
f 4643 4644 4649 4648
f 4644 4645 4650 4649
f 4645 4641 4646 4650
f 4651 4652 4657 4656
f 4652 4653 4658 4657
f 4653 4654 4659 4658
f 4654 4655 4660 4659
f 4655 4651 4656 4660
f 4661 4662 4667 4666
f 4662 4663 4668 4667
f 4663 4664 4669 4668
f 4664 4665 4670 4669
f 4665 4661 4666 4670
f 4671 4672 4677 4676
f 4672 4673 4678 4677
f 4673 4674 4679 4678
f 4674 4675 4680 4679
f 4675 4671 4676 4680
f 4681 4682 4687 4686
f 4682 4683 4688 4687
f 4683 4684 4689 4688
f 4684 4685 4690 4689
f 4685 4681 4686 4690
f 4691 4692 4697 4696
f 4692 4693 4698 4697
f 4693 4694 4699 4698
f 4694 4695 4700 4699
f 4695 4691 4696 4700
f 4701 4702 4707 4706
f 4702 4703 4708 4707
f 4703 4704 4709 4708
f 4704 4705 4710 4709
f 4705 4701 4706 4710
f 4711 4712 4717 4716
f 4712 4713 4718 4717
f 4713 4714 4719 4718
f 4714 4715 4720 4719
f 4715 4711 4716 4720
f 4721 4722 4727 4726
f 4722 4723 4728 4727
f 4723 4724 4729 4728
f 4724 4725 4730 4729
f 4725 4721 4726 4730
f 4731 4732 4737 4736
f 4732 4733 4738 4737
f 4733 4734 4739 4738
f 4734 4735 4740 4739
f 4735 4731 4736 4740
f 4741 4742 4747 4746
f 4742 4743 4748 4747
f 4743 4744 4749 4748
f 4744 4745 4750 4749
f 4745 4741 4746 4750
f 4751 4752 4757 4756
f 4752 4753 4758 4757
f 4753 4754 4759 4758
f 4754 4755 4760 4759
f 4755 4751 4756 4760
f 4761 4762 4767 4766
f 4762 4763 4768 4767
f 4763 4764 4769 4768
f 4764 4765 4770 4769
f 4765 4761 4766 4770
f 4771 4772 4777 4776
f 4772 4773 4778 4777
f 4773 4774 4779 4778
f 4774 4775 4780 4779
f 4775 4771 4776 4780
f 4781 4782 4787 4786
f 4782 4783 4788 4787
f 4783 4784 4789 4788
f 4784 4785 4790 4789
f 4785 4781 4786 4790
f 4791 4792 4797 4796
f 4792 4793 4798 4797
f 4793 4794 4799 4798
f 4794 4795 4800 4799
f 4795 4791 4796 4800
f 4801 4802 4807 4806
f 4802 4803 4808 4807
f 4803 4804 4809 4808
f 4804 4805 4810 4809
f 4805 4801 4806 4810
f 4811 4812 4817 4816
f 4812 4813 4818 4817
f 4813 4814 4819 4818
f 4814 4815 4820 4819
f 4815 4811 4816 4820
f 4821 4822 4827 4826
f 4822 4823 4828 4827
f 4823 4824 4829 4828
f 4824 4825 4830 4829
f 4825 4821 4826 4830
f 4831 4832 4837 4836
f 4832 4833 4838 4837
f 4833 4834 4839 4838
f 4834 4835 4840 4839
f 4835 4831 4836 4840
f 4841 4842 4847 4846
f 4842 4843 4848 4847
f 4843 4844 4849 4848
f 4844 4845 4850 4849
f 4845 4841 4846 4850
f 4851 4852 4857 4856
f 4852 4853 4858 4857
f 4853 4854 4859 4858
f 4854 4855 4860 4859
f 4855 4851 4856 4860
f 4861 4862 4867 4866
f 4862 4863 4868 4867
f 4863 4864 4869 4868
f 4864 4865 4870 4869
f 4865 4861 4866 4870
f 4871 4872 4877 4876
f 4872 4873 4878 4877
f 4873 4874 4879 4878
f 4874 4875 4880 4879
f 4875 4871 4876 4880
f 4881 4882 4887 4886
f 4882 4883 4888 4887
f 4883 4884 4889 4888
f 4884 4885 4890 4889
f 4885 4881 4886 4890
f 4891 4892 4897 4896
f 4892 4893 4898 4897
f 4893 4894 4899 4898
f 4894 4895 4900 4899
f 4895 4891 4896 4900
f 4901 4902 4907 4906
f 4902 4903 4908 4907
f 4903 4904 4909 4908
f 4904 4905 4910 4909
f 4905 4901 4906 4910
f 4911 4912 4917 4916
f 4912 4913 4918 4917
f 4913 4914 4919 4918
f 4914 4915 4920 4919
f 4915 4911 4916 4920
f 4921 4922 4927 4926
f 4922 4923 4928 4927
f 4923 4924 4929 4928
f 4924 4925 4930 4929
f 4925 4921 4926 4930
f 4931 4932 4937 4936
f 4932 4933 4938 4937
f 4933 4934 4939 4938
f 4934 4935 4940 4939
f 4935 4931 4936 4940
f 4941 4942 4947 4946
f 4942 4943 4948 4947
f 4943 4944 4949 4948
f 4944 4945 4950 4949
f 4945 4941 4946 4950
f 4951 4952 4957 4956
f 4952 4953 4958 4957
f 4953 4954 4959 4958
f 4954 4955 4960 4959
f 4955 4951 4956 4960
f 4961 4962 4967 4966
f 4962 4963 4968 4967
f 4963 4964 4969 4968
f 4964 4965 4970 4969
f 4965 4961 4966 4970
f 4971 4972 4977 4976
f 4972 4973 4978 4977
f 4973 4974 4979 4978
f 4974 4975 4980 4979
f 4975 4971 4976 4980
f 4981 4982 4987 4986
f 4982 4983 4988 4987
f 4983 4984 4989 4988
f 4984 4985 4990 4989
f 4985 4981 4986 4990
f 4991 4992 4997 4996
f 4992 4993 4998 4997
f 4993 4994 4999 4998
f 4994 4995 5000 4999
f 4995 4991 4996 5000
f 5001 5002 5007 5006
f 5002 5003 5008 5007
f 5003 5004 5009 5008
f 5004 5005 5010 5009
f 5005 5001 5006 5010
f 5011 5012 5017 5016
f 5012 5013 5018 5017
f 5013 5014 5019 5018
f 5014 5015 5020 5019
f 5015 5011 5016 5020
f 5021 5022 5027 5026
f 5022 5023 5028 5027
f 5023 5024 5029 5028
f 5024 5025 5030 5029
f 5025 5021 5026 5030
f 5031 5032 5037 5036
f 5032 5033 5038 5037
f 5033 5034 5039 5038
f 5034 5035 5040 5039
f 5035 5031 5036 5040
f 5041 5042 5047 5046
f 5042 5043 5048 5047
f 5043 5044 5049 5048
f 5044 5045 5050 5049
f 5045 5041 5046 5050
f 5051 5052 5057 5056
f 5052 5053 5058 5057
f 5053 5054 5059 5058
f 5054 5055 5060 5059
f 5055 5051 5056 5060
f 5061 5062 5067 5066
f 5062 5063 5068 5067
f 5063 5064 5069 5068
f 5064 5065 5070 5069
f 5065 5061 5066 5070
f 5071 5072 5077 5076
f 5072 5073 5078 5077
f 5073 5074 5079 5078
f 5074 5075 5080 5079
f 5075 5071 5076 5080
f 5081 5082 5087 5086
f 5082 5083 5088 5087
f 5083 5084 5089 5088
f 5084 5085 5090 5089
f 5085 5081 5086 5090
f 5091 5092 5097 5096
f 5092 5093 5098 5097
f 5093 5094 5099 5098
f 5094 5095 5100 5099
f 5095 5091 5096 5100
f 5101 5102 5107 5106
f 5102 5103 5108 5107
f 5103 5104 5109 5108
f 5104 5105 5110 5109
f 5105 5101 5106 5110
f 5111 5112 5117 5116
f 5112 5113 5118 5117
f 5113 5114 5119 5118
f 5114 5115 5120 5119
f 5115 5111 5116 5120
f 5121 5122 5127 5126
f 5122 5123 5128 5127
f 5123 5124 5129 5128
f 5124 5125 5130 5129
f 5125 5121 5126 5130
f 5131 5132 5137 5136
f 5132 5133 5138 5137
f 5133 5134 5139 5138
f 5134 5135 5140 5139
f 5135 5131 5136 5140
f 5141 5142 5147 5146
f 5142 5143 5148 5147
f 5143 5144 5149 5148
f 5144 5145 5150 5149
f 5145 5141 5146 5150
f 5151 5152 5157 5156
f 5152 5153 5158 5157
f 5153 5154 5159 5158
f 5154 5155 5160 5159
f 5155 5151 5156 5160
f 5161 5162 5167 5166
f 5162 5163 5168 5167
f 5163 5164 5169 5168
f 5164 5165 5170 5169
f 5165 5161 5166 5170
f 5171 5172 5177 5176
f 5172 5173 5178 5177
f 5173 5174 5179 5178
f 5174 5175 5180 5179
f 5175 5171 5176 5180
f 5181 5182 5187 5186
f 5182 5183 5188 5187
f 5183 5184 5189 5188
f 5184 5185 5190 5189
f 5185 5181 5186 5190
f 5191 5192 5197 5196
f 5192 5193 5198 5197
f 5193 5194 5199 5198
f 5194 5195 5200 5199
f 5195 5191 5196 5200
f 5201 5202 5207 5206
f 5202 5203 5208 5207
f 5203 5204 5209 5208
f 5204 5205 5210 5209
f 5205 5201 5206 5210
f 5211 5212 5217 5216
f 5212 5213 5218 5217
f 5213 5214 5219 5218
f 5214 5215 5220 5219
f 5215 5211 5216 5220
f 5221 5222 5227 5226
f 5222 5223 5228 5227
f 5223 5224 5229 5228
f 5224 5225 5230 5229
f 5225 5221 5226 5230
f 5231 5232 5237 5236
f 5232 5233 5238 5237
f 5233 5234 5239 5238
f 5234 5235 5240 5239
f 5235 5231 5236 5240
f 5241 5242 5247 5246
f 5242 5243 5248 5247
f 5243 5244 5249 5248
f 5244 5245 5250 5249
f 5245 5241 5246 5250
f 5251 5252 5257 5256
f 5252 5253 5258 5257
f 5253 5254 5259 5258
f 5254 5255 5260 5259
f 5255 5251 5256 5260
f 5261 5262 5267 5266
f 5262 5263 5268 5267
f 5263 5264 5269 5268
f 5264 5265 5270 5269
f 5265 5261 5266 5270
f 5271 5272 5277 5276
f 5272 5273 5278 5277
f 5273 5274 5279 5278
f 5274 5275 5280 5279
f 5275 5271 5276 5280
f 5281 5282 5287 5286
f 5282 5283 5288 5287
f 5283 5284 5289 5288
f 5284 5285 5290 5289
f 5285 5281 5286 5290
f 5291 5292 5297 5296
f 5292 5293 5298 5297
f 5293 5294 5299 5298
f 5294 5295 5300 5299
f 5295 5291 5296 5300
f 5301 5302 5307 5306
f 5302 5303 5308 5307
f 5303 5304 5309 5308
f 5304 5305 5310 5309
f 5305 5301 5306 5310
f 5311 5312 5317 5316
f 5312 5313 5318 5317
f 5313 5314 5319 5318
f 5314 5315 5320 5319
f 5315 5311 5316 5320
f 5321 5322 5327 5326
f 5322 5323 5328 5327
f 5323 5324 5329 5328
f 5324 5325 5330 5329
f 5325 5321 5326 5330
f 5331 5332 5337 5336
f 5332 5333 5338 5337
f 5333 5334 5339 5338
f 5334 5335 5340 5339
f 5335 5331 5336 5340
f 5341 5342 5347 5346
f 5342 5343 5348 5347
f 5343 5344 5349 5348
f 5344 5345 5350 5349
f 5345 5341 5346 5350
f 5351 5352 5357 5356
f 5352 5353 5358 5357
f 5353 5354 5359 5358
f 5354 5355 5360 5359
f 5355 5351 5356 5360
f 5361 5362 5367 5366
f 5362 5363 5368 5367
f 5363 5364 5369 5368
f 5364 5365 5370 5369
f 5365 5361 5366 5370
f 5371 5372 5377 5376
f 5372 5373 5378 5377
f 5373 5374 5379 5378
f 5374 5375 5380 5379
f 5375 5371 5376 5380
f 5381 5382 5387 5386
f 5382 5383 5388 5387
f 5383 5384 5389 5388
f 5384 5385 5390 5389
f 5385 5381 5386 5390
f 5391 5392 5397 5396
f 5392 5393 5398 5397
f 5393 5394 5399 5398
f 5394 5395 5400 5399
f 5395 5391 5396 5400
f 5401 5402 5407 5406
f 5402 5403 5408 5407
f 5403 5404 5409 5408
f 5404 5405 5410 5409
f 5405 5401 5406 5410
f 5411 5412 5417 5416
f 5412 5413 5418 5417
f 5413 5414 5419 5418
f 5414 5415 5420 5419
f 5415 5411 5416 5420
f 5421 5422 5427 5426
f 5422 5423 5428 5427
f 5423 5424 5429 5428
f 5424 5425 5430 5429
f 5425 5421 5426 5430
f 5431 5432 5437 5436
f 5432 5433 5438 5437
f 5433 5434 5439 5438
f 5434 5435 5440 5439
f 5435 5431 5436 5440
f 5441 5442 5447 5446
f 5442 5443 5448 5447
f 5443 5444 5449 5448
f 5444 5445 5450 5449
f 5445 5441 5446 5450
f 5451 5452 5457 5456
f 5452 5453 5458 5457
f 5453 5454 5459 5458
f 5454 5455 5460 5459
f 5455 5451 5456 5460
f 5461 5462 5467 5466
f 5462 5463 5468 5467
f 5463 5464 5469 5468
f 5464 5465 5470 5469
f 5465 5461 5466 5470
f 5471 5472 5477 5476
f 5472 5473 5478 5477
f 5473 5474 5479 5478
f 5474 5475 5480 5479
f 5475 5471 5476 5480
f 5481 5482 5487 5486
f 5482 5483 5488 5487
f 5483 5484 5489 5488
f 5484 5485 5490 5489
f 5485 5481 5486 5490
f 5491 5492 5497 5496
f 5492 5493 5498 5497
f 5493 5494 5499 5498
f 5494 5495 5500 5499
f 5495 5491 5496 5500
f 5501 5502 5507 5506
f 5502 5503 5508 5507
f 5503 5504 5509 5508
f 5504 5505 5510 5509
f 5505 5501 5506 5510
f 5511 5512 5517 5516
f 5512 5513 5518 5517
f 5513 5514 5519 5518
f 5514 5515 5520 5519
f 5515 5511 5516 5520
f 5521 5522 5527 5526
f 5522 5523 5528 5527
f 5523 5524 5529 5528
f 5524 5525 5530 5529
f 5525 5521 5526 5530
f 5531 5532 5537 5536
f 5532 5533 5538 5537
f 5533 5534 5539 5538
f 5534 5535 5540 5539
f 5535 5531 5536 5540
f 5541 5542 5547 5546
f 5542 5543 5548 5547
f 5543 5544 5549 5548
f 5544 5545 5550 5549
f 5545 5541 5546 5550
f 5551 5552 5557 5556
f 5552 5553 5558 5557
f 5553 5554 5559 5558
f 5554 5555 5560 5559
f 5555 5551 5556 5560
f 5561 5562 5567 5566
f 5562 5563 5568 5567
f 5563 5564 5569 5568
f 5564 5565 5570 5569
f 5565 5561 5566 5570
f 5571 5572 5577 5576
f 5572 5573 5578 5577
f 5573 5574 5579 5578
f 5574 5575 5580 5579
f 5575 5571 5576 5580
f 5581 5582 5587 5586
f 5582 5583 5588 5587
f 5583 5584 5589 5588
f 5584 5585 5590 5589
f 5585 5581 5586 5590
f 5591 5592 5597 5596
f 5592 5593 5598 5597
f 5593 5594 5599 5598
f 5594 5595 5600 5599
f 5595 5591 5596 5600
f 5601 5602 5607 5606
f 5602 5603 5608 5607
f 5603 5604 5609 5608
f 5604 5605 5610 5609
f 5605 5601 5606 5610
f 5611 5612 5617 5616
f 5612 5613 5618 5617
f 5613 5614 5619 5618
f 5614 5615 5620 5619
f 5615 5611 5616 5620
f 5621 5622 5627 5626
f 5622 5623 5628 5627
f 5623 5624 5629 5628
f 5624 5625 5630 5629
f 5625 5621 5626 5630
f 5631 5632 5637 5636
f 5632 5633 5638 5637
f 5633 5634 5639 5638
f 5634 5635 5640 5639
f 5635 5631 5636 5640
f 5641 5642 5647 5646
f 5642 5643 5648 5647
f 5643 5644 5649 5648
f 5644 5645 5650 5649
f 5645 5641 5646 5650
f 5651 5652 5657 5656
f 5652 5653 5658 5657
f 5653 5654 5659 5658
f 5654 5655 5660 5659
f 5655 5651 5656 5660
f 5661 5662 5667 5666
f 5662 5663 5668 5667
f 5663 5664 5669 5668
f 5664 5665 5670 5669
f 5665 5661 5666 5670
f 5671 5672 5677 5676
f 5672 5673 5678 5677
f 5673 5674 5679 5678
f 5674 5675 5680 5679
f 5675 5671 5676 5680
f 5681 5682 5687 5686
f 5682 5683 5688 5687
f 5683 5684 5689 5688
f 5684 5685 5690 5689
f 5685 5681 5686 5690
f 5691 5692 5697 5696
f 5692 5693 5698 5697
f 5693 5694 5699 5698
f 5694 5695 5700 5699
f 5695 5691 5696 5700
f 5701 5702 5707 5706
f 5702 5703 5708 5707
f 5703 5704 5709 5708
f 5704 5705 5710 5709
f 5705 5701 5706 5710
f 5711 5712 5717 5716
f 5712 5713 5718 5717
f 5713 5714 5719 5718
f 5714 5715 5720 5719
f 5715 5711 5716 5720
f 5721 5722 5727 5726
f 5722 5723 5728 5727
f 5723 5724 5729 5728
f 5724 5725 5730 5729
f 5725 5721 5726 5730
f 5731 5732 5737 5736
f 5732 5733 5738 5737
f 5733 5734 5739 5738
f 5734 5735 5740 5739
f 5735 5731 5736 5740
f 5741 5742 5747 5746
f 5742 5743 5748 5747
f 5743 5744 5749 5748
f 5744 5745 5750 5749
f 5745 5741 5746 5750
f 5751 5752 5757 5756
f 5752 5753 5758 5757
f 5753 5754 5759 5758
f 5754 5755 5760 5759
f 5755 5751 5756 5760
f 5761 5762 5767 5766
f 5762 5763 5768 5767
f 5763 5764 5769 5768
f 5764 5765 5770 5769
f 5765 5761 5766 5770
f 5771 5772 5777 5776
f 5772 5773 5778 5777
f 5773 5774 5779 5778
f 5774 5775 5780 5779
f 5775 5771 5776 5780
f 5781 5782 5787 5786
f 5782 5783 5788 5787
f 5783 5784 5789 5788
f 5784 5785 5790 5789
f 5785 5781 5786 5790
f 5791 5792 5797 5796
f 5792 5793 5798 5797
f 5793 5794 5799 5798
f 5794 5795 5800 5799
f 5795 5791 5796 5800
f 5801 5802 5807 5806
f 5802 5803 5808 5807
f 5803 5804 5809 5808
f 5804 5805 5810 5809
f 5805 5801 5806 5810
f 5811 5812 5817 5816
f 5812 5813 5818 5817
f 5813 5814 5819 5818
f 5814 5815 5820 5819
f 5815 5811 5816 5820
f 5821 5822 5827 5826
f 5822 5823 5828 5827
f 5823 5824 5829 5828
f 5824 5825 5830 5829
f 5825 5821 5826 5830
f 5831 5832 5837 5836
f 5832 5833 5838 5837
f 5833 5834 5839 5838
f 5834 5835 5840 5839
f 5835 5831 5836 5840
f 5841 5842 5847 5846
f 5842 5843 5848 5847
f 5843 5844 5849 5848
f 5844 5845 5850 5849
f 5845 5841 5846 5850
f 5851 5852 5857 5856
f 5852 5853 5858 5857
f 5853 5854 5859 5858
f 5854 5855 5860 5859
f 5855 5851 5856 5860
f 5861 5862 5867 5866
f 5862 5863 5868 5867
f 5863 5864 5869 5868
f 5864 5865 5870 5869
f 5865 5861 5866 5870
f 5871 5872 5877 5876
f 5872 5873 5878 5877
f 5873 5874 5879 5878
f 5874 5875 5880 5879
f 5875 5871 5876 5880
f 5881 5882 5887 5886
f 5882 5883 5888 5887
f 5883 5884 5889 5888
f 5884 5885 5890 5889
f 5885 5881 5886 5890
f 5891 5892 5897 5896
f 5892 5893 5898 5897
f 5893 5894 5899 5898
f 5894 5895 5900 5899
f 5895 5891 5896 5900
f 5901 5902 5907 5906
f 5902 5903 5908 5907
f 5903 5904 5909 5908
f 5904 5905 5910 5909
f 5905 5901 5906 5910
f 5911 5912 5917 5916
f 5912 5913 5918 5917
f 5913 5914 5919 5918
f 5914 5915 5920 5919
f 5915 5911 5916 5920
f 5921 5922 5927 5926
f 5922 5923 5928 5927
f 5923 5924 5929 5928
f 5924 5925 5930 5929
f 5925 5921 5926 5930
f 5931 5932 5937 5936
f 5932 5933 5938 5937
f 5933 5934 5939 5938
f 5934 5935 5940 5939
f 5935 5931 5936 5940
f 5941 5942 5947 5946
f 5942 5943 5948 5947
f 5943 5944 5949 5948
f 5944 5945 5950 5949
f 5945 5941 5946 5950
f 5951 5952 5957 5956
f 5952 5953 5958 5957
f 5953 5954 5959 5958
f 5954 5955 5960 5959
f 5955 5951 5956 5960
f 5961 5962 5967 5966
f 5962 5963 5968 5967
f 5963 5964 5969 5968
f 5964 5965 5970 5969
f 5965 5961 5966 5970
f 5971 5972 5977 5976
f 5972 5973 5978 5977
f 5973 5974 5979 5978
f 5974 5975 5980 5979
f 5975 5971 5976 5980
f 5981 5982 5987 5986
f 5982 5983 5988 5987
f 5983 5984 5989 5988
f 5984 5985 5990 5989
f 5985 5981 5986 5990
f 5991 5992 5997 5996
f 5992 5993 5998 5997
f 5993 5994 5999 5998
f 5994 5995 6000 5999
f 5995 5991 5996 6000
f 6001 6002 6007 6006
f 6002 6003 6008 6007
f 6003 6004 6009 6008
f 6004 6005 6010 6009
f 6005 6001 6006 6010
f 6011 6012 6017 6016
f 6012 6013 6018 6017
f 6013 6014 6019 6018
f 6014 6015 6020 6019
f 6015 6011 6016 6020
f 6021 6022 6027 6026
f 6022 6023 6028 6027
f 6023 6024 6029 6028
f 6024 6025 6030 6029
f 6025 6021 6026 6030
f 6031 6032 6037 6036
f 6032 6033 6038 6037
f 6033 6034 6039 6038
f 6034 6035 6040 6039
f 6035 6031 6036 6040
f 6041 6042 6047 6046
f 6042 6043 6048 6047
f 6043 6044 6049 6048
f 6044 6045 6050 6049
f 6045 6041 6046 6050
f 6051 6052 6057 6056
f 6052 6053 6058 6057
f 6053 6054 6059 6058
f 6054 6055 6060 6059
f 6055 6051 6056 6060
f 6061 6062 6067 6066
f 6062 6063 6068 6067
f 6063 6064 6069 6068
f 6064 6065 6070 6069
f 6065 6061 6066 6070
f 6071 6072 6077 6076
f 6072 6073 6078 6077
f 6073 6074 6079 6078
f 6074 6075 6080 6079
f 6075 6071 6076 6080
f 6081 6082 6087 6086
f 6082 6083 6088 6087
f 6083 6084 6089 6088
f 6084 6085 6090 6089
f 6085 6081 6086 6090
f 6091 6092 6097 6096
f 6092 6093 6098 6097
f 6093 6094 6099 6098
f 6094 6095 6100 6099
f 6095 6091 6096 6100
f 6101 6102 6107 6106
f 6102 6103 6108 6107
f 6103 6104 6109 6108
f 6104 6105 6110 6109
f 6105 6101 6106 6110
f 6111 6112 6117 6116
f 6112 6113 6118 6117
f 6113 6114 6119 6118
f 6114 6115 6120 6119
f 6115 6111 6116 6120
f 6121 6122 6127 6126
f 6122 6123 6128 6127
f 6123 6124 6129 6128
f 6124 6125 6130 6129
f 6125 6121 6126 6130
f 6131 6132 6137 6136
f 6132 6133 6138 6137
f 6133 6134 6139 6138
f 6134 6135 6140 6139
f 6135 6131 6136 6140
f 6141 6142 6147 6146
f 6142 6143 6148 6147
f 6143 6144 6149 6148
f 6144 6145 6150 6149
f 6145 6141 6146 6150
f 6151 6152 6157 6156
f 6152 6153 6158 6157
f 6153 6154 6159 6158
f 6154 6155 6160 6159
f 6155 6151 6156 6160
f 6161 6162 6167 6166
f 6162 6163 6168 6167
f 6163 6164 6169 6168
f 6164 6165 6170 6169
f 6165 6161 6166 6170
f 6171 6172 6177 6176
f 6172 6173 6178 6177
f 6173 6174 6179 6178
f 6174 6175 6180 6179
f 6175 6171 6176 6180
f 6181 6182 6187 6186
f 6182 6183 6188 6187
f 6183 6184 6189 6188
f 6184 6185 6190 6189
f 6185 6181 6186 6190
f 6191 6192 6197 6196
f 6192 6193 6198 6197
f 6193 6194 6199 6198
f 6194 6195 6200 6199
f 6195 6191 6196 6200
f 6201 6202 6207 6206
f 6202 6203 6208 6207
f 6203 6204 6209 6208
f 6204 6205 6210 6209
f 6205 6201 6206 6210
f 6211 6212 6217 6216
f 6212 6213 6218 6217
f 6213 6214 6219 6218
f 6214 6215 6220 6219
f 6215 6211 6216 6220
f 6221 6222 6227 6226
f 6222 6223 6228 6227
f 6223 6224 6229 6228
f 6224 6225 6230 6229
f 6225 6221 6226 6230
f 6231 6232 6237 6236
f 6232 6233 6238 6237
f 6233 6234 6239 6238
f 6234 6235 6240 6239
f 6235 6231 6236 6240
f 6241 6242 6247 6246
f 6242 6243 6248 6247
f 6243 6244 6249 6248
f 6244 6245 6250 6249
f 6245 6241 6246 6250
f 6251 6252 6257 6256
f 6252 6253 6258 6257
f 6253 6254 6259 6258
f 6254 6255 6260 6259
f 6255 6251 6256 6260
f 6261 6262 6267 6266
f 6262 6263 6268 6267
f 6263 6264 6269 6268
f 6264 6265 6270 6269
f 6265 6261 6266 6270
f 6271 6272 6277 6276
f 6272 6273 6278 6277
f 6273 6274 6279 6278
f 6274 6275 6280 6279
f 6275 6271 6276 6280
f 6281 6282 6287 6286
f 6282 6283 6288 6287
f 6283 6284 6289 6288
f 6284 6285 6290 6289
f 6285 6281 6286 6290
f 6291 6292 6297 6296
f 6292 6293 6298 6297
f 6293 6294 6299 6298
f 6294 6295 6300 6299
f 6295 6291 6296 6300
f 6301 6302 6307 6306
f 6302 6303 6308 6307
f 6303 6304 6309 6308
f 6304 6305 6310 6309
f 6305 6301 6306 6310
f 6311 6312 6317 6316
f 6312 6313 6318 6317
f 6313 6314 6319 6318
f 6314 6315 6320 6319
f 6315 6311 6316 6320
f 6321 6322 6327 6326
f 6322 6323 6328 6327
f 6323 6324 6329 6328
f 6324 6325 6330 6329
f 6325 6321 6326 6330
f 6331 6332 6337 6336
f 6332 6333 6338 6337
f 6333 6334 6339 6338
f 6334 6335 6340 6339
f 6335 6331 6336 6340
f 6341 6342 6347 6346
f 6342 6343 6348 6347
f 6343 6344 6349 6348
f 6344 6345 6350 6349
f 6345 6341 6346 6350
f 6351 6352 6357 6356
f 6352 6353 6358 6357
f 6353 6354 6359 6358
f 6354 6355 6360 6359
f 6355 6351 6356 6360
f 6361 6362 6367 6366
f 6362 6363 6368 6367
f 6363 6364 6369 6368
f 6364 6365 6370 6369
f 6365 6361 6366 6370
f 6371 6372 6377 6376
f 6372 6373 6378 6377
f 6373 6374 6379 6378
f 6374 6375 6380 6379
f 6375 6371 6376 6380
f 6381 6382 6387 6386
f 6382 6383 6388 6387
f 6383 6384 6389 6388
f 6384 6385 6390 6389
f 6385 6381 6386 6390
f 6391 6392 6397 6396
f 6392 6393 6398 6397
f 6393 6394 6399 6398
f 6394 6395 6400 6399
f 6395 6391 6396 6400
f 6401 6402 6407 6406
f 6402 6403 6408 6407
f 6403 6404 6409 6408
f 6404 6405 6410 6409
f 6405 6401 6406 6410
f 6411 6412 6417 6416
f 6412 6413 6418 6417
f 6413 6414 6419 6418
f 6414 6415 6420 6419
f 6415 6411 6416 6420
f 6421 6422 6427 6426
f 6422 6423 6428 6427
f 6423 6424 6429 6428
f 6424 6425 6430 6429
f 6425 6421 6426 6430
f 6431 6432 6437 6436
f 6432 6433 6438 6437
f 6433 6434 6439 6438
f 6434 6435 6440 6439
f 6435 6431 6436 6440
f 6441 6442 6447 6446
f 6442 6443 6448 6447
f 6443 6444 6449 6448
f 6444 6445 6450 6449
f 6445 6441 6446 6450
f 6451 6452 6457 6456
f 6452 6453 6458 6457
f 6453 6454 6459 6458
f 6454 6455 6460 6459
f 6455 6451 6456 6460
f 6461 6462 6467 6466
f 6462 6463 6468 6467
f 6463 6464 6469 6468
f 6464 6465 6470 6469
f 6465 6461 6466 6470
f 6471 6472 6477 6476
f 6472 6473 6478 6477
f 6473 6474 6479 6478
f 6474 6475 6480 6479
f 6475 6471 6476 6480
f 6481 6482 6487 6486
f 6482 6483 6488 6487
f 6483 6484 6489 6488
f 6484 6485 6490 6489
f 6485 6481 6486 6490
f 6491 6492 6497 6496
f 6492 6493 6498 6497
f 6493 6494 6499 6498
f 6494 6495 6500 6499
f 6495 6491 6496 6500
f 6501 6502 6507 6506
f 6502 6503 6508 6507
f 6503 6504 6509 6508
f 6504 6505 6510 6509
f 6505 6501 6506 6510
f 6511 6512 6517 6516
f 6512 6513 6518 6517
f 6513 6514 6519 6518
f 6514 6515 6520 6519
f 6515 6511 6516 6520
f 6521 6522 6527 6526
f 6522 6523 6528 6527
f 6523 6524 6529 6528
f 6524 6525 6530 6529
f 6525 6521 6526 6530
f 6531 6532 6537 6536
f 6532 6533 6538 6537
f 6533 6534 6539 6538
f 6534 6535 6540 6539
f 6535 6531 6536 6540
f 6541 6542 6547 6546
f 6542 6543 6548 6547
f 6543 6544 6549 6548
f 6544 6545 6550 6549
f 6545 6541 6546 6550
f 6551 6552 6557 6556
f 6552 6553 6558 6557
f 6553 6554 6559 6558
f 6554 6555 6560 6559
f 6555 6551 6556 6560
f 6561 6562 6567 6566
f 6562 6563 6568 6567
f 6563 6564 6569 6568
f 6564 6565 6570 6569
f 6565 6561 6566 6570
f 6571 6572 6577 6576
f 6572 6573 6578 6577
f 6573 6574 6579 6578
f 6574 6575 6580 6579
f 6575 6571 6576 6580
f 6581 6582 6587 6586
f 6582 6583 6588 6587
f 6583 6584 6589 6588
f 6584 6585 6590 6589
f 6585 6581 6586 6590
f 6591 6592 6597 6596
f 6592 6593 6598 6597
f 6593 6594 6599 6598
f 6594 6595 6600 6599
f 6595 6591 6596 6600
f 6601 6602 6607 6606
f 6602 6603 6608 6607
f 6603 6604 6609 6608
f 6604 6605 6610 6609
f 6605 6601 6606 6610
f 6611 6612 6617 6616
f 6612 6613 6618 6617
f 6613 6614 6619 6618
f 6614 6615 6620 6619
f 6615 6611 6616 6620
f 6621 6622 6627 6626
f 6622 6623 6628 6627
f 6623 6624 6629 6628
f 6624 6625 6630 6629
f 6625 6621 6626 6630
f 6631 6632 6637 6636
f 6632 6633 6638 6637
f 6633 6634 6639 6638
f 6634 6635 6640 6639
f 6635 6631 6636 6640
f 6641 6642 6647 6646
f 6642 6643 6648 6647
f 6643 6644 6649 6648
f 6644 6645 6650 6649
f 6645 6641 6646 6650
f 6651 6652 6657 6656
f 6652 6653 6658 6657
f 6653 6654 6659 6658
f 6654 6655 6660 6659
f 6655 6651 6656 6660
f 6661 6662 6667 6666
f 6662 6663 6668 6667
f 6663 6664 6669 6668
f 6664 6665 6670 6669
f 6665 6661 6666 6670
f 6671 6672 6677 6676
f 6672 6673 6678 6677
f 6673 6674 6679 6678
f 6674 6675 6680 6679
f 6675 6671 6676 6680
f 6681 6682 6687 6686
f 6682 6683 6688 6687
f 6683 6684 6689 6688
f 6684 6685 6690 6689
f 6685 6681 6686 6690
f 6691 6692 6697 6696
f 6692 6693 6698 6697
f 6693 6694 6699 6698
f 6694 6695 6700 6699
f 6695 6691 6696 6700
f 6701 6702 6707 6706
f 6702 6703 6708 6707
f 6703 6704 6709 6708
f 6704 6705 6710 6709
f 6705 6701 6706 6710
f 6711 6712 6717 6716
f 6712 6713 6718 6717
f 6713 6714 6719 6718
f 6714 6715 6720 6719
f 6715 6711 6716 6720
f 6721 6722 6727 6726
f 6722 6723 6728 6727
f 6723 6724 6729 6728
f 6724 6725 6730 6729
f 6725 6721 6726 6730
f 6731 6732 6737 6736
f 6732 6733 6738 6737
f 6733 6734 6739 6738
f 6734 6735 6740 6739
f 6735 6731 6736 6740
f 6741 6742 6747 6746
f 6742 6743 6748 6747
f 6743 6744 6749 6748
f 6744 6745 6750 6749
f 6745 6741 6746 6750
f 6751 6752 6757 6756
f 6752 6753 6758 6757
f 6753 6754 6759 6758
f 6754 6755 6760 6759
f 6755 6751 6756 6760
f 6761 6762 6767 6766
f 6762 6763 6768 6767
f 6763 6764 6769 6768
f 6764 6765 6770 6769
f 6765 6761 6766 6770
f 6771 6772 6777 6776
f 6772 6773 6778 6777
f 6773 6774 6779 6778
f 6774 6775 6780 6779
f 6775 6771 6776 6780
f 6781 6782 6787 6786
f 6782 6783 6788 6787
f 6783 6784 6789 6788
f 6784 6785 6790 6789
f 6785 6781 6786 6790
f 6791 6792 6797 6796
f 6792 6793 6798 6797
f 6793 6794 6799 6798
f 6794 6795 6800 6799
f 6795 6791 6796 6800
f 6801 6802 6807 6806
f 6802 6803 6808 6807
f 6803 6804 6809 6808
f 6804 6805 6810 6809
f 6805 6801 6806 6810
f 6811 6812 6817 6816
f 6812 6813 6818 6817
f 6813 6814 6819 6818
f 6814 6815 6820 6819
f 6815 6811 6816 6820
f 6821 6822 6827 6826
f 6822 6823 6828 6827
f 6823 6824 6829 6828
f 6824 6825 6830 6829
f 6825 6821 6826 6830
f 6831 6832 6837 6836
f 6832 6833 6838 6837
f 6833 6834 6839 6838
f 6834 6835 6840 6839
f 6835 6831 6836 6840
f 6841 6842 6847 6846
f 6842 6843 6848 6847
f 6843 6844 6849 6848
f 6844 6845 6850 6849
f 6845 6841 6846 6850
f 6851 6852 6857 6856
f 6852 6853 6858 6857
f 6853 6854 6859 6858
f 6854 6855 6860 6859
f 6855 6851 6856 6860
f 6861 6862 6867 6866
f 6862 6863 6868 6867
f 6863 6864 6869 6868
f 6864 6865 6870 6869
f 6865 6861 6866 6870
f 6871 6872 6877 6876
f 6872 6873 6878 6877
f 6873 6874 6879 6878
f 6874 6875 6880 6879
f 6875 6871 6876 6880
f 6881 6882 6887 6886
f 6882 6883 6888 6887
f 6883 6884 6889 6888
f 6884 6885 6890 6889
f 6885 6881 6886 6890
f 6891 6892 6897 6896
f 6892 6893 6898 6897
f 6893 6894 6899 6898
f 6894 6895 6900 6899
f 6895 6891 6896 6900
f 6901 6902 6907 6906
f 6902 6903 6908 6907
f 6903 6904 6909 6908
f 6904 6905 6910 6909
f 6905 6901 6906 6910
f 6911 6912 6917 6916
f 6912 6913 6918 6917
f 6913 6914 6919 6918
f 6914 6915 6920 6919
f 6915 6911 6916 6920
f 6921 6922 6927 6926
f 6922 6923 6928 6927
f 6923 6924 6929 6928
f 6924 6925 6930 6929
f 6925 6921 6926 6930
f 6931 6932 6937 6936
f 6932 6933 6938 6937
f 6933 6934 6939 6938
f 6934 6935 6940 6939
f 6935 6931 6936 6940
f 6941 6942 6947 6946
f 6942 6943 6948 6947
f 6943 6944 6949 6948
f 6944 6945 6950 6949
f 6945 6941 6946 6950
f 6951 6952 6957 6956
f 6952 6953 6958 6957
f 6953 6954 6959 6958
f 6954 6955 6960 6959
f 6955 6951 6956 6960
f 6961 6962 6967 6966
f 6962 6963 6968 6967
f 6963 6964 6969 6968
f 6964 6965 6970 6969
f 6965 6961 6966 6970
f 6971 6972 6977 6976
f 6972 6973 6978 6977
f 6973 6974 6979 6978
f 6974 6975 6980 6979
f 6975 6971 6976 6980
f 6981 6982 6987 6986
f 6982 6983 6988 6987
f 6983 6984 6989 6988
f 6984 6985 6990 6989
f 6985 6981 6986 6990
f 6991 6992 6997 6996
f 6992 6993 6998 6997
f 6993 6994 6999 6998
f 6994 6995 7000 6999
f 6995 6991 6996 7000
f 7001 7002 7007 7006
f 7002 7003 7008 7007
f 7003 7004 7009 7008
f 7004 7005 7010 7009
f 7005 7001 7006 7010
f 7011 7012 7017 7016
f 7012 7013 7018 7017
f 7013 7014 7019 7018
f 7014 7015 7020 7019
f 7015 7011 7016 7020
f 7021 7022 7027 7026
f 7022 7023 7028 7027
f 7023 7024 7029 7028
f 7024 7025 7030 7029
f 7025 7021 7026 7030
f 7031 7032 7037 7036
f 7032 7033 7038 7037
f 7033 7034 7039 7038
f 7034 7035 7040 7039
f 7035 7031 7036 7040
f 7041 7042 7047 7046
f 7042 7043 7048 7047
f 7043 7044 7049 7048
f 7044 7045 7050 7049
f 7045 7041 7046 7050
f 7051 7052 7057 7056
f 7052 7053 7058 7057
f 7053 7054 7059 7058
f 7054 7055 7060 7059
f 7055 7051 7056 7060
f 7061 7062 7067 7066
f 7062 7063 7068 7067
f 7063 7064 7069 7068
f 7064 7065 7070 7069
f 7065 7061 7066 7070
f 7071 7072 7077 7076
f 7072 7073 7078 7077
f 7073 7074 7079 7078
f 7074 7075 7080 7079
f 7075 7071 7076 7080
f 7081 7082 7087 7086
f 7082 7083 7088 7087
f 7083 7084 7089 7088
f 7084 7085 7090 7089
f 7085 7081 7086 7090
f 7091 7092 7097 7096
f 7092 7093 7098 7097
f 7093 7094 7099 7098
f 7094 7095 7100 7099
f 7095 7091 7096 7100
f 7101 7102 7107 7106
f 7102 7103 7108 7107
f 7103 7104 7109 7108
f 7104 7105 7110 7109
f 7105 7101 7106 7110
f 7111 7112 7117 7116
f 7112 7113 7118 7117
f 7113 7114 7119 7118
f 7114 7115 7120 7119
f 7115 7111 7116 7120
f 7121 7122 7127 7126
f 7122 7123 7128 7127
f 7123 7124 7129 7128
f 7124 7125 7130 7129
f 7125 7121 7126 7130
f 7131 7132 7137 7136
f 7132 7133 7138 7137
f 7133 7134 7139 7138
f 7134 7135 7140 7139
f 7135 7131 7136 7140
f 7141 7142 7147 7146
f 7142 7143 7148 7147
f 7143 7144 7149 7148
f 7144 7145 7150 7149
f 7145 7141 7146 7150
f 7151 7152 7157 7156
f 7152 7153 7158 7157
f 7153 7154 7159 7158
f 7154 7155 7160 7159
f 7155 7151 7156 7160
f 7161 7162 7167 7166
f 7162 7163 7168 7167
f 7163 7164 7169 7168
f 7164 7165 7170 7169
f 7165 7161 7166 7170
f 7171 7172 7177 7176
f 7172 7173 7178 7177
f 7173 7174 7179 7178
f 7174 7175 7180 7179
f 7175 7171 7176 7180
f 7181 7182 7187 7186
f 7182 7183 7188 7187
f 7183 7184 7189 7188
f 7184 7185 7190 7189
f 7185 7181 7186 7190
f 7191 7192 7197 7196
f 7192 7193 7198 7197
f 7193 7194 7199 7198
f 7194 7195 7200 7199
f 7195 7191 7196 7200
f 7201 7202 7207 7206
f 7202 7203 7208 7207
f 7203 7204 7209 7208
f 7204 7205 7210 7209
f 7205 7201 7206 7210
f 7211 7212 7217 7216
f 7212 7213 7218 7217
f 7213 7214 7219 7218
f 7214 7215 7220 7219
f 7215 7211 7216 7220
f 7221 7222 7227 7226
f 7222 7223 7228 7227
f 7223 7224 7229 7228
f 7224 7225 7230 7229
f 7225 7221 7226 7230
f 7231 7232 7237 7236
f 7232 7233 7238 7237
f 7233 7234 7239 7238
f 7234 7235 7240 7239
f 7235 7231 7236 7240
f 7241 7242 7247 7246
f 7242 7243 7248 7247
f 7243 7244 7249 7248
f 7244 7245 7250 7249
f 7245 7241 7246 7250
f 7251 7252 7257 7256
f 7252 7253 7258 7257
f 7253 7254 7259 7258
f 7254 7255 7260 7259
f 7255 7251 7256 7260
f 7261 7262 7267 7266
f 7262 7263 7268 7267
f 7263 7264 7269 7268
f 7264 7265 7270 7269
f 7265 7261 7266 7270
f 7271 7272 7277 7276
f 7272 7273 7278 7277
f 7273 7274 7279 7278
f 7274 7275 7280 7279
f 7275 7271 7276 7280
f 7281 7282 7287 7286
f 7282 7283 7288 7287
f 7283 7284 7289 7288
f 7284 7285 7290 7289
f 7285 7281 7286 7290
f 7291 7292 7297 7296
f 7292 7293 7298 7297
f 7293 7294 7299 7298
f 7294 7295 7300 7299
f 7295 7291 7296 7300
f 7301 7302 7307 7306
f 7302 7303 7308 7307
f 7303 7304 7309 7308
f 7304 7305 7310 7309
f 7305 7301 7306 7310
f 7311 7312 7317 7316
f 7312 7313 7318 7317
f 7313 7314 7319 7318
f 7314 7315 7320 7319
f 7315 7311 7316 7320
f 7321 7322 7327 7326
f 7322 7323 7328 7327
f 7323 7324 7329 7328
f 7324 7325 7330 7329
f 7325 7321 7326 7330
f 7331 7332 7337 7336
f 7332 7333 7338 7337
f 7333 7334 7339 7338
f 7334 7335 7340 7339
f 7335 7331 7336 7340
f 7341 7342 7347 7346
f 7342 7343 7348 7347
f 7343 7344 7349 7348
f 7344 7345 7350 7349
f 7345 7341 7346 7350
f 7351 7352 7357 7356
f 7352 7353 7358 7357
f 7353 7354 7359 7358
f 7354 7355 7360 7359
f 7355 7351 7356 7360
f 7361 7362 7367 7366
f 7362 7363 7368 7367
f 7363 7364 7369 7368
f 7364 7365 7370 7369
f 7365 7361 7366 7370
f 7371 7372 7377 7376
f 7372 7373 7378 7377
f 7373 7374 7379 7378
f 7374 7375 7380 7379
f 7375 7371 7376 7380
f 7381 7382 7387 7386
f 7382 7383 7388 7387
f 7383 7384 7389 7388
f 7384 7385 7390 7389
f 7385 7381 7386 7390
f 7391 7392 7397 7396
f 7392 7393 7398 7397
f 7393 7394 7399 7398
f 7394 7395 7400 7399
f 7395 7391 7396 7400
f 7401 7402 7407 7406
f 7402 7403 7408 7407
f 7403 7404 7409 7408
f 7404 7405 7410 7409
f 7405 7401 7406 7410
f 7411 7412 7417 7416
f 7412 7413 7418 7417
f 7413 7414 7419 7418
f 7414 7415 7420 7419
f 7415 7411 7416 7420
f 7421 7422 7427 7426
f 7422 7423 7428 7427
f 7423 7424 7429 7428
f 7424 7425 7430 7429
f 7425 7421 7426 7430
f 7431 7432 7437 7436
f 7432 7433 7438 7437
f 7433 7434 7439 7438
f 7434 7435 7440 7439
f 7435 7431 7436 7440
f 7441 7442 7447 7446
f 7442 7443 7448 7447
f 7443 7444 7449 7448
f 7444 7445 7450 7449
f 7445 7441 7446 7450
f 7451 7452 7457 7456
f 7452 7453 7458 7457
f 7453 7454 7459 7458
f 7454 7455 7460 7459
f 7455 7451 7456 7460
f 7461 7462 7467 7466
f 7462 7463 7468 7467
f 7463 7464 7469 7468
f 7464 7465 7470 7469
f 7465 7461 7466 7470
f 7471 7472 7477 7476
f 7472 7473 7478 7477
f 7473 7474 7479 7478
f 7474 7475 7480 7479
f 7475 7471 7476 7480
f 7481 7482 7487 7486
f 7482 7483 7488 7487
f 7483 7484 7489 7488
f 7484 7485 7490 7489
f 7485 7481 7486 7490
f 7491 7492 7497 7496
f 7492 7493 7498 7497
f 7493 7494 7499 7498
f 7494 7495 7500 7499
f 7495 7491 7496 7500
f 7501 7502 7507 7506
f 7502 7503 7508 7507
f 7503 7504 7509 7508
f 7504 7505 7510 7509
f 7505 7501 7506 7510
f 7511 7512 7517 7516
f 7512 7513 7518 7517
f 7513 7514 7519 7518
f 7514 7515 7520 7519
f 7515 7511 7516 7520
f 7521 7522 7527 7526
f 7522 7523 7528 7527
f 7523 7524 7529 7528
f 7524 7525 7530 7529
f 7525 7521 7526 7530
f 7531 7532 7537 7536
f 7532 7533 7538 7537
f 7533 7534 7539 7538
f 7534 7535 7540 7539
f 7535 7531 7536 7540
f 7541 7542 7547 7546
f 7542 7543 7548 7547
f 7543 7544 7549 7548
f 7544 7545 7550 7549
f 7545 7541 7546 7550
f 7551 7552 7557 7556
f 7552 7553 7558 7557
f 7553 7554 7559 7558
f 7554 7555 7560 7559
f 7555 7551 7556 7560
f 7561 7562 7567 7566
f 7562 7563 7568 7567
f 7563 7564 7569 7568
f 7564 7565 7570 7569
f 7565 7561 7566 7570
f 7571 7572 7577 7576
f 7572 7573 7578 7577
f 7573 7574 7579 7578
f 7574 7575 7580 7579
f 7575 7571 7576 7580
f 7581 7582 7587 7586
f 7582 7583 7588 7587
f 7583 7584 7589 7588
f 7584 7585 7590 7589
f 7585 7581 7586 7590
f 7591 7592 7597 7596
f 7592 7593 7598 7597
f 7593 7594 7599 7598
f 7594 7595 7600 7599
f 7595 7591 7596 7600
f 7601 7602 7607 7606
f 7602 7603 7608 7607
f 7603 7604 7609 7608
f 7604 7605 7610 7609
f 7605 7601 7606 7610
f 7611 7612 7617 7616
f 7612 7613 7618 7617
f 7613 7614 7619 7618
f 7614 7615 7620 7619
f 7615 7611 7616 7620
f 7621 7622 7627 7626
f 7622 7623 7628 7627
f 7623 7624 7629 7628
f 7624 7625 7630 7629
f 7625 7621 7626 7630
f 7631 7632 7637 7636
f 7632 7633 7638 7637
f 7633 7634 7639 7638
f 7634 7635 7640 7639
f 7635 7631 7636 7640
f 7641 7642 7647 7646
f 7642 7643 7648 7647
f 7643 7644 7649 7648
f 7644 7645 7650 7649
f 7645 7641 7646 7650
f 7651 7652 7657 7656
f 7652 7653 7658 7657
f 7653 7654 7659 7658
f 7654 7655 7660 7659
f 7655 7651 7656 7660
f 7661 7662 7667 7666
f 7662 7663 7668 7667
f 7663 7664 7669 7668
f 7664 7665 7670 7669
f 7665 7661 7666 7670
f 7671 7672 7677 7676
f 7672 7673 7678 7677
f 7673 7674 7679 7678
f 7674 7675 7680 7679
f 7675 7671 7676 7680
f 7681 7682 7687 7686
f 7682 7683 7688 7687
f 7683 7684 7689 7688
f 7684 7685 7690 7689
f 7685 7681 7686 7690
f 7691 7692 7697 7696
f 7692 7693 7698 7697
f 7693 7694 7699 7698
f 7694 7695 7700 7699
f 7695 7691 7696 7700
f 7701 7702 7707 7706
f 7702 7703 7708 7707
f 7703 7704 7709 7708
f 7704 7705 7710 7709
f 7705 7701 7706 7710
f 7711 7712 7717 7716
f 7712 7713 7718 7717
f 7713 7714 7719 7718
f 7714 7715 7720 7719
f 7715 7711 7716 7720
f 7721 7722 7727 7726
f 7722 7723 7728 7727
f 7723 7724 7729 7728
f 7724 7725 7730 7729
f 7725 7721 7726 7730
f 7731 7732 7737 7736
f 7732 7733 7738 7737
f 7733 7734 7739 7738
f 7734 7735 7740 7739
f 7735 7731 7736 7740
f 7741 7742 7747 7746
f 7742 7743 7748 7747
f 7743 7744 7749 7748
f 7744 7745 7750 7749
f 7745 7741 7746 7750
f 7751 7752 7757 7756
f 7752 7753 7758 7757
f 7753 7754 7759 7758
f 7754 7755 7760 7759
f 7755 7751 7756 7760
f 7761 7762 7767 7766
f 7762 7763 7768 7767
f 7763 7764 7769 7768
f 7764 7765 7770 7769
f 7765 7761 7766 7770
f 7771 7772 7777 7776
f 7772 7773 7778 7777
f 7773 7774 7779 7778
f 7774 7775 7780 7779
f 7775 7771 7776 7780
f 7781 7782 7787 7786
f 7782 7783 7788 7787
f 7783 7784 7789 7788
f 7784 7785 7790 7789
f 7785 7781 7786 7790
f 7791 7792 7797 7796
f 7792 7793 7798 7797
f 7793 7794 7799 7798
f 7794 7795 7800 7799
f 7795 7791 7796 7800
f 7801 7802 7807 7806
f 7802 7803 7808 7807
f 7803 7804 7809 7808
f 7804 7805 7810 7809
f 7805 7801 7806 7810
f 7811 7812 7817 7816
f 7812 7813 7818 7817
f 7813 7814 7819 7818
f 7814 7815 7820 7819
f 7815 7811 7816 7820
f 7821 7822 7827 7826
f 7822 7823 7828 7827
f 7823 7824 7829 7828
f 7824 7825 7830 7829
f 7825 7821 7826 7830
f 7831 7832 7837 7836
f 7832 7833 7838 7837
f 7833 7834 7839 7838
f 7834 7835 7840 7839
f 7835 7831 7836 7840
f 7841 7842 7847 7846
f 7842 7843 7848 7847
f 7843 7844 7849 7848
f 7844 7845 7850 7849
f 7845 7841 7846 7850
f 7851 7852 7857 7856
f 7852 7853 7858 7857
f 7853 7854 7859 7858
f 7854 7855 7860 7859
f 7855 7851 7856 7860
f 7861 7862 7867 7866
f 7862 7863 7868 7867
f 7863 7864 7869 7868
f 7864 7865 7870 7869
f 7865 7861 7866 7870
f 7871 7872 7877 7876
f 7872 7873 7878 7877
f 7873 7874 7879 7878
f 7874 7875 7880 7879
f 7875 7871 7876 7880
f 7881 7882 7887 7886
f 7882 7883 7888 7887
f 7883 7884 7889 7888
f 7884 7885 7890 7889
f 7885 7881 7886 7890
f 7891 7892 7897 7896
f 7892 7893 7898 7897
f 7893 7894 7899 7898
f 7894 7895 7900 7899
f 7895 7891 7896 7900
f 7901 7902 7907 7906
f 7902 7903 7908 7907
f 7903 7904 7909 7908
f 7904 7905 7910 7909
f 7905 7901 7906 7910
f 7911 7912 7917 7916
f 7912 7913 7918 7917
f 7913 7914 7919 7918
f 7914 7915 7920 7919
f 7915 7911 7916 7920
f 7921 7922 7927 7926
f 7922 7923 7928 7927
f 7923 7924 7929 7928
f 7924 7925 7930 7929
f 7925 7921 7926 7930
f 7931 7932 7937 7936
f 7932 7933 7938 7937
f 7933 7934 7939 7938
f 7934 7935 7940 7939
f 7935 7931 7936 7940
f 7941 7942 7947 7946
f 7942 7943 7948 7947
f 7943 7944 7949 7948
f 7944 7945 7950 7949
f 7945 7941 7946 7950
f 7951 7952 7957 7956
f 7952 7953 7958 7957
f 7953 7954 7959 7958
f 7954 7955 7960 7959
f 7955 7951 7956 7960
f 7961 7962 7967 7966
f 7962 7963 7968 7967
f 7963 7964 7969 7968
f 7964 7965 7970 7969
f 7965 7961 7966 7970
f 7971 7972 7977 7976
f 7972 7973 7978 7977
f 7973 7974 7979 7978
f 7974 7975 7980 7979
f 7975 7971 7976 7980
f 7981 7982 7987 7986
f 7982 7983 7988 7987
f 7983 7984 7989 7988
f 7984 7985 7990 7989
f 7985 7981 7986 7990
f 7991 7992 7997 7996
f 7992 7993 7998 7997
f 7993 7994 7999 7998
f 7994 7995 8000 7999
f 7995 7991 7996 8000
f 8001 8002 8007 8006
f 8002 8003 8008 8007
f 8003 8004 8009 8008
f 8004 8005 8010 8009
f 8005 8001 8006 8010
f 8011 8012 8017 8016
f 8012 8013 8018 8017
f 8013 8014 8019 8018
f 8014 8015 8020 8019
f 8015 8011 8016 8020
f 8021 8022 8027 8026
f 8022 8023 8028 8027
f 8023 8024 8029 8028
f 8024 8025 8030 8029
f 8025 8021 8026 8030
f 8031 8032 8037 8036
f 8032 8033 8038 8037
f 8033 8034 8039 8038
f 8034 8035 8040 8039
f 8035 8031 8036 8040
f 8041 8042 8047 8046
f 8042 8043 8048 8047
f 8043 8044 8049 8048
f 8044 8045 8050 8049
f 8045 8041 8046 8050
f 8051 8052 8057 8056
f 8052 8053 8058 8057
f 8053 8054 8059 8058
f 8054 8055 8060 8059
f 8055 8051 8056 8060
f 8061 8062 8067 8066
f 8062 8063 8068 8067
f 8063 8064 8069 8068
f 8064 8065 8070 8069
f 8065 8061 8066 8070
f 8071 8072 8077 8076
f 8072 8073 8078 8077
f 8073 8074 8079 8078
f 8074 8075 8080 8079
f 8075 8071 8076 8080
f 8081 8082 8087 8086
f 8082 8083 8088 8087
f 8083 8084 8089 8088
f 8084 8085 8090 8089
f 8085 8081 8086 8090
f 8091 8092 8097 8096
f 8092 8093 8098 8097
f 8093 8094 8099 8098
f 8094 8095 8100 8099
f 8095 8091 8096 8100
f 8101 8102 8107 8106
f 8102 8103 8108 8107
f 8103 8104 8109 8108
f 8104 8105 8110 8109
f 8105 8101 8106 8110
f 8111 8112 8117 8116
f 8112 8113 8118 8117
f 8113 8114 8119 8118
f 8114 8115 8120 8119
f 8115 8111 8116 8120
f 8121 8122 8127 8126
f 8122 8123 8128 8127
f 8123 8124 8129 8128
f 8124 8125 8130 8129
f 8125 8121 8126 8130
f 8131 8132 8137 8136
f 8132 8133 8138 8137
f 8133 8134 8139 8138
f 8134 8135 8140 8139
f 8135 8131 8136 8140
f 8141 8142 8147 8146
f 8142 8143 8148 8147
f 8143 8144 8149 8148
f 8144 8145 8150 8149
f 8145 8141 8146 8150
f 8151 8152 8157 8156
f 8152 8153 8158 8157
f 8153 8154 8159 8158
f 8154 8155 8160 8159
f 8155 8151 8156 8160
f 8161 8162 8167 8166
f 8162 8163 8168 8167
f 8163 8164 8169 8168
f 8164 8165 8170 8169
f 8165 8161 8166 8170
f 8171 8172 8177 8176
f 8172 8173 8178 8177
f 8173 8174 8179 8178
f 8174 8175 8180 8179
f 8175 8171 8176 8180
f 8181 8182 8187 8186
f 8182 8183 8188 8187
f 8183 8184 8189 8188
f 8184 8185 8190 8189
f 8185 8181 8186 8190
f 8191 8192 8197 8196
f 8192 8193 8198 8197
f 8193 8194 8199 8198
f 8194 8195 8200 8199
f 8195 8191 8196 8200
f 8201 8202 8207 8206
f 8202 8203 8208 8207
f 8203 8204 8209 8208
f 8204 8205 8210 8209
f 8205 8201 8206 8210
f 8211 8212 8217 8216
f 8212 8213 8218 8217
f 8213 8214 8219 8218
f 8214 8215 8220 8219
f 8215 8211 8216 8220
f 8221 8222 8227 8226
f 8222 8223 8228 8227
f 8223 8224 8229 8228
f 8224 8225 8230 8229
f 8225 8221 8226 8230
f 8231 8232 8237 8236
f 8232 8233 8238 8237
f 8233 8234 8239 8238
f 8234 8235 8240 8239
f 8235 8231 8236 8240
f 8241 8242 8247 8246
f 8242 8243 8248 8247
f 8243 8244 8249 8248
f 8244 8245 8250 8249
f 8245 8241 8246 8250
f 8251 8252 8257 8256
f 8252 8253 8258 8257
f 8253 8254 8259 8258
f 8254 8255 8260 8259
f 8255 8251 8256 8260
f 8261 8262 8267 8266
f 8262 8263 8268 8267
f 8263 8264 8269 8268
f 8264 8265 8270 8269
f 8265 8261 8266 8270
f 8271 8272 8277 8276
f 8272 8273 8278 8277
f 8273 8274 8279 8278
f 8274 8275 8280 8279
f 8275 8271 8276 8280
f 8281 8282 8287 8286
f 8282 8283 8288 8287
f 8283 8284 8289 8288
f 8284 8285 8290 8289
f 8285 8281 8286 8290
f 8291 8292 8297 8296
f 8292 8293 8298 8297
f 8293 8294 8299 8298
f 8294 8295 8300 8299
f 8295 8291 8296 8300
f 8301 8302 8307 8306
f 8302 8303 8308 8307
f 8303 8304 8309 8308
f 8304 8305 8310 8309
f 8305 8301 8306 8310
f 8311 8312 8317 8316
f 8312 8313 8318 8317
f 8313 8314 8319 8318
f 8314 8315 8320 8319
f 8315 8311 8316 8320
f 8321 8322 8327 8326
f 8322 8323 8328 8327
f 8323 8324 8329 8328
f 8324 8325 8330 8329
f 8325 8321 8326 8330
f 8331 8332 8337 8336
f 8332 8333 8338 8337
f 8333 8334 8339 8338
f 8334 8335 8340 8339
f 8335 8331 8336 8340
f 8341 8342 8347 8346
f 8342 8343 8348 8347
f 8343 8344 8349 8348
f 8344 8345 8350 8349
f 8345 8341 8346 8350
f 8351 8352 8357 8356
f 8352 8353 8358 8357
f 8353 8354 8359 8358
f 8354 8355 8360 8359
f 8355 8351 8356 8360
f 8361 8362 8367 8366
f 8362 8363 8368 8367
f 8363 8364 8369 8368
f 8364 8365 8370 8369
f 8365 8361 8366 8370
f 8371 8372 8377 8376
f 8372 8373 8378 8377
f 8373 8374 8379 8378
f 8374 8375 8380 8379
f 8375 8371 8376 8380
f 8381 8382 8387 8386
f 8382 8383 8388 8387
f 8383 8384 8389 8388
f 8384 8385 8390 8389
f 8385 8381 8386 8390
f 8391 8392 8397 8396
f 8392 8393 8398 8397
f 8393 8394 8399 8398
f 8394 8395 8400 8399
f 8395 8391 8396 8400
f 8401 8402 8407 8406
f 8402 8403 8408 8407
f 8403 8404 8409 8408
f 8404 8405 8410 8409
f 8405 8401 8406 8410
f 8411 8412 8417 8416
f 8412 8413 8418 8417
f 8413 8414 8419 8418
f 8414 8415 8420 8419
f 8415 8411 8416 8420
f 8421 8422 8427 8426
f 8422 8423 8428 8427
f 8423 8424 8429 8428
f 8424 8425 8430 8429
f 8425 8421 8426 8430
f 8431 8432 8437 8436
f 8432 8433 8438 8437
f 8433 8434 8439 8438
f 8434 8435 8440 8439
f 8435 8431 8436 8440
f 8441 8442 8447 8446
f 8442 8443 8448 8447
f 8443 8444 8449 8448
f 8444 8445 8450 8449
f 8445 8441 8446 8450
f 8451 8452 8457 8456
f 8452 8453 8458 8457
f 8453 8454 8459 8458
f 8454 8455 8460 8459
f 8455 8451 8456 8460
f 8461 8462 8467 8466
f 8462 8463 8468 8467
f 8463 8464 8469 8468
f 8464 8465 8470 8469
f 8465 8461 8466 8470
f 8471 8472 8477 8476
f 8472 8473 8478 8477
f 8473 8474 8479 8478
f 8474 8475 8480 8479
f 8475 8471 8476 8480
f 8481 8482 8487 8486
f 8482 8483 8488 8487
f 8483 8484 8489 8488
f 8484 8485 8490 8489
f 8485 8481 8486 8490
f 8491 8492 8497 8496
f 8492 8493 8498 8497
f 8493 8494 8499 8498
f 8494 8495 8500 8499
f 8495 8491 8496 8500
f 8501 8502 8507 8506
f 8502 8503 8508 8507
f 8503 8504 8509 8508
f 8504 8505 8510 8509
f 8505 8501 8506 8510
f 8511 8512 8517 8516
f 8512 8513 8518 8517
f 8513 8514 8519 8518
f 8514 8515 8520 8519
f 8515 8511 8516 8520
f 8521 8522 8527 8526
f 8522 8523 8528 8527
f 8523 8524 8529 8528
f 8524 8525 8530 8529
f 8525 8521 8526 8530
f 8531 8532 8537 8536
f 8532 8533 8538 8537
f 8533 8534 8539 8538
f 8534 8535 8540 8539
f 8535 8531 8536 8540
f 8541 8542 8547 8546
f 8542 8543 8548 8547
f 8543 8544 8549 8548
f 8544 8545 8550 8549
f 8545 8541 8546 8550
f 8551 8552 8557 8556
f 8552 8553 8558 8557
f 8553 8554 8559 8558
f 8554 8555 8560 8559
f 8555 8551 8556 8560
f 8561 8562 8567 8566
f 8562 8563 8568 8567
f 8563 8564 8569 8568
f 8564 8565 8570 8569
f 8565 8561 8566 8570
f 8571 8572 8577 8576
f 8572 8573 8578 8577
f 8573 8574 8579 8578
f 8574 8575 8580 8579
f 8575 8571 8576 8580
f 8581 8582 8587 8586
f 8582 8583 8588 8587
f 8583 8584 8589 8588
f 8584 8585 8590 8589
f 8585 8581 8586 8590
f 8591 8592 8597 8596
f 8592 8593 8598 8597
f 8593 8594 8599 8598
f 8594 8595 8600 8599
f 8595 8591 8596 8600
f 8601 8602 8607 8606
f 8602 8603 8608 8607
f 8603 8604 8609 8608
f 8604 8605 8610 8609
f 8605 8601 8606 8610
f 8611 8612 8617 8616
f 8612 8613 8618 8617
f 8613 8614 8619 8618
f 8614 8615 8620 8619
f 8615 8611 8616 8620
f 8621 8622 8627 8626
f 8622 8623 8628 8627
f 8623 8624 8629 8628
f 8624 8625 8630 8629
f 8625 8621 8626 8630
f 8631 8632 8637 8636
f 8632 8633 8638 8637
f 8633 8634 8639 8638
f 8634 8635 8640 8639
f 8635 8631 8636 8640
f 8641 8642 8647 8646
f 8642 8643 8648 8647
f 8643 8644 8649 8648
f 8644 8645 8650 8649
f 8645 8641 8646 8650
f 8651 8652 8657 8656
f 8652 8653 8658 8657
f 8653 8654 8659 8658
f 8654 8655 8660 8659
f 8655 8651 8656 8660
f 8661 8662 8667 8666
f 8662 8663 8668 8667
f 8663 8664 8669 8668
f 8664 8665 8670 8669
f 8665 8661 8666 8670
f 8671 8672 8677 8676
f 8672 8673 8678 8677
f 8673 8674 8679 8678
f 8674 8675 8680 8679
f 8675 8671 8676 8680
f 8681 8682 8687 8686
f 8682 8683 8688 8687
f 8683 8684 8689 8688
f 8684 8685 8690 8689
f 8685 8681 8686 8690
f 8691 8692 8697 8696
f 8692 8693 8698 8697
f 8693 8694 8699 8698
f 8694 8695 8700 8699
f 8695 8691 8696 8700
f 8701 8702 8707 8706
f 8702 8703 8708 8707
f 8703 8704 8709 8708
f 8704 8705 8710 8709
f 8705 8701 8706 8710
f 8711 8712 8717 8716
f 8712 8713 8718 8717
f 8713 8714 8719 8718
f 8714 8715 8720 8719
f 8715 8711 8716 8720
f 8721 8722 8727 8726
f 8722 8723 8728 8727
f 8723 8724 8729 8728
f 8724 8725 8730 8729
f 8725 8721 8726 8730
f 8731 8732 8737 8736
f 8732 8733 8738 8737
f 8733 8734 8739 8738
f 8734 8735 8740 8739
f 8735 8731 8736 8740
f 8741 8742 8747 8746
f 8742 8743 8748 8747
f 8743 8744 8749 8748
f 8744 8745 8750 8749
f 8745 8741 8746 8750
f 8751 8752 8757 8756
f 8752 8753 8758 8757
f 8753 8754 8759 8758
f 8754 8755 8760 8759
f 8755 8751 8756 8760
f 8761 8762 8767 8766
f 8762 8763 8768 8767
f 8763 8764 8769 8768
f 8764 8765 8770 8769
f 8765 8761 8766 8770
f 8771 8772 8777 8776
f 8772 8773 8778 8777
f 8773 8774 8779 8778
f 8774 8775 8780 8779
f 8775 8771 8776 8780
f 8781 8782 8787 8786
f 8782 8783 8788 8787
f 8783 8784 8789 8788
f 8784 8785 8790 8789
f 8785 8781 8786 8790
f 8791 8792 8797 8796
f 8792 8793 8798 8797
f 8793 8794 8799 8798
f 8794 8795 8800 8799
f 8795 8791 8796 8800
f 8801 8802 8807 8806
f 8802 8803 8808 8807
f 8803 8804 8809 8808
f 8804 8805 8810 8809
f 8805 8801 8806 8810
f 8811 8812 8817 8816
f 8812 8813 8818 8817
f 8813 8814 8819 8818
f 8814 8815 8820 8819
f 8815 8811 8816 8820
f 8821 8822 8827 8826
f 8822 8823 8828 8827
f 8823 8824 8829 8828
f 8824 8825 8830 8829
f 8825 8821 8826 8830
f 8831 8832 8837 8836
f 8832 8833 8838 8837
f 8833 8834 8839 8838
f 8834 8835 8840 8839
f 8835 8831 8836 8840
f 8841 8842 8847 8846
f 8842 8843 8848 8847
f 8843 8844 8849 8848
f 8844 8845 8850 8849
f 8845 8841 8846 8850
f 8851 8852 8857 8856
f 8852 8853 8858 8857
f 8853 8854 8859 8858
f 8854 8855 8860 8859
f 8855 8851 8856 8860
f 8861 8862 8867 8866
f 8862 8863 8868 8867
f 8863 8864 8869 8868
f 8864 8865 8870 8869
f 8865 8861 8866 8870
f 8871 8872 8877 8876
f 8872 8873 8878 8877
f 8873 8874 8879 8878
f 8874 8875 8880 8879
f 8875 8871 8876 8880
f 8881 8882 8887 8886
f 8882 8883 8888 8887
f 8883 8884 8889 8888
f 8884 8885 8890 8889
f 8885 8881 8886 8890
f 8891 8892 8897 8896
f 8892 8893 8898 8897
f 8893 8894 8899 8898
f 8894 8895 8900 8899
f 8895 8891 8896 8900
f 8901 8902 8907 8906
f 8902 8903 8908 8907
f 8903 8904 8909 8908
f 8904 8905 8910 8909
f 8905 8901 8906 8910
f 8911 8912 8917 8916
f 8912 8913 8918 8917
f 8913 8914 8919 8918
f 8914 8915 8920 8919
f 8915 8911 8916 8920
f 8921 8922 8927 8926
f 8922 8923 8928 8927
f 8923 8924 8929 8928
f 8924 8925 8930 8929
f 8925 8921 8926 8930
f 8931 8932 8937 8936
f 8932 8933 8938 8937
f 8933 8934 8939 8938
f 8934 8935 8940 8939
f 8935 8931 8936 8940
f 8941 8942 8947 8946
f 8942 8943 8948 8947
f 8943 8944 8949 8948
f 8944 8945 8950 8949
f 8945 8941 8946 8950
f 8951 8952 8957 8956
f 8952 8953 8958 8957
f 8953 8954 8959 8958
f 8954 8955 8960 8959
f 8955 8951 8956 8960
f 8961 8962 8967 8966
f 8962 8963 8968 8967
f 8963 8964 8969 8968
f 8964 8965 8970 8969
f 8965 8961 8966 8970
f 8971 8972 8977 8976
f 8972 8973 8978 8977
f 8973 8974 8979 8978
f 8974 8975 8980 8979
f 8975 8971 8976 8980
f 8981 8982 8987 8986
f 8982 8983 8988 8987
f 8983 8984 8989 8988
f 8984 8985 8990 8989
f 8985 8981 8986 8990
f 8991 8992 8997 8996
f 8992 8993 8998 8997
f 8993 8994 8999 8998
f 8994 8995 9000 8999
f 8995 8991 8996 9000
f 9001 9002 9007 9006
f 9002 9003 9008 9007
f 9003 9004 9009 9008
f 9004 9005 9010 9009
f 9005 9001 9006 9010
f 9011 9012 9017 9016
f 9012 9013 9018 9017
f 9013 9014 9019 9018
f 9014 9015 9020 9019
f 9015 9011 9016 9020
f 9021 9022 9027 9026
f 9022 9023 9028 9027
f 9023 9024 9029 9028
f 9024 9025 9030 9029
f 9025 9021 9026 9030
f 9031 9032 9037 9036
f 9032 9033 9038 9037
f 9033 9034 9039 9038
f 9034 9035 9040 9039
f 9035 9031 9036 9040
f 9041 9042 9047 9046
f 9042 9043 9048 9047
f 9043 9044 9049 9048
f 9044 9045 9050 9049
f 9045 9041 9046 9050
f 9051 9052 9057 9056
f 9052 9053 9058 9057
f 9053 9054 9059 9058
f 9054 9055 9060 9059
f 9055 9051 9056 9060
f 9061 9062 9067 9066
f 9062 9063 9068 9067
f 9063 9064 9069 9068
f 9064 9065 9070 9069
f 9065 9061 9066 9070
f 9071 9072 9077 9076
f 9072 9073 9078 9077
f 9073 9074 9079 9078
f 9074 9075 9080 9079
f 9075 9071 9076 9080
f 9081 9082 9087 9086
f 9082 9083 9088 9087
f 9083 9084 9089 9088
f 9084 9085 9090 9089
f 9085 9081 9086 9090
f 9091 9092 9097 9096
f 9092 9093 9098 9097
f 9093 9094 9099 9098
f 9094 9095 9100 9099
f 9095 9091 9096 9100
f 9101 9102 9107 9106
f 9102 9103 9108 9107
f 9103 9104 9109 9108
f 9104 9105 9110 9109
f 9105 9101 9106 9110
f 9111 9112 9117 9116
f 9112 9113 9118 9117
f 9113 9114 9119 9118
f 9114 9115 9120 9119
f 9115 9111 9116 9120
f 9121 9122 9127 9126
f 9122 9123 9128 9127
f 9123 9124 9129 9128
f 9124 9125 9130 9129
f 9125 9121 9126 9130
f 9131 9132 9137 9136
f 9132 9133 9138 9137
f 9133 9134 9139 9138
f 9134 9135 9140 9139
f 9135 9131 9136 9140
f 9141 9142 9147 9146
f 9142 9143 9148 9147
f 9143 9144 9149 9148
f 9144 9145 9150 9149
f 9145 9141 9146 9150
f 9151 9152 9157 9156
f 9152 9153 9158 9157
f 9153 9154 9159 9158
f 9154 9155 9160 9159
f 9155 9151 9156 9160
f 9161 9162 9167 9166
f 9162 9163 9168 9167
f 9163 9164 9169 9168
f 9164 9165 9170 9169
f 9165 9161 9166 9170
f 9171 9172 9177 9176
f 9172 9173 9178 9177
f 9173 9174 9179 9178
f 9174 9175 9180 9179
f 9175 9171 9176 9180
f 9181 9182 9187 9186
f 9182 9183 9188 9187
f 9183 9184 9189 9188
f 9184 9185 9190 9189
f 9185 9181 9186 9190
f 9191 9192 9197 9196
f 9192 9193 9198 9197
f 9193 9194 9199 9198
f 9194 9195 9200 9199
f 9195 9191 9196 9200
f 9201 9202 9207 9206
f 9202 9203 9208 9207
f 9203 9204 9209 9208
f 9204 9205 9210 9209
f 9205 9201 9206 9210
f 9211 9212 9217 9216
f 9212 9213 9218 9217
f 9213 9214 9219 9218
f 9214 9215 9220 9219
f 9215 9211 9216 9220
f 9221 9222 9227 9226
f 9222 9223 9228 9227
f 9223 9224 9229 9228
f 9224 9225 9230 9229
f 9225 9221 9226 9230
f 9231 9232 9237 9236
f 9232 9233 9238 9237
f 9233 9234 9239 9238
f 9234 9235 9240 9239
f 9235 9231 9236 9240
f 9241 9242 9247 9246
f 9242 9243 9248 9247
f 9243 9244 9249 9248
f 9244 9245 9250 9249
f 9245 9241 9246 9250
f 9251 9252 9257 9256
f 9252 9253 9258 9257
f 9253 9254 9259 9258
f 9254 9255 9260 9259
f 9255 9251 9256 9260
f 9261 9262 9267 9266
f 9262 9263 9268 9267
f 9263 9264 9269 9268
f 9264 9265 9270 9269
f 9265 9261 9266 9270
f 9271 9272 9277 9276
f 9272 9273 9278 9277
f 9273 9274 9279 9278
f 9274 9275 9280 9279
f 9275 9271 9276 9280
f 9281 9282 9287 9286
f 9282 9283 9288 9287
f 9283 9284 9289 9288
f 9284 9285 9290 9289
f 9285 9281 9286 9290
f 9291 9292 9297 9296
f 9292 9293 9298 9297
f 9293 9294 9299 9298
f 9294 9295 9300 9299
f 9295 9291 9296 9300
f 9301 9302 9307 9306
f 9302 9303 9308 9307
f 9303 9304 9309 9308
f 9304 9305 9310 9309
f 9305 9301 9306 9310
f 9311 9312 9317 9316
f 9312 9313 9318 9317
f 9313 9314 9319 9318
f 9314 9315 9320 9319
f 9315 9311 9316 9320
f 9321 9322 9327 9326
f 9322 9323 9328 9327
f 9323 9324 9329 9328
f 9324 9325 9330 9329
f 9325 9321 9326 9330
f 9331 9332 9337 9336
f 9332 9333 9338 9337
f 9333 9334 9339 9338
f 9334 9335 9340 9339
f 9335 9331 9336 9340
f 9341 9342 9347 9346
f 9342 9343 9348 9347
f 9343 9344 9349 9348
f 9344 9345 9350 9349
f 9345 9341 9346 9350
f 9351 9352 9357 9356
f 9352 9353 9358 9357
f 9353 9354 9359 9358
f 9354 9355 9360 9359
f 9355 9351 9356 9360
f 9361 9362 9367 9366
f 9362 9363 9368 9367
f 9363 9364 9369 9368
f 9364 9365 9370 9369
f 9365 9361 9366 9370
f 9371 9372 9377 9376
f 9372 9373 9378 9377
f 9373 9374 9379 9378
f 9374 9375 9380 9379
f 9375 9371 9376 9380
f 9381 9382 9387 9386
f 9382 9383 9388 9387
f 9383 9384 9389 9388
f 9384 9385 9390 9389
f 9385 9381 9386 9390
f 9391 9392 9397 9396
f 9392 9393 9398 9397
f 9393 9394 9399 9398
f 9394 9395 9400 9399
f 9395 9391 9396 9400
f 9401 9402 9407 9406
f 9402 9403 9408 9407
f 9403 9404 9409 9408
f 9404 9405 9410 9409
f 9405 9401 9406 9410
f 9411 9412 9417 9416
f 9412 9413 9418 9417
f 9413 9414 9419 9418
f 9414 9415 9420 9419
f 9415 9411 9416 9420
f 9421 9422 9427 9426
f 9422 9423 9428 9427
f 9423 9424 9429 9428
f 9424 9425 9430 9429
f 9425 9421 9426 9430
f 9431 9432 9437 9436
f 9432 9433 9438 9437
f 9433 9434 9439 9438
f 9434 9435 9440 9439
f 9435 9431 9436 9440
f 9441 9442 9447 9446
f 9442 9443 9448 9447
f 9443 9444 9449 9448
f 9444 9445 9450 9449
f 9445 9441 9446 9450
f 9451 9452 9457 9456
f 9452 9453 9458 9457
f 9453 9454 9459 9458
f 9454 9455 9460 9459
f 9455 9451 9456 9460
f 9461 9462 9467 9466
f 9462 9463 9468 9467
f 9463 9464 9469 9468
f 9464 9465 9470 9469
f 9465 9461 9466 9470
f 9471 9472 9477 9476
f 9472 9473 9478 9477
f 9473 9474 9479 9478
f 9474 9475 9480 9479
f 9475 9471 9476 9480
f 9481 9482 9487 9486
f 9482 9483 9488 9487
f 9483 9484 9489 9488
f 9484 9485 9490 9489
f 9485 9481 9486 9490
f 9491 9492 9497 9496
f 9492 9493 9498 9497
f 9493 9494 9499 9498
f 9494 9495 9500 9499
f 9495 9491 9496 9500
f 9501 9502 9507 9506
f 9502 9503 9508 9507
f 9503 9504 9509 9508
f 9504 9505 9510 9509
f 9505 9501 9506 9510
f 9511 9512 9517 9516
f 9512 9513 9518 9517
f 9513 9514 9519 9518
f 9514 9515 9520 9519
f 9515 9511 9516 9520
f 9521 9522 9527 9526
f 9522 9523 9528 9527
f 9523 9524 9529 9528
f 9524 9525 9530 9529
f 9525 9521 9526 9530
f 9531 9532 9537 9536
f 9532 9533 9538 9537
f 9533 9534 9539 9538
f 9534 9535 9540 9539
f 9535 9531 9536 9540
f 9541 9542 9547 9546
f 9542 9543 9548 9547
f 9543 9544 9549 9548
f 9544 9545 9550 9549
f 9545 9541 9546 9550
f 9551 9552 9557 9556
f 9552 9553 9558 9557
f 9553 9554 9559 9558
f 9554 9555 9560 9559
f 9555 9551 9556 9560
f 9561 9562 9567 9566
f 9562 9563 9568 9567
f 9563 9564 9569 9568
f 9564 9565 9570 9569
f 9565 9561 9566 9570
f 9571 9572 9577 9576
f 9572 9573 9578 9577
f 9573 9574 9579 9578
f 9574 9575 9580 9579
f 9575 9571 9576 9580
f 9581 9582 9587 9586
f 9582 9583 9588 9587
f 9583 9584 9589 9588
f 9584 9585 9590 9589
f 9585 9581 9586 9590
f 9591 9592 9597 9596
f 9592 9593 9598 9597
f 9593 9594 9599 9598
f 9594 9595 9600 9599
f 9595 9591 9596 9600
f 9601 9602 9607 9606
f 9602 9603 9608 9607
f 9603 9604 9609 9608
f 9604 9605 9610 9609
f 9605 9601 9606 9610
f 9611 9612 9617 9616
f 9612 9613 9618 9617
f 9613 9614 9619 9618
f 9614 9615 9620 9619
f 9615 9611 9616 9620
f 9621 9622 9627 9626
f 9622 9623 9628 9627
f 9623 9624 9629 9628
f 9624 9625 9630 9629
f 9625 9621 9626 9630
f 9631 9632 9637 9636
f 9632 9633 9638 9637
f 9633 9634 9639 9638
f 9634 9635 9640 9639
f 9635 9631 9636 9640
f 9641 9642 9647 9646
f 9642 9643 9648 9647
f 9643 9644 9649 9648
f 9644 9645 9650 9649
f 9645 9641 9646 9650
f 9651 9652 9657 9656
f 9652 9653 9658 9657
f 9653 9654 9659 9658
f 9654 9655 9660 9659
f 9655 9651 9656 9660
f 9661 9662 9667 9666
f 9662 9663 9668 9667
f 9663 9664 9669 9668
f 9664 9665 9670 9669
f 9665 9661 9666 9670
f 9671 9672 9677 9676
f 9672 9673 9678 9677
f 9673 9674 9679 9678
f 9674 9675 9680 9679
f 9675 9671 9676 9680
f 9681 9682 9687 9686
f 9682 9683 9688 9687
f 9683 9684 9689 9688
f 9684 9685 9690 9689
f 9685 9681 9686 9690
f 9691 9692 9697 9696
f 9692 9693 9698 9697
f 9693 9694 9699 9698
f 9694 9695 9700 9699
f 9695 9691 9696 9700
f 9701 9702 9707 9706
f 9702 9703 9708 9707
f 9703 9704 9709 9708
f 9704 9705 9710 9709
f 9705 9701 9706 9710
f 9711 9712 9717 9716
f 9712 9713 9718 9717
f 9713 9714 9719 9718
f 9714 9715 9720 9719
f 9715 9711 9716 9720
f 9721 9722 9727 9726
f 9722 9723 9728 9727
f 9723 9724 9729 9728
f 9724 9725 9730 9729
f 9725 9721 9726 9730
f 9731 9732 9737 9736
f 9732 9733 9738 9737
f 9733 9734 9739 9738
f 9734 9735 9740 9739
f 9735 9731 9736 9740
f 9741 9742 9747 9746
f 9742 9743 9748 9747
f 9743 9744 9749 9748
f 9744 9745 9750 9749
f 9745 9741 9746 9750
f 9751 9752 9757 9756
f 9752 9753 9758 9757
f 9753 9754 9759 9758
f 9754 9755 9760 9759
f 9755 9751 9756 9760
f 9761 9762 9767 9766
f 9762 9763 9768 9767
f 9763 9764 9769 9768
f 9764 9765 9770 9769
f 9765 9761 9766 9770
f 9771 9772 9777 9776
f 9772 9773 9778 9777
f 9773 9774 9779 9778
f 9774 9775 9780 9779
f 9775 9771 9776 9780
f 9781 9782 9787 9786
f 9782 9783 9788 9787
f 9783 9784 9789 9788
f 9784 9785 9790 9789
f 9785 9781 9786 9790
f 9791 9792 9797 9796
f 9792 9793 9798 9797
f 9793 9794 9799 9798
f 9794 9795 9800 9799
f 9795 9791 9796 9800
f 9801 9802 9807 9806
f 9802 9803 9808 9807
f 9803 9804 9809 9808
f 9804 9805 9810 9809
f 9805 9801 9806 9810
f 9811 9812 9817 9816
f 9812 9813 9818 9817
f 9813 9814 9819 9818
f 9814 9815 9820 9819
f 9815 9811 9816 9820
f 9821 9822 9827 9826
f 9822 9823 9828 9827
f 9823 9824 9829 9828
f 9824 9825 9830 9829
f 9825 9821 9826 9830
f 9831 9832 9837 9836
f 9832 9833 9838 9837
f 9833 9834 9839 9838
f 9834 9835 9840 9839
f 9835 9831 9836 9840
f 9841 9842 9847 9846
f 9842 9843 9848 9847
f 9843 9844 9849 9848
f 9844 9845 9850 9849
f 9845 9841 9846 9850
f 9851 9852 9857 9856
f 9852 9853 9858 9857
f 9853 9854 9859 9858
f 9854 9855 9860 9859
f 9855 9851 9856 9860
f 9861 9862 9867 9866
f 9862 9863 9868 9867
f 9863 9864 9869 9868
f 9864 9865 9870 9869
f 9865 9861 9866 9870
f 9871 9872 9877 9876
f 9872 9873 9878 9877
f 9873 9874 9879 9878
f 9874 9875 9880 9879
f 9875 9871 9876 9880
f 9881 9882 9887 9886
f 9882 9883 9888 9887
f 9883 9884 9889 9888
f 9884 9885 9890 9889
f 9885 9881 9886 9890
f 9891 9892 9897 9896
f 9892 9893 9898 9897
f 9893 9894 9899 9898
f 9894 9895 9900 9899
f 9895 9891 9896 9900
f 9901 9902 9907 9906
f 9902 9903 9908 9907
f 9903 9904 9909 9908
f 9904 9905 9910 9909
f 9905 9901 9906 9910
f 9911 9912 9917 9916
f 9912 9913 9918 9917
f 9913 9914 9919 9918
f 9914 9915 9920 9919
f 9915 9911 9916 9920
f 9921 9922 9927 9926
f 9922 9923 9928 9927
f 9923 9924 9929 9928
f 9924 9925 9930 9929
f 9925 9921 9926 9930
f 9931 9932 9937 9936
f 9932 9933 9938 9937
f 9933 9934 9939 9938
f 9934 9935 9940 9939
f 9935 9931 9936 9940
f 9941 9942 9947 9946
f 9942 9943 9948 9947
f 9943 9944 9949 9948
f 9944 9945 9950 9949
f 9945 9941 9946 9950
f 9951 9952 9957 9956
f 9952 9953 9958 9957
f 9953 9954 9959 9958
f 9954 9955 9960 9959
f 9955 9951 9956 9960
f 9961 9962 9967 9966
f 9962 9963 9968 9967
f 9963 9964 9969 9968
f 9964 9965 9970 9969
f 9965 9961 9966 9970
f 9971 9972 9977 9976
f 9972 9973 9978 9977
f 9973 9974 9979 9978
f 9974 9975 9980 9979
f 9975 9971 9976 9980
f 9981 9982 9987 9986
f 9982 9983 9988 9987
f 9983 9984 9989 9988
f 9984 9985 9990 9989
f 9985 9981 9986 9990
f 9991 9992 9997 9996
f 9992 9993 9998 9997
f 9993 9994 9999 9998
f 9994 9995 10000 9999
f 9995 9991 9996 10000
f 10001 10002 10007 10006
f 10002 10003 10008 10007
f 10003 10004 10009 10008
f 10004 10005 10010 10009
f 10005 10001 10006 10010
f 10011 10012 10017 10016
f 10012 10013 10018 10017
f 10013 10014 10019 10018
f 10014 10015 10020 10019
f 10015 10011 10016 10020
f 10021 10022 10027 10026
f 10022 10023 10028 10027
f 10023 10024 10029 10028
f 10024 10025 10030 10029
f 10025 10021 10026 10030
f 10031 10032 10037 10036
f 10032 10033 10038 10037
f 10033 10034 10039 10038
f 10034 10035 10040 10039
f 10035 10031 10036 10040
f 10041 10042 10047 10046
f 10042 10043 10048 10047
f 10043 10044 10049 10048
f 10044 10045 10050 10049
f 10045 10041 10046 10050
f 10051 10052 10057 10056
f 10052 10053 10058 10057
f 10053 10054 10059 10058
f 10054 10055 10060 10059
f 10055 10051 10056 10060
f 10061 10062 10067 10066
f 10062 10063 10068 10067
f 10063 10064 10069 10068
f 10064 10065 10070 10069
f 10065 10061 10066 10070
f 10071 10072 10077 10076
f 10072 10073 10078 10077
f 10073 10074 10079 10078
f 10074 10075 10080 10079
f 10075 10071 10076 10080
f 10081 10082 10087 10086
f 10082 10083 10088 10087
f 10083 10084 10089 10088
f 10084 10085 10090 10089
f 10085 10081 10086 10090
f 10091 10092 10097 10096
f 10092 10093 10098 10097
f 10093 10094 10099 10098
f 10094 10095 10100 10099
f 10095 10091 10096 10100
f 10101 10102 10107 10106
f 10102 10103 10108 10107
f 10103 10104 10109 10108
f 10104 10105 10110 10109
f 10105 10101 10106 10110
f 10111 10112 10117 10116
f 10112 10113 10118 10117
f 10113 10114 10119 10118
f 10114 10115 10120 10119
f 10115 10111 10116 10120
f 10121 10122 10127 10126
f 10122 10123 10128 10127
f 10123 10124 10129 10128
f 10124 10125 10130 10129
f 10125 10121 10126 10130
f 10131 10132 10137 10136
f 10132 10133 10138 10137
f 10133 10134 10139 10138
f 10134 10135 10140 10139
f 10135 10131 10136 10140
f 10141 10142 10147 10146
f 10142 10143 10148 10147
f 10143 10144 10149 10148
f 10144 10145 10150 10149
f 10145 10141 10146 10150
f 10151 10152 10157 10156
f 10152 10153 10158 10157
f 10153 10154 10159 10158
f 10154 10155 10160 10159
f 10155 10151 10156 10160
f 10161 10162 10167 10166
f 10162 10163 10168 10167
f 10163 10164 10169 10168
f 10164 10165 10170 10169
f 10165 10161 10166 10170
f 10171 10172 10177 10176
f 10172 10173 10178 10177
f 10173 10174 10179 10178
f 10174 10175 10180 10179
f 10175 10171 10176 10180
f 10181 10182 10187 10186
f 10182 10183 10188 10187
f 10183 10184 10189 10188
f 10184 10185 10190 10189
f 10185 10181 10186 10190
f 10191 10192 10197 10196
f 10192 10193 10198 10197
f 10193 10194 10199 10198
f 10194 10195 10200 10199
f 10195 10191 10196 10200
f 10201 10202 10207 10206
f 10202 10203 10208 10207
f 10203 10204 10209 10208
f 10204 10205 10210 10209
f 10205 10201 10206 10210
f 10211 10212 10217 10216
f 10212 10213 10218 10217
f 10213 10214 10219 10218
f 10214 10215 10220 10219
f 10215 10211 10216 10220
f 10221 10222 10227 10226
f 10222 10223 10228 10227
f 10223 10224 10229 10228
f 10224 10225 10230 10229
f 10225 10221 10226 10230
f 10231 10232 10237 10236
f 10232 10233 10238 10237
f 10233 10234 10239 10238
f 10234 10235 10240 10239
f 10235 10231 10236 10240
f 10241 10242 10247 10246
f 10242 10243 10248 10247
f 10243 10244 10249 10248
f 10244 10245 10250 10249
f 10245 10241 10246 10250
f 10251 10252 10257 10256
f 10252 10253 10258 10257
f 10253 10254 10259 10258
f 10254 10255 10260 10259
f 10255 10251 10256 10260
f 10261 10262 10267 10266
f 10262 10263 10268 10267
f 10263 10264 10269 10268
f 10264 10265 10270 10269
f 10265 10261 10266 10270
f 10271 10272 10277 10276
f 10272 10273 10278 10277
f 10273 10274 10279 10278
f 10274 10275 10280 10279
f 10275 10271 10276 10280
f 10281 10282 10287 10286
f 10282 10283 10288 10287
f 10283 10284 10289 10288
f 10284 10285 10290 10289
f 10285 10281 10286 10290
f 10291 10292 10297 10296
f 10292 10293 10298 10297
f 10293 10294 10299 10298
f 10294 10295 10300 10299
f 10295 10291 10296 10300
f 10301 10302 10307 10306
f 10302 10303 10308 10307
f 10303 10304 10309 10308
f 10304 10305 10310 10309
f 10305 10301 10306 10310
f 10311 10312 10317 10316
f 10312 10313 10318 10317
f 10313 10314 10319 10318
f 10314 10315 10320 10319
f 10315 10311 10316 10320
f 10321 10322 10327 10326
f 10322 10323 10328 10327
f 10323 10324 10329 10328
f 10324 10325 10330 10329
f 10325 10321 10326 10330
f 10331 10332 10337 10336
f 10332 10333 10338 10337
f 10333 10334 10339 10338
f 10334 10335 10340 10339
f 10335 10331 10336 10340
f 10341 10342 10347 10346
f 10342 10343 10348 10347
f 10343 10344 10349 10348
f 10344 10345 10350 10349
f 10345 10341 10346 10350
f 10351 10352 10357 10356
f 10352 10353 10358 10357
f 10353 10354 10359 10358
f 10354 10355 10360 10359
f 10355 10351 10356 10360
f 10361 10362 10367 10366
f 10362 10363 10368 10367
f 10363 10364 10369 10368
f 10364 10365 10370 10369
f 10365 10361 10366 10370
f 10371 10372 10377 10376
f 10372 10373 10378 10377
f 10373 10374 10379 10378
f 10374 10375 10380 10379
f 10375 10371 10376 10380
f 10381 10382 10387 10386
f 10382 10383 10388 10387
f 10383 10384 10389 10388
f 10384 10385 10390 10389
f 10385 10381 10386 10390
f 10391 10392 10397 10396
f 10392 10393 10398 10397
f 10393 10394 10399 10398
f 10394 10395 10400 10399
f 10395 10391 10396 10400
f 10401 10402 10407 10406
f 10402 10403 10408 10407
f 10403 10404 10409 10408
f 10404 10405 10410 10409
f 10405 10401 10406 10410
f 10411 10412 10417 10416
f 10412 10413 10418 10417
f 10413 10414 10419 10418
f 10414 10415 10420 10419
f 10415 10411 10416 10420
f 10421 10422 10427 10426
f 10422 10423 10428 10427
f 10423 10424 10429 10428
f 10424 10425 10430 10429
f 10425 10421 10426 10430
f 10431 10432 10437 10436
f 10432 10433 10438 10437
f 10433 10434 10439 10438
f 10434 10435 10440 10439
f 10435 10431 10436 10440
f 10441 10442 10447 10446
f 10442 10443 10448 10447
f 10443 10444 10449 10448
f 10444 10445 10450 10449
f 10445 10441 10446 10450
f 10451 10452 10457 10456
f 10452 10453 10458 10457
f 10453 10454 10459 10458
f 10454 10455 10460 10459
f 10455 10451 10456 10460
f 10461 10462 10467 10466
f 10462 10463 10468 10467
f 10463 10464 10469 10468
f 10464 10465 10470 10469
f 10465 10461 10466 10470
f 10471 10472 10477 10476
f 10472 10473 10478 10477
f 10473 10474 10479 10478
f 10474 10475 10480 10479
f 10475 10471 10476 10480
f 10481 10482 10487 10486
f 10482 10483 10488 10487
f 10483 10484 10489 10488
f 10484 10485 10490 10489
f 10485 10481 10486 10490
f 10491 10492 10497 10496
f 10492 10493 10498 10497
f 10493 10494 10499 10498
f 10494 10495 10500 10499
f 10495 10491 10496 10500
f 10501 10502 10507 10506
f 10502 10503 10508 10507
f 10503 10504 10509 10508
f 10504 10505 10510 10509
f 10505 10501 10506 10510
f 10511 10512 10517 10516
f 10512 10513 10518 10517
f 10513 10514 10519 10518
f 10514 10515 10520 10519
f 10515 10511 10516 10520
f 10521 10522 10527 10526
f 10522 10523 10528 10527
f 10523 10524 10529 10528
f 10524 10525 10530 10529
f 10525 10521 10526 10530
f 10531 10532 10537 10536
f 10532 10533 10538 10537
f 10533 10534 10539 10538
f 10534 10535 10540 10539
f 10535 10531 10536 10540
f 10541 10542 10547 10546
f 10542 10543 10548 10547
f 10543 10544 10549 10548
f 10544 10545 10550 10549
f 10545 10541 10546 10550
f 10551 10552 10557 10556
f 10552 10553 10558 10557
f 10553 10554 10559 10558
f 10554 10555 10560 10559
f 10555 10551 10556 10560
f 10561 10562 10567 10566
f 10562 10563 10568 10567
f 10563 10564 10569 10568
f 10564 10565 10570 10569
f 10565 10561 10566 10570
f 10571 10572 10577 10576
f 10572 10573 10578 10577
f 10573 10574 10579 10578
f 10574 10575 10580 10579
f 10575 10571 10576 10580
f 10581 10582 10587 10586
f 10582 10583 10588 10587
f 10583 10584 10589 10588
f 10584 10585 10590 10589
f 10585 10581 10586 10590
f 10591 10592 10597 10596
f 10592 10593 10598 10597
f 10593 10594 10599 10598
f 10594 10595 10600 10599
f 10595 10591 10596 10600
f 10601 10602 10607 10606
f 10602 10603 10608 10607
f 10603 10604 10609 10608
f 10604 10605 10610 10609
f 10605 10601 10606 10610
f 10611 10612 10617 10616
f 10612 10613 10618 10617
f 10613 10614 10619 10618
f 10614 10615 10620 10619
f 10615 10611 10616 10620
f 10621 10622 10627 10626
f 10622 10623 10628 10627
f 10623 10624 10629 10628
f 10624 10625 10630 10629
f 10625 10621 10626 10630
f 10631 10632 10637 10636
f 10632 10633 10638 10637
f 10633 10634 10639 10638
f 10634 10635 10640 10639
f 10635 10631 10636 10640
f 10641 10642 10647 10646
f 10642 10643 10648 10647
f 10643 10644 10649 10648
f 10644 10645 10650 10649
f 10645 10641 10646 10650
f 10651 10652 10657 10656
f 10652 10653 10658 10657
f 10653 10654 10659 10658
f 10654 10655 10660 10659
f 10655 10651 10656 10660
f 10661 10662 10667 10666
f 10662 10663 10668 10667
f 10663 10664 10669 10668
f 10664 10665 10670 10669
f 10665 10661 10666 10670
f 10671 10672 10677 10676
f 10672 10673 10678 10677
f 10673 10674 10679 10678
f 10674 10675 10680 10679
f 10675 10671 10676 10680
f 10681 10682 10687 10686
f 10682 10683 10688 10687
f 10683 10684 10689 10688
f 10684 10685 10690 10689
f 10685 10681 10686 10690
f 10691 10692 10697 10696
f 10692 10693 10698 10697
f 10693 10694 10699 10698
f 10694 10695 10700 10699
f 10695 10691 10696 10700
f 10701 10702 10707 10706
f 10702 10703 10708 10707
f 10703 10704 10709 10708
f 10704 10705 10710 10709
f 10705 10701 10706 10710
f 10711 10712 10717 10716
f 10712 10713 10718 10717
f 10713 10714 10719 10718
f 10714 10715 10720 10719
f 10715 10711 10716 10720
f 10721 10722 10727 10726
f 10722 10723 10728 10727
f 10723 10724 10729 10728
f 10724 10725 10730 10729
f 10725 10721 10726 10730
f 10731 10732 10737 10736
f 10732 10733 10738 10737
f 10733 10734 10739 10738
f 10734 10735 10740 10739
f 10735 10731 10736 10740
f 10741 10742 10747 10746
f 10742 10743 10748 10747
f 10743 10744 10749 10748
f 10744 10745 10750 10749
f 10745 10741 10746 10750
f 10751 10752 10757 10756
f 10752 10753 10758 10757
f 10753 10754 10759 10758
f 10754 10755 10760 10759
f 10755 10751 10756 10760
f 10761 10762 10767 10766
f 10762 10763 10768 10767
f 10763 10764 10769 10768
f 10764 10765 10770 10769
f 10765 10761 10766 10770
f 10771 10772 10777 10776
f 10772 10773 10778 10777
f 10773 10774 10779 10778
f 10774 10775 10780 10779
f 10775 10771 10776 10780
f 10781 10782 10787 10786
f 10782 10783 10788 10787
f 10783 10784 10789 10788
f 10784 10785 10790 10789
f 10785 10781 10786 10790
f 10791 10792 10797 10796
f 10792 10793 10798 10797
f 10793 10794 10799 10798
f 10794 10795 10800 10799
f 10795 10791 10796 10800
f 10801 10802 10807 10806
f 10802 10803 10808 10807
f 10803 10804 10809 10808
f 10804 10805 10810 10809
f 10805 10801 10806 10810
f 10811 10812 10817 10816
f 10812 10813 10818 10817
f 10813 10814 10819 10818
f 10814 10815 10820 10819
f 10815 10811 10816 10820
f 10821 10822 10827 10826
f 10822 10823 10828 10827
f 10823 10824 10829 10828
f 10824 10825 10830 10829
f 10825 10821 10826 10830
f 10831 10832 10837 10836
f 10832 10833 10838 10837
f 10833 10834 10839 10838
f 10834 10835 10840 10839
f 10835 10831 10836 10840
f 10841 10842 10847 10846
f 10842 10843 10848 10847
f 10843 10844 10849 10848
f 10844 10845 10850 10849
f 10845 10841 10846 10850
f 10851 10852 10857 10856
f 10852 10853 10858 10857
f 10853 10854 10859 10858
f 10854 10855 10860 10859
f 10855 10851 10856 10860
f 10861 10862 10867 10866
f 10862 10863 10868 10867
f 10863 10864 10869 10868
f 10864 10865 10870 10869
f 10865 10861 10866 10870
f 10871 10872 10877 10876
f 10872 10873 10878 10877
f 10873 10874 10879 10878
f 10874 10875 10880 10879
f 10875 10871 10876 10880
f 10881 10882 10887 10886
f 10882 10883 10888 10887
f 10883 10884 10889 10888
f 10884 10885 10890 10889
f 10885 10881 10886 10890
f 10891 10892 10897 10896
f 10892 10893 10898 10897
f 10893 10894 10899 10898
f 10894 10895 10900 10899
f 10895 10891 10896 10900
f 10901 10902 10907 10906
f 10902 10903 10908 10907
f 10903 10904 10909 10908
f 10904 10905 10910 10909
f 10905 10901 10906 10910
f 10911 10912 10917 10916
f 10912 10913 10918 10917
f 10913 10914 10919 10918
f 10914 10915 10920 10919
f 10915 10911 10916 10920
f 10921 10922 10927 10926
f 10922 10923 10928 10927
f 10923 10924 10929 10928
f 10924 10925 10930 10929
f 10925 10921 10926 10930
f 10931 10932 10937 10936
f 10932 10933 10938 10937
f 10933 10934 10939 10938
f 10934 10935 10940 10939
f 10935 10931 10936 10940
f 10941 10942 10947 10946
f 10942 10943 10948 10947
f 10943 10944 10949 10948
f 10944 10945 10950 10949
f 10945 10941 10946 10950
f 10951 10952 10957 10956
f 10952 10953 10958 10957
f 10953 10954 10959 10958
f 10954 10955 10960 10959
f 10955 10951 10956 10960
f 10961 10962 10967 10966
f 10962 10963 10968 10967
f 10963 10964 10969 10968
f 10964 10965 10970 10969
f 10965 10961 10966 10970
f 10971 10972 10977 10976
f 10972 10973 10978 10977
f 10973 10974 10979 10978
f 10974 10975 10980 10979
f 10975 10971 10976 10980
f 10981 10982 10987 10986
f 10982 10983 10988 10987
f 10983 10984 10989 10988
f 10984 10985 10990 10989
f 10985 10981 10986 10990
f 10991 10992 10997 10996
f 10992 10993 10998 10997
f 10993 10994 10999 10998
f 10994 10995 11000 10999
f 10995 10991 10996 11000
f 11001 11002 11007 11006
f 11002 11003 11008 11007
f 11003 11004 11009 11008
f 11004 11005 11010 11009
f 11005 11001 11006 11010
f 11011 11012 11017 11016
f 11012 11013 11018 11017
f 11013 11014 11019 11018
f 11014 11015 11020 11019
f 11015 11011 11016 11020
f 11021 11022 11027 11026
f 11022 11023 11028 11027
f 11023 11024 11029 11028
f 11024 11025 11030 11029
f 11025 11021 11026 11030
f 11031 11032 11037 11036
f 11032 11033 11038 11037
f 11033 11034 11039 11038
f 11034 11035 11040 11039
f 11035 11031 11036 11040
f 11041 11042 11047 11046
f 11042 11043 11048 11047
f 11043 11044 11049 11048
f 11044 11045 11050 11049
f 11045 11041 11046 11050
f 11051 11052 11057 11056
f 11052 11053 11058 11057
f 11053 11054 11059 11058
f 11054 11055 11060 11059
f 11055 11051 11056 11060
f 11061 11062 11067 11066
f 11062 11063 11068 11067
f 11063 11064 11069 11068
f 11064 11065 11070 11069
f 11065 11061 11066 11070
f 11071 11072 11077 11076
f 11072 11073 11078 11077
f 11073 11074 11079 11078
f 11074 11075 11080 11079
f 11075 11071 11076 11080
f 11081 11082 11087 11086
f 11082 11083 11088 11087
f 11083 11084 11089 11088
f 11084 11085 11090 11089
f 11085 11081 11086 11090
f 11091 11092 11097 11096
f 11092 11093 11098 11097
f 11093 11094 11099 11098
f 11094 11095 11100 11099
f 11095 11091 11096 11100
f 11101 11102 11107 11106
f 11102 11103 11108 11107
f 11103 11104 11109 11108
f 11104 11105 11110 11109
f 11105 11101 11106 11110
f 11111 11112 11117 11116
f 11112 11113 11118 11117
f 11113 11114 11119 11118
f 11114 11115 11120 11119
f 11115 11111 11116 11120
f 11121 11122 11127 11126
f 11122 11123 11128 11127
f 11123 11124 11129 11128
f 11124 11125 11130 11129
f 11125 11121 11126 11130
f 11131 11132 11137 11136
f 11132 11133 11138 11137
f 11133 11134 11139 11138
f 11134 11135 11140 11139
f 11135 11131 11136 11140
f 11141 11142 11147 11146
f 11142 11143 11148 11147
f 11143 11144 11149 11148
f 11144 11145 11150 11149
f 11145 11141 11146 11150
f 11151 11152 11157 11156
f 11152 11153 11158 11157
f 11153 11154 11159 11158
f 11154 11155 11160 11159
f 11155 11151 11156 11160
f 11161 11162 11167 11166
f 11162 11163 11168 11167
f 11163 11164 11169 11168
f 11164 11165 11170 11169
f 11165 11161 11166 11170
f 11171 11172 11177 11176
f 11172 11173 11178 11177
f 11173 11174 11179 11178
f 11174 11175 11180 11179
f 11175 11171 11176 11180
f 11181 11182 11187 11186
f 11182 11183 11188 11187
f 11183 11184 11189 11188
f 11184 11185 11190 11189
f 11185 11181 11186 11190
f 11191 11192 11197 11196
f 11192 11193 11198 11197
f 11193 11194 11199 11198
f 11194 11195 11200 11199
f 11195 11191 11196 11200
f 11201 11202 11207 11206
f 11202 11203 11208 11207
f 11203 11204 11209 11208
f 11204 11205 11210 11209
f 11205 11201 11206 11210
f 11211 11212 11217 11216
f 11212 11213 11218 11217
f 11213 11214 11219 11218
f 11214 11215 11220 11219
f 11215 11211 11216 11220
f 11221 11222 11227 11226
f 11222 11223 11228 11227
f 11223 11224 11229 11228
f 11224 11225 11230 11229
f 11225 11221 11226 11230
f 11231 11232 11237 11236
f 11232 11233 11238 11237
f 11233 11234 11239 11238
f 11234 11235 11240 11239
f 11235 11231 11236 11240
f 11241 11242 11247 11246
f 11242 11243 11248 11247
f 11243 11244 11249 11248
f 11244 11245 11250 11249
f 11245 11241 11246 11250
f 11251 11252 11257 11256
f 11252 11253 11258 11257
f 11253 11254 11259 11258
f 11254 11255 11260 11259
f 11255 11251 11256 11260
f 11261 11262 11267 11266
f 11262 11263 11268 11267
f 11263 11264 11269 11268
f 11264 11265 11270 11269
f 11265 11261 11266 11270
f 11271 11272 11277 11276
f 11272 11273 11278 11277
f 11273 11274 11279 11278
f 11274 11275 11280 11279
f 11275 11271 11276 11280
f 11281 11282 11287 11286
f 11282 11283 11288 11287
f 11283 11284 11289 11288
f 11284 11285 11290 11289
f 11285 11281 11286 11290
f 11291 11292 11297 11296
f 11292 11293 11298 11297
f 11293 11294 11299 11298
f 11294 11295 11300 11299
f 11295 11291 11296 11300
f 11301 11302 11307 11306
f 11302 11303 11308 11307
f 11303 11304 11309 11308
f 11304 11305 11310 11309
f 11305 11301 11306 11310
f 11311 11312 11317 11316
f 11312 11313 11318 11317
f 11313 11314 11319 11318
f 11314 11315 11320 11319
f 11315 11311 11316 11320
f 11321 11322 11327 11326
f 11322 11323 11328 11327
f 11323 11324 11329 11328
f 11324 11325 11330 11329
f 11325 11321 11326 11330
f 11331 11332 11337 11336
f 11332 11333 11338 11337
f 11333 11334 11339 11338
f 11334 11335 11340 11339
f 11335 11331 11336 11340
f 11341 11342 11347 11346
f 11342 11343 11348 11347
f 11343 11344 11349 11348
f 11344 11345 11350 11349
f 11345 11341 11346 11350
f 11351 11352 11357 11356
f 11352 11353 11358 11357
f 11353 11354 11359 11358
f 11354 11355 11360 11359
f 11355 11351 11356 11360
f 11361 11362 11367 11366
f 11362 11363 11368 11367
f 11363 11364 11369 11368
f 11364 11365 11370 11369
f 11365 11361 11366 11370
f 11371 11372 11377 11376
f 11372 11373 11378 11377
f 11373 11374 11379 11378
f 11374 11375 11380 11379
f 11375 11371 11376 11380
f 11381 11382 11387 11386
f 11382 11383 11388 11387
f 11383 11384 11389 11388
f 11384 11385 11390 11389
f 11385 11381 11386 11390
f 11391 11392 11397 11396
f 11392 11393 11398 11397
f 11393 11394 11399 11398
f 11394 11395 11400 11399
f 11395 11391 11396 11400
f 11401 11402 11407 11406
f 11402 11403 11408 11407
f 11403 11404 11409 11408
f 11404 11405 11410 11409
f 11405 11401 11406 11410
f 11411 11412 11417 11416
f 11412 11413 11418 11417
f 11413 11414 11419 11418
f 11414 11415 11420 11419
f 11415 11411 11416 11420
f 11421 11422 11427 11426
f 11422 11423 11428 11427
f 11423 11424 11429 11428
f 11424 11425 11430 11429
f 11425 11421 11426 11430
f 11431 11432 11437 11436
f 11432 11433 11438 11437
f 11433 11434 11439 11438
f 11434 11435 11440 11439
f 11435 11431 11436 11440
f 11441 11442 11447 11446
f 11442 11443 11448 11447
f 11443 11444 11449 11448
f 11444 11445 11450 11449
f 11445 11441 11446 11450
f 11451 11452 11457 11456
f 11452 11453 11458 11457
f 11453 11454 11459 11458
f 11454 11455 11460 11459
f 11455 11451 11456 11460
f 11461 11462 11467 11466
f 11462 11463 11468 11467
f 11463 11464 11469 11468
f 11464 11465 11470 11469
f 11465 11461 11466 11470
f 11471 11472 11477 11476
f 11472 11473 11478 11477
f 11473 11474 11479 11478
f 11474 11475 11480 11479
f 11475 11471 11476 11480
f 11481 11482 11487 11486
f 11482 11483 11488 11487
f 11483 11484 11489 11488
f 11484 11485 11490 11489
f 11485 11481 11486 11490
f 11491 11492 11497 11496
f 11492 11493 11498 11497
f 11493 11494 11499 11498
f 11494 11495 11500 11499
f 11495 11491 11496 11500
f 11501 11502 11507 11506
f 11502 11503 11508 11507
f 11503 11504 11509 11508
f 11504 11505 11510 11509
f 11505 11501 11506 11510
f 11511 11512 11517 11516
f 11512 11513 11518 11517
f 11513 11514 11519 11518
f 11514 11515 11520 11519
f 11515 11511 11516 11520
f 11521 11522 11527 11526
f 11522 11523 11528 11527
f 11523 11524 11529 11528
f 11524 11525 11530 11529
f 11525 11521 11526 11530
f 11531 11532 11537 11536
f 11532 11533 11538 11537
f 11533 11534 11539 11538
f 11534 11535 11540 11539
f 11535 11531 11536 11540
f 11541 11542 11547 11546
f 11542 11543 11548 11547
f 11543 11544 11549 11548
f 11544 11545 11550 11549
f 11545 11541 11546 11550
f 11551 11552 11557 11556
f 11552 11553 11558 11557
f 11553 11554 11559 11558
f 11554 11555 11560 11559
f 11555 11551 11556 11560
f 11561 11562 11567 11566
f 11562 11563 11568 11567
f 11563 11564 11569 11568
f 11564 11565 11570 11569
f 11565 11561 11566 11570
f 11571 11572 11577 11576
f 11572 11573 11578 11577
f 11573 11574 11579 11578
f 11574 11575 11580 11579
f 11575 11571 11576 11580
f 11581 11582 11587 11586
f 11582 11583 11588 11587
f 11583 11584 11589 11588
f 11584 11585 11590 11589
f 11585 11581 11586 11590
f 11591 11592 11597 11596
f 11592 11593 11598 11597
f 11593 11594 11599 11598
f 11594 11595 11600 11599
f 11595 11591 11596 11600
f 11601 11602 11607 11606
f 11602 11603 11608 11607
f 11603 11604 11609 11608
f 11604 11605 11610 11609
f 11605 11601 11606 11610
f 11611 11612 11617 11616
f 11612 11613 11618 11617
f 11613 11614 11619 11618
f 11614 11615 11620 11619
f 11615 11611 11616 11620
f 11621 11622 11627 11626
f 11622 11623 11628 11627
f 11623 11624 11629 11628
f 11624 11625 11630 11629
f 11625 11621 11626 11630
f 11631 11632 11637 11636
f 11632 11633 11638 11637
f 11633 11634 11639 11638
f 11634 11635 11640 11639
f 11635 11631 11636 11640
f 11641 11642 11647 11646
f 11642 11643 11648 11647
f 11643 11644 11649 11648
f 11644 11645 11650 11649
f 11645 11641 11646 11650
f 11651 11652 11657 11656
f 11652 11653 11658 11657
f 11653 11654 11659 11658
f 11654 11655 11660 11659
f 11655 11651 11656 11660
f 11661 11662 11667 11666
f 11662 11663 11668 11667
f 11663 11664 11669 11668
f 11664 11665 11670 11669
f 11665 11661 11666 11670
f 11671 11672 11677 11676
f 11672 11673 11678 11677
f 11673 11674 11679 11678
f 11674 11675 11680 11679
f 11675 11671 11676 11680
f 11681 11682 11687 11686
f 11682 11683 11688 11687
f 11683 11684 11689 11688
f 11684 11685 11690 11689
f 11685 11681 11686 11690
f 11691 11692 11697 11696
f 11692 11693 11698 11697
f 11693 11694 11699 11698
f 11694 11695 11700 11699
f 11695 11691 11696 11700
f 11701 11702 11707 11706
f 11702 11703 11708 11707
f 11703 11704 11709 11708
f 11704 11705 11710 11709
f 11705 11701 11706 11710
f 11711 11712 11717 11716
f 11712 11713 11718 11717
f 11713 11714 11719 11718
f 11714 11715 11720 11719
f 11715 11711 11716 11720
f 11721 11722 11727 11726
f 11722 11723 11728 11727
f 11723 11724 11729 11728
f 11724 11725 11730 11729
f 11725 11721 11726 11730
f 11731 11732 11737 11736
f 11732 11733 11738 11737
f 11733 11734 11739 11738
f 11734 11735 11740 11739
f 11735 11731 11736 11740
f 11741 11742 11747 11746
f 11742 11743 11748 11747
f 11743 11744 11749 11748
f 11744 11745 11750 11749
f 11745 11741 11746 11750
f 11751 11752 11757 11756
f 11752 11753 11758 11757
f 11753 11754 11759 11758
f 11754 11755 11760 11759
f 11755 11751 11756 11760
f 11761 11762 11767 11766
f 11762 11763 11768 11767
f 11763 11764 11769 11768
f 11764 11765 11770 11769
f 11765 11761 11766 11770
f 11771 11772 11777 11776
f 11772 11773 11778 11777
f 11773 11774 11779 11778
f 11774 11775 11780 11779
f 11775 11771 11776 11780
f 11781 11782 11787 11786
f 11782 11783 11788 11787
f 11783 11784 11789 11788
f 11784 11785 11790 11789
f 11785 11781 11786 11790
f 11791 11792 11797 11796
f 11792 11793 11798 11797
f 11793 11794 11799 11798
f 11794 11795 11800 11799
f 11795 11791 11796 11800
f 11801 11802 11807 11806
f 11802 11803 11808 11807
f 11803 11804 11809 11808
f 11804 11805 11810 11809
f 11805 11801 11806 11810
f 11811 11812 11817 11816
f 11812 11813 11818 11817
f 11813 11814 11819 11818
f 11814 11815 11820 11819
f 11815 11811 11816 11820
f 11821 11822 11827 11826
f 11822 11823 11828 11827
f 11823 11824 11829 11828
f 11824 11825 11830 11829
f 11825 11821 11826 11830
f 11831 11832 11837 11836
f 11832 11833 11838 11837
f 11833 11834 11839 11838
f 11834 11835 11840 11839
f 11835 11831 11836 11840
f 11841 11842 11847 11846
f 11842 11843 11848 11847
f 11843 11844 11849 11848
f 11844 11845 11850 11849
f 11845 11841 11846 11850
f 11851 11852 11857 11856
f 11852 11853 11858 11857
f 11853 11854 11859 11858
f 11854 11855 11860 11859
f 11855 11851 11856 11860
f 11861 11862 11867 11866
f 11862 11863 11868 11867
f 11863 11864 11869 11868
f 11864 11865 11870 11869
f 11865 11861 11866 11870
f 11871 11872 11877 11876
f 11872 11873 11878 11877
f 11873 11874 11879 11878
f 11874 11875 11880 11879
f 11875 11871 11876 11880
f 11881 11882 11887 11886
f 11882 11883 11888 11887
f 11883 11884 11889 11888
f 11884 11885 11890 11889
f 11885 11881 11886 11890
f 11891 11892 11897 11896
f 11892 11893 11898 11897
f 11893 11894 11899 11898
f 11894 11895 11900 11899
f 11895 11891 11896 11900
f 11901 11902 11907 11906
f 11902 11903 11908 11907
f 11903 11904 11909 11908
f 11904 11905 11910 11909
f 11905 11901 11906 11910
f 11911 11912 11917 11916
f 11912 11913 11918 11917
f 11913 11914 11919 11918
f 11914 11915 11920 11919
f 11915 11911 11916 11920
f 11921 11922 11927 11926
f 11922 11923 11928 11927
f 11923 11924 11929 11928
f 11924 11925 11930 11929
f 11925 11921 11926 11930
f 11931 11932 11937 11936
f 11932 11933 11938 11937
f 11933 11934 11939 11938
f 11934 11935 11940 11939
f 11935 11931 11936 11940
f 11941 11942 11947 11946
f 11942 11943 11948 11947
f 11943 11944 11949 11948
f 11944 11945 11950 11949
f 11945 11941 11946 11950
f 11951 11952 11957 11956
f 11952 11953 11958 11957
f 11953 11954 11959 11958
f 11954 11955 11960 11959
f 11955 11951 11956 11960
f 11961 11962 11967 11966
f 11962 11963 11968 11967
f 11963 11964 11969 11968
f 11964 11965 11970 11969
f 11965 11961 11966 11970
f 11971 11972 11977 11976
f 11972 11973 11978 11977
f 11973 11974 11979 11978
f 11974 11975 11980 11979
f 11975 11971 11976 11980
f 11981 11982 11987 11986
f 11982 11983 11988 11987
f 11983 11984 11989 11988
f 11984 11985 11990 11989
f 11985 11981 11986 11990
f 11991 11992 11997 11996
f 11992 11993 11998 11997
f 11993 11994 11999 11998
f 11994 11995 12000 11999
f 11995 11991 11996 12000
f 12001 12002 12007 12006
f 12002 12003 12008 12007
f 12003 12004 12009 12008
f 12004 12005 12010 12009
f 12005 12001 12006 12010
f 12011 12012 12017 12016
f 12012 12013 12018 12017
f 12013 12014 12019 12018
f 12014 12015 12020 12019
f 12015 12011 12016 12020
f 12021 12022 12027 12026
f 12022 12023 12028 12027
f 12023 12024 12029 12028
f 12024 12025 12030 12029
f 12025 12021 12026 12030
f 12031 12032 12037 12036
f 12032 12033 12038 12037
f 12033 12034 12039 12038
f 12034 12035 12040 12039
f 12035 12031 12036 12040
f 12041 12042 12047 12046
f 12042 12043 12048 12047
f 12043 12044 12049 12048
f 12044 12045 12050 12049
f 12045 12041 12046 12050
f 12051 12052 12057 12056
f 12052 12053 12058 12057
f 12053 12054 12059 12058
f 12054 12055 12060 12059
f 12055 12051 12056 12060
f 12061 12062 12067 12066
f 12062 12063 12068 12067
f 12063 12064 12069 12068
f 12064 12065 12070 12069
f 12065 12061 12066 12070
f 12071 12072 12077 12076
f 12072 12073 12078 12077
f 12073 12074 12079 12078
f 12074 12075 12080 12079
f 12075 12071 12076 12080
f 12081 12082 12087 12086
f 12082 12083 12088 12087
f 12083 12084 12089 12088
f 12084 12085 12090 12089
f 12085 12081 12086 12090
f 12091 12092 12097 12096
f 12092 12093 12098 12097
f 12093 12094 12099 12098
f 12094 12095 12100 12099
f 12095 12091 12096 12100
f 12101 12102 12107 12106
f 12102 12103 12108 12107
f 12103 12104 12109 12108
f 12104 12105 12110 12109
f 12105 12101 12106 12110
f 12111 12112 12117 12116
f 12112 12113 12118 12117
f 12113 12114 12119 12118
f 12114 12115 12120 12119
f 12115 12111 12116 12120
f 12121 12122 12127 12126
f 12122 12123 12128 12127
f 12123 12124 12129 12128
f 12124 12125 12130 12129
f 12125 12121 12126 12130
f 12131 12132 12137 12136
f 12132 12133 12138 12137
f 12133 12134 12139 12138
f 12134 12135 12140 12139
f 12135 12131 12136 12140
f 12141 12142 12147 12146
f 12142 12143 12148 12147
f 12143 12144 12149 12148
f 12144 12145 12150 12149
f 12145 12141 12146 12150
f 12151 12152 12157 12156
f 12152 12153 12158 12157
f 12153 12154 12159 12158
f 12154 12155 12160 12159
f 12155 12151 12156 12160
f 12161 12162 12167 12166
f 12162 12163 12168 12167
f 12163 12164 12169 12168
f 12164 12165 12170 12169
f 12165 12161 12166 12170
f 12171 12172 12177 12176
f 12172 12173 12178 12177
f 12173 12174 12179 12178
f 12174 12175 12180 12179
f 12175 12171 12176 12180
f 12181 12182 12187 12186
f 12182 12183 12188 12187
f 12183 12184 12189 12188
f 12184 12185 12190 12189
f 12185 12181 12186 12190
f 12191 12192 12197 12196
f 12192 12193 12198 12197
f 12193 12194 12199 12198
f 12194 12195 12200 12199
f 12195 12191 12196 12200
f 12201 12202 12207 12206
f 12202 12203 12208 12207
f 12203 12204 12209 12208
f 12204 12205 12210 12209
f 12205 12201 12206 12210
f 12211 12212 12217 12216
f 12212 12213 12218 12217
f 12213 12214 12219 12218
f 12214 12215 12220 12219
f 12215 12211 12216 12220
f 12221 12222 12227 12226
f 12222 12223 12228 12227
f 12223 12224 12229 12228
f 12224 12225 12230 12229
f 12225 12221 12226 12230
f 12231 12232 12237 12236
f 12232 12233 12238 12237
f 12233 12234 12239 12238
f 12234 12235 12240 12239
f 12235 12231 12236 12240
f 12241 12242 12247 12246
f 12242 12243 12248 12247
f 12243 12244 12249 12248
f 12244 12245 12250 12249
f 12245 12241 12246 12250
f 12251 12252 12257 12256
f 12252 12253 12258 12257
f 12253 12254 12259 12258
f 12254 12255 12260 12259
f 12255 12251 12256 12260
f 12261 12262 12267 12266
f 12262 12263 12268 12267
f 12263 12264 12269 12268
f 12264 12265 12270 12269
f 12265 12261 12266 12270
f 12271 12272 12277 12276
f 12272 12273 12278 12277
f 12273 12274 12279 12278
f 12274 12275 12280 12279
f 12275 12271 12276 12280
f 12281 12282 12287 12286
f 12282 12283 12288 12287
f 12283 12284 12289 12288
f 12284 12285 12290 12289
f 12285 12281 12286 12290
f 12291 12292 12297 12296
f 12292 12293 12298 12297
f 12293 12294 12299 12298
f 12294 12295 12300 12299
f 12295 12291 12296 12300
f 12301 12302 12307 12306
f 12302 12303 12308 12307
f 12303 12304 12309 12308
f 12304 12305 12310 12309
f 12305 12301 12306 12310
f 12311 12312 12317 12316
f 12312 12313 12318 12317
f 12313 12314 12319 12318
f 12314 12315 12320 12319
f 12315 12311 12316 12320
f 12321 12322 12327 12326
f 12322 12323 12328 12327
f 12323 12324 12329 12328
f 12324 12325 12330 12329
f 12325 12321 12326 12330
f 12331 12332 12337 12336
f 12332 12333 12338 12337
f 12333 12334 12339 12338
f 12334 12335 12340 12339
f 12335 12331 12336 12340
f 12341 12342 12347 12346
f 12342 12343 12348 12347
f 12343 12344 12349 12348
f 12344 12345 12350 12349
f 12345 12341 12346 12350
f 12351 12352 12357 12356
f 12352 12353 12358 12357
f 12353 12354 12359 12358
f 12354 12355 12360 12359
f 12355 12351 12356 12360
f 12361 12362 12367 12366
f 12362 12363 12368 12367
f 12363 12364 12369 12368
f 12364 12365 12370 12369
f 12365 12361 12366 12370
f 12371 12372 12377 12376
f 12372 12373 12378 12377
f 12373 12374 12379 12378
f 12374 12375 12380 12379
f 12375 12371 12376 12380
f 12381 12382 12387 12386
f 12382 12383 12388 12387
f 12383 12384 12389 12388
f 12384 12385 12390 12389
f 12385 12381 12386 12390
f 12391 12392 12397 12396
f 12392 12393 12398 12397
f 12393 12394 12399 12398
f 12394 12395 12400 12399
f 12395 12391 12396 12400
f 12401 12402 12407 12406
f 12402 12403 12408 12407
f 12403 12404 12409 12408
f 12404 12405 12410 12409
f 12405 12401 12406 12410
f 12411 12412 12417 12416
f 12412 12413 12418 12417
f 12413 12414 12419 12418
f 12414 12415 12420 12419
f 12415 12411 12416 12420
f 12421 12422 12427 12426
f 12422 12423 12428 12427
f 12423 12424 12429 12428
f 12424 12425 12430 12429
f 12425 12421 12426 12430
f 12431 12432 12437 12436
f 12432 12433 12438 12437
f 12433 12434 12439 12438
f 12434 12435 12440 12439
f 12435 12431 12436 12440
f 12441 12442 12447 12446
f 12442 12443 12448 12447
f 12443 12444 12449 12448
f 12444 12445 12450 12449
f 12445 12441 12446 12450
f 12451 12452 12457 12456
f 12452 12453 12458 12457
f 12453 12454 12459 12458
f 12454 12455 12460 12459
f 12455 12451 12456 12460
f 12461 12462 12467 12466
f 12462 12463 12468 12467
f 12463 12464 12469 12468
f 12464 12465 12470 12469
f 12465 12461 12466 12470
f 12471 12472 12477 12476
f 12472 12473 12478 12477
f 12473 12474 12479 12478
f 12474 12475 12480 12479
f 12475 12471 12476 12480
f 12481 12482 12487 12486
f 12482 12483 12488 12487
f 12483 12484 12489 12488
f 12484 12485 12490 12489
f 12485 12481 12486 12490
f 12491 12492 12497 12496
f 12492 12493 12498 12497
f 12493 12494 12499 12498
f 12494 12495 12500 12499
f 12495 12491 12496 12500
f 12501 12502 12507 12506
f 12502 12503 12508 12507
f 12503 12504 12509 12508
f 12504 12505 12510 12509
f 12505 12501 12506 12510
f 12511 12512 12517 12516
f 12512 12513 12518 12517
f 12513 12514 12519 12518
f 12514 12515 12520 12519
f 12515 12511 12516 12520
f 12521 12522 12527 12526
f 12522 12523 12528 12527
f 12523 12524 12529 12528
f 12524 12525 12530 12529
f 12525 12521 12526 12530
f 12531 12532 12537 12536
f 12532 12533 12538 12537
f 12533 12534 12539 12538
f 12534 12535 12540 12539
f 12535 12531 12536 12540
f 12541 12542 12547 12546
f 12542 12543 12548 12547
f 12543 12544 12549 12548
f 12544 12545 12550 12549
f 12545 12541 12546 12550
f 12551 12552 12557 12556
f 12552 12553 12558 12557
f 12553 12554 12559 12558
f 12554 12555 12560 12559
f 12555 12551 12556 12560
f 12561 12562 12567 12566
f 12562 12563 12568 12567
f 12563 12564 12569 12568
f 12564 12565 12570 12569
f 12565 12561 12566 12570
f 12571 12572 12577 12576
f 12572 12573 12578 12577
f 12573 12574 12579 12578
f 12574 12575 12580 12579
f 12575 12571 12576 12580
f 12581 12582 12587 12586
f 12582 12583 12588 12587
f 12583 12584 12589 12588
f 12584 12585 12590 12589
f 12585 12581 12586 12590
f 12591 12592 12597 12596
f 12592 12593 12598 12597
f 12593 12594 12599 12598
f 12594 12595 12600 12599
f 12595 12591 12596 12600
f 12601 12602 12607 12606
f 12602 12603 12608 12607
f 12603 12604 12609 12608
f 12604 12605 12610 12609
f 12605 12601 12606 12610
f 12611 12612 12617 12616
f 12612 12613 12618 12617
f 12613 12614 12619 12618
f 12614 12615 12620 12619
f 12615 12611 12616 12620
f 12621 12622 12627 12626
f 12622 12623 12628 12627
f 12623 12624 12629 12628
f 12624 12625 12630 12629
f 12625 12621 12626 12630
f 12631 12632 12637 12636
f 12632 12633 12638 12637
f 12633 12634 12639 12638
f 12634 12635 12640 12639
f 12635 12631 12636 12640
f 12641 12642 12647 12646
f 12642 12643 12648 12647
f 12643 12644 12649 12648
f 12644 12645 12650 12649
f 12645 12641 12646 12650
f 12651 12652 12657 12656
f 12652 12653 12658 12657
f 12653 12654 12659 12658
f 12654 12655 12660 12659
f 12655 12651 12656 12660
f 12661 12662 12667 12666
f 12662 12663 12668 12667
f 12663 12664 12669 12668
f 12664 12665 12670 12669
f 12665 12661 12666 12670
f 12671 12672 12677 12676
f 12672 12673 12678 12677
f 12673 12674 12679 12678
f 12674 12675 12680 12679
f 12675 12671 12676 12680
f 12681 12682 12687 12686
f 12682 12683 12688 12687
f 12683 12684 12689 12688
f 12684 12685 12690 12689
f 12685 12681 12686 12690
f 12691 12692 12697 12696
f 12692 12693 12698 12697
f 12693 12694 12699 12698
f 12694 12695 12700 12699
f 12695 12691 12696 12700
f 12701 12702 12707 12706
f 12702 12703 12708 12707
f 12703 12704 12709 12708
f 12704 12705 12710 12709
f 12705 12701 12706 12710
f 12711 12712 12717 12716
f 12712 12713 12718 12717
f 12713 12714 12719 12718
f 12714 12715 12720 12719
f 12715 12711 12716 12720
f 12721 12722 12727 12726
f 12722 12723 12728 12727
f 12723 12724 12729 12728
f 12724 12725 12730 12729
f 12725 12721 12726 12730
f 12731 12732 12737 12736
f 12732 12733 12738 12737
f 12733 12734 12739 12738
f 12734 12735 12740 12739
f 12735 12731 12736 12740
f 12741 12742 12747 12746
f 12742 12743 12748 12747
f 12743 12744 12749 12748
f 12744 12745 12750 12749
f 12745 12741 12746 12750
f 12751 12752 12757 12756
f 12752 12753 12758 12757
f 12753 12754 12759 12758
f 12754 12755 12760 12759
f 12755 12751 12756 12760
f 12761 12762 12767 12766
f 12762 12763 12768 12767
f 12763 12764 12769 12768
f 12764 12765 12770 12769
f 12765 12761 12766 12770
f 12771 12772 12777 12776
f 12772 12773 12778 12777
f 12773 12774 12779 12778
f 12774 12775 12780 12779
f 12775 12771 12776 12780
f 12781 12782 12787 12786
f 12782 12783 12788 12787
f 12783 12784 12789 12788
f 12784 12785 12790 12789
f 12785 12781 12786 12790
f 12791 12792 12797 12796
f 12792 12793 12798 12797
f 12793 12794 12799 12798
f 12794 12795 12800 12799
f 12795 12791 12796 12800
f 12801 12802 12807 12806
f 12802 12803 12808 12807
f 12803 12804 12809 12808
f 12804 12805 12810 12809
f 12805 12801 12806 12810
f 12811 12812 12817 12816
f 12812 12813 12818 12817
f 12813 12814 12819 12818
f 12814 12815 12820 12819
f 12815 12811 12816 12820
f 12821 12822 12827 12826
f 12822 12823 12828 12827
f 12823 12824 12829 12828
f 12824 12825 12830 12829
f 12825 12821 12826 12830
f 12831 12832 12837 12836
f 12832 12833 12838 12837
f 12833 12834 12839 12838
f 12834 12835 12840 12839
f 12835 12831 12836 12840
f 12841 12842 12847 12846
f 12842 12843 12848 12847
f 12843 12844 12849 12848
f 12844 12845 12850 12849
f 12845 12841 12846 12850
f 12851 12852 12857 12856
f 12852 12853 12858 12857
f 12853 12854 12859 12858
f 12854 12855 12860 12859
f 12855 12851 12856 12860
f 12861 12862 12867 12866
f 12862 12863 12868 12867
f 12863 12864 12869 12868
f 12864 12865 12870 12869
f 12865 12861 12866 12870
f 12871 12872 12877 12876
f 12872 12873 12878 12877
f 12873 12874 12879 12878
f 12874 12875 12880 12879
f 12875 12871 12876 12880
f 12881 12882 12887 12886
f 12882 12883 12888 12887
f 12883 12884 12889 12888
f 12884 12885 12890 12889
f 12885 12881 12886 12890
f 12891 12892 12897 12896
f 12892 12893 12898 12897
f 12893 12894 12899 12898
f 12894 12895 12900 12899
f 12895 12891 12896 12900
f 12901 12902 12907 12906
f 12902 12903 12908 12907
f 12903 12904 12909 12908
f 12904 12905 12910 12909
f 12905 12901 12906 12910
f 12911 12912 12917 12916
f 12912 12913 12918 12917
f 12913 12914 12919 12918
f 12914 12915 12920 12919
f 12915 12911 12916 12920
f 12921 12922 12927 12926
f 12922 12923 12928 12927
f 12923 12924 12929 12928
f 12924 12925 12930 12929
f 12925 12921 12926 12930
f 12931 12932 12937 12936
f 12932 12933 12938 12937
f 12933 12934 12939 12938
f 12934 12935 12940 12939
f 12935 12931 12936 12940
f 12941 12942 12947 12946
f 12942 12943 12948 12947
f 12943 12944 12949 12948
f 12944 12945 12950 12949
f 12945 12941 12946 12950
f 12951 12952 12957 12956
f 12952 12953 12958 12957
f 12953 12954 12959 12958
f 12954 12955 12960 12959
f 12955 12951 12956 12960
f 12961 12962 12967 12966
f 12962 12963 12968 12967
f 12963 12964 12969 12968
f 12964 12965 12970 12969
f 12965 12961 12966 12970
f 12971 12972 12977 12976
f 12972 12973 12978 12977
f 12973 12974 12979 12978
f 12974 12975 12980 12979
f 12975 12971 12976 12980
f 12981 12982 12987 12986
f 12982 12983 12988 12987
f 12983 12984 12989 12988
f 12984 12985 12990 12989
f 12985 12981 12986 12990
f 12991 12992 12997 12996
f 12992 12993 12998 12997
f 12993 12994 12999 12998
f 12994 12995 13000 12999
f 12995 12991 12996 13000
f 13001 13002 13007 13006
f 13002 13003 13008 13007
f 13003 13004 13009 13008
f 13004 13005 13010 13009
f 13005 13001 13006 13010
f 13011 13012 13017 13016
f 13012 13013 13018 13017
f 13013 13014 13019 13018
f 13014 13015 13020 13019
f 13015 13011 13016 13020
f 13021 13022 13027 13026
f 13022 13023 13028 13027
f 13023 13024 13029 13028
f 13024 13025 13030 13029
f 13025 13021 13026 13030
f 13031 13032 13037 13036
f 13032 13033 13038 13037
f 13033 13034 13039 13038
f 13034 13035 13040 13039
f 13035 13031 13036 13040
f 13041 13042 13047 13046
f 13042 13043 13048 13047
f 13043 13044 13049 13048
f 13044 13045 13050 13049
f 13045 13041 13046 13050
f 13051 13052 13057 13056
f 13052 13053 13058 13057
f 13053 13054 13059 13058
f 13054 13055 13060 13059
f 13055 13051 13056 13060
f 13061 13062 13067 13066
f 13062 13063 13068 13067
f 13063 13064 13069 13068
f 13064 13065 13070 13069
f 13065 13061 13066 13070
f 13071 13072 13077 13076
f 13072 13073 13078 13077
f 13073 13074 13079 13078
f 13074 13075 13080 13079
f 13075 13071 13076 13080
f 13081 13082 13087 13086
f 13082 13083 13088 13087
f 13083 13084 13089 13088
f 13084 13085 13090 13089
f 13085 13081 13086 13090
f 13091 13092 13097 13096
f 13092 13093 13098 13097
f 13093 13094 13099 13098
f 13094 13095 13100 13099
f 13095 13091 13096 13100
f 13101 13102 13107 13106
f 13102 13103 13108 13107
f 13103 13104 13109 13108
f 13104 13105 13110 13109
f 13105 13101 13106 13110
f 13111 13112 13117 13116
f 13112 13113 13118 13117
f 13113 13114 13119 13118
f 13114 13115 13120 13119
f 13115 13111 13116 13120
f 13121 13122 13127 13126
f 13122 13123 13128 13127
f 13123 13124 13129 13128
f 13124 13125 13130 13129
f 13125 13121 13126 13130
f 13131 13132 13137 13136
f 13132 13133 13138 13137
f 13133 13134 13139 13138
f 13134 13135 13140 13139
f 13135 13131 13136 13140
f 13141 13142 13147 13146
f 13142 13143 13148 13147
f 13143 13144 13149 13148
f 13144 13145 13150 13149
f 13145 13141 13146 13150
f 13151 13152 13157 13156
f 13152 13153 13158 13157
f 13153 13154 13159 13158
f 13154 13155 13160 13159
f 13155 13151 13156 13160
f 13161 13162 13167 13166
f 13162 13163 13168 13167
f 13163 13164 13169 13168
f 13164 13165 13170 13169
f 13165 13161 13166 13170
f 13171 13172 13177 13176
f 13172 13173 13178 13177
f 13173 13174 13179 13178
f 13174 13175 13180 13179
f 13175 13171 13176 13180
f 13181 13182 13187 13186
f 13182 13183 13188 13187
f 13183 13184 13189 13188
f 13184 13185 13190 13189
f 13185 13181 13186 13190
f 13191 13192 13197 13196
f 13192 13193 13198 13197
f 13193 13194 13199 13198
f 13194 13195 13200 13199
f 13195 13191 13196 13200
f 13201 13202 13207 13206
f 13202 13203 13208 13207
f 13203 13204 13209 13208
f 13204 13205 13210 13209
f 13205 13201 13206 13210
f 13211 13212 13217 13216
f 13212 13213 13218 13217
f 13213 13214 13219 13218
f 13214 13215 13220 13219
f 13215 13211 13216 13220
f 13221 13222 13227 13226
f 13222 13223 13228 13227
f 13223 13224 13229 13228
f 13224 13225 13230 13229
f 13225 13221 13226 13230
f 13231 13232 13237 13236
f 13232 13233 13238 13237
f 13233 13234 13239 13238
f 13234 13235 13240 13239
f 13235 13231 13236 13240
f 13241 13242 13247 13246
f 13242 13243 13248 13247
f 13243 13244 13249 13248
f 13244 13245 13250 13249
f 13245 13241 13246 13250
f 13251 13252 13257 13256
f 13252 13253 13258 13257
f 13253 13254 13259 13258
f 13254 13255 13260 13259
f 13255 13251 13256 13260
f 13261 13262 13267 13266
f 13262 13263 13268 13267
f 13263 13264 13269 13268
f 13264 13265 13270 13269
f 13265 13261 13266 13270
f 13271 13272 13277 13276
f 13272 13273 13278 13277
f 13273 13274 13279 13278
f 13274 13275 13280 13279
f 13275 13271 13276 13280
f 13281 13282 13287 13286
f 13282 13283 13288 13287
f 13283 13284 13289 13288
f 13284 13285 13290 13289
f 13285 13281 13286 13290
f 13291 13292 13297 13296
f 13292 13293 13298 13297
f 13293 13294 13299 13298
f 13294 13295 13300 13299
f 13295 13291 13296 13300
f 13301 13302 13307 13306
f 13302 13303 13308 13307
f 13303 13304 13309 13308
f 13304 13305 13310 13309
f 13305 13301 13306 13310
f 13311 13312 13317 13316
f 13312 13313 13318 13317
f 13313 13314 13319 13318
f 13314 13315 13320 13319
f 13315 13311 13316 13320
f 13321 13322 13327 13326
f 13322 13323 13328 13327
f 13323 13324 13329 13328
f 13324 13325 13330 13329
f 13325 13321 13326 13330
f 13331 13332 13337 13336
f 13332 13333 13338 13337
f 13333 13334 13339 13338
f 13334 13335 13340 13339
f 13335 13331 13336 13340
f 13341 13342 13347 13346
f 13342 13343 13348 13347
f 13343 13344 13349 13348
f 13344 13345 13350 13349
f 13345 13341 13346 13350
f 13351 13352 13357 13356
f 13352 13353 13358 13357
f 13353 13354 13359 13358
f 13354 13355 13360 13359
f 13355 13351 13356 13360
f 13361 13362 13367 13366
f 13362 13363 13368 13367
f 13363 13364 13369 13368
f 13364 13365 13370 13369
f 13365 13361 13366 13370
f 13371 13372 13377 13376
f 13372 13373 13378 13377
f 13373 13374 13379 13378
f 13374 13375 13380 13379
f 13375 13371 13376 13380
f 13381 13382 13387 13386
f 13382 13383 13388 13387
f 13383 13384 13389 13388
f 13384 13385 13390 13389
f 13385 13381 13386 13390
f 13391 13392 13397 13396
f 13392 13393 13398 13397
f 13393 13394 13399 13398
f 13394 13395 13400 13399
f 13395 13391 13396 13400
f 13401 13402 13407 13406
f 13402 13403 13408 13407
f 13403 13404 13409 13408
f 13404 13405 13410 13409
f 13405 13401 13406 13410
f 13411 13412 13417 13416
f 13412 13413 13418 13417
f 13413 13414 13419 13418
f 13414 13415 13420 13419
f 13415 13411 13416 13420
f 13421 13422 13427 13426
f 13422 13423 13428 13427
f 13423 13424 13429 13428
f 13424 13425 13430 13429
f 13425 13421 13426 13430
f 13431 13432 13437 13436
f 13432 13433 13438 13437
f 13433 13434 13439 13438
f 13434 13435 13440 13439
f 13435 13431 13436 13440
f 13441 13442 13447 13446
f 13442 13443 13448 13447
f 13443 13444 13449 13448
f 13444 13445 13450 13449
f 13445 13441 13446 13450
f 13451 13452 13457 13456
f 13452 13453 13458 13457
f 13453 13454 13459 13458
f 13454 13455 13460 13459
f 13455 13451 13456 13460
f 13461 13462 13467 13466
f 13462 13463 13468 13467
f 13463 13464 13469 13468
f 13464 13465 13470 13469
f 13465 13461 13466 13470
f 13471 13472 13477 13476
f 13472 13473 13478 13477
f 13473 13474 13479 13478
f 13474 13475 13480 13479
f 13475 13471 13476 13480
f 13481 13482 13487 13486
f 13482 13483 13488 13487
f 13483 13484 13489 13488
f 13484 13485 13490 13489
f 13485 13481 13486 13490
f 13491 13492 13497 13496
f 13492 13493 13498 13497
f 13493 13494 13499 13498
f 13494 13495 13500 13499
f 13495 13491 13496 13500
f 13501 13502 13507 13506
f 13502 13503 13508 13507
f 13503 13504 13509 13508
f 13504 13505 13510 13509
f 13505 13501 13506 13510
f 13511 13512 13517 13516
f 13512 13513 13518 13517
f 13513 13514 13519 13518
f 13514 13515 13520 13519
f 13515 13511 13516 13520
f 13521 13522 13527 13526
f 13522 13523 13528 13527
f 13523 13524 13529 13528
f 13524 13525 13530 13529
f 13525 13521 13526 13530
f 13531 13532 13537 13536
f 13532 13533 13538 13537
f 13533 13534 13539 13538
f 13534 13535 13540 13539
f 13535 13531 13536 13540
f 13541 13542 13547 13546
f 13542 13543 13548 13547
f 13543 13544 13549 13548
f 13544 13545 13550 13549
f 13545 13541 13546 13550
f 13551 13552 13557 13556
f 13552 13553 13558 13557
f 13553 13554 13559 13558
f 13554 13555 13560 13559
f 13555 13551 13556 13560
f 13561 13562 13567 13566
f 13562 13563 13568 13567
f 13563 13564 13569 13568
f 13564 13565 13570 13569
f 13565 13561 13566 13570
f 13571 13572 13577 13576
f 13572 13573 13578 13577
f 13573 13574 13579 13578
f 13574 13575 13580 13579
f 13575 13571 13576 13580
f 13581 13582 13587 13586
f 13582 13583 13588 13587
f 13583 13584 13589 13588
f 13584 13585 13590 13589
f 13585 13581 13586 13590
f 13591 13592 13597 13596
f 13592 13593 13598 13597
f 13593 13594 13599 13598
f 13594 13595 13600 13599
f 13595 13591 13596 13600
f 13601 13602 13607 13606
f 13602 13603 13608 13607
f 13603 13604 13609 13608
f 13604 13605 13610 13609
f 13605 13601 13606 13610
f 13611 13612 13617 13616
f 13612 13613 13618 13617
f 13613 13614 13619 13618
f 13614 13615 13620 13619
f 13615 13611 13616 13620
f 13621 13622 13627 13626
f 13622 13623 13628 13627
f 13623 13624 13629 13628
f 13624 13625 13630 13629
f 13625 13621 13626 13630
f 13631 13632 13637 13636
f 13632 13633 13638 13637
f 13633 13634 13639 13638
f 13634 13635 13640 13639
f 13635 13631 13636 13640
f 13641 13642 13647 13646
f 13642 13643 13648 13647
f 13643 13644 13649 13648
f 13644 13645 13650 13649
f 13645 13641 13646 13650
f 13651 13652 13657 13656
f 13652 13653 13658 13657
f 13653 13654 13659 13658
f 13654 13655 13660 13659
f 13655 13651 13656 13660
f 13661 13662 13667 13666
f 13662 13663 13668 13667
f 13663 13664 13669 13668
f 13664 13665 13670 13669
f 13665 13661 13666 13670
f 13671 13672 13677 13676
f 13672 13673 13678 13677
f 13673 13674 13679 13678
f 13674 13675 13680 13679
f 13675 13671 13676 13680
f 13681 13682 13687 13686
f 13682 13683 13688 13687
f 13683 13684 13689 13688
f 13684 13685 13690 13689
f 13685 13681 13686 13690
f 13691 13692 13697 13696
f 13692 13693 13698 13697
f 13693 13694 13699 13698
f 13694 13695 13700 13699
f 13695 13691 13696 13700
f 13701 13702 13707 13706
f 13702 13703 13708 13707
f 13703 13704 13709 13708
f 13704 13705 13710 13709
f 13705 13701 13706 13710
f 13711 13712 13717 13716
f 13712 13713 13718 13717
f 13713 13714 13719 13718
f 13714 13715 13720 13719
f 13715 13711 13716 13720
f 13721 13722 13727 13726
f 13722 13723 13728 13727
f 13723 13724 13729 13728
f 13724 13725 13730 13729
f 13725 13721 13726 13730
f 13731 13732 13737 13736
f 13732 13733 13738 13737
f 13733 13734 13739 13738
f 13734 13735 13740 13739
f 13735 13731 13736 13740
f 13741 13742 13747 13746
f 13742 13743 13748 13747
f 13743 13744 13749 13748
f 13744 13745 13750 13749
f 13745 13741 13746 13750
f 13751 13752 13757 13756
f 13752 13753 13758 13757
f 13753 13754 13759 13758
f 13754 13755 13760 13759
f 13755 13751 13756 13760
f 13761 13762 13767 13766
f 13762 13763 13768 13767
f 13763 13764 13769 13768
f 13764 13765 13770 13769
f 13765 13761 13766 13770
f 13771 13772 13777 13776
f 13772 13773 13778 13777
f 13773 13774 13779 13778
f 13774 13775 13780 13779
f 13775 13771 13776 13780
f 13781 13782 13787 13786
f 13782 13783 13788 13787
f 13783 13784 13789 13788
f 13784 13785 13790 13789
f 13785 13781 13786 13790
f 13791 13792 13797 13796
f 13792 13793 13798 13797
f 13793 13794 13799 13798
f 13794 13795 13800 13799
f 13795 13791 13796 13800
f 13801 13802 13807 13806
f 13802 13803 13808 13807
f 13803 13804 13809 13808
f 13804 13805 13810 13809
f 13805 13801 13806 13810
f 13811 13812 13817 13816
f 13812 13813 13818 13817
f 13813 13814 13819 13818
f 13814 13815 13820 13819
f 13815 13811 13816 13820
f 13821 13822 13827 13826
f 13822 13823 13828 13827
f 13823 13824 13829 13828
f 13824 13825 13830 13829
f 13825 13821 13826 13830
f 13831 13832 13837 13836
f 13832 13833 13838 13837
f 13833 13834 13839 13838
f 13834 13835 13840 13839
f 13835 13831 13836 13840
f 13841 13842 13847 13846
f 13842 13843 13848 13847
f 13843 13844 13849 13848
f 13844 13845 13850 13849
f 13845 13841 13846 13850
f 13851 13852 13857 13856
f 13852 13853 13858 13857
f 13853 13854 13859 13858
f 13854 13855 13860 13859
f 13855 13851 13856 13860
f 13861 13862 13867 13866
f 13862 13863 13868 13867
f 13863 13864 13869 13868
f 13864 13865 13870 13869
f 13865 13861 13866 13870
f 13871 13872 13877 13876
f 13872 13873 13878 13877
f 13873 13874 13879 13878
f 13874 13875 13880 13879
f 13875 13871 13876 13880
f 13881 13882 13887 13886
f 13882 13883 13888 13887
f 13883 13884 13889 13888
f 13884 13885 13890 13889
f 13885 13881 13886 13890
f 13891 13892 13897 13896
f 13892 13893 13898 13897
f 13893 13894 13899 13898
f 13894 13895 13900 13899
f 13895 13891 13896 13900
f 13901 13902 13907 13906
f 13902 13903 13908 13907
f 13903 13904 13909 13908
f 13904 13905 13910 13909
f 13905 13901 13906 13910
f 13911 13912 13917 13916
f 13912 13913 13918 13917
f 13913 13914 13919 13918
f 13914 13915 13920 13919
f 13915 13911 13916 13920
f 13921 13922 13927 13926
f 13922 13923 13928 13927
f 13923 13924 13929 13928
f 13924 13925 13930 13929
f 13925 13921 13926 13930
f 13931 13932 13937 13936
f 13932 13933 13938 13937
f 13933 13934 13939 13938
f 13934 13935 13940 13939
f 13935 13931 13936 13940
f 13941 13942 13947 13946
f 13942 13943 13948 13947
f 13943 13944 13949 13948
f 13944 13945 13950 13949
f 13945 13941 13946 13950
f 13951 13952 13957 13956
f 13952 13953 13958 13957
f 13953 13954 13959 13958
f 13954 13955 13960 13959
f 13955 13951 13956 13960
f 13961 13962 13967 13966
f 13962 13963 13968 13967
f 13963 13964 13969 13968
f 13964 13965 13970 13969
f 13965 13961 13966 13970
f 13971 13972 13977 13976
f 13972 13973 13978 13977
f 13973 13974 13979 13978
f 13974 13975 13980 13979
f 13975 13971 13976 13980
f 13981 13982 13987 13986
f 13982 13983 13988 13987
f 13983 13984 13989 13988
f 13984 13985 13990 13989
f 13985 13981 13986 13990
f 13991 13992 13997 13996
f 13992 13993 13998 13997
f 13993 13994 13999 13998
f 13994 13995 14000 13999
f 13995 13991 13996 14000
f 14001 14002 14007 14006
f 14002 14003 14008 14007
f 14003 14004 14009 14008
f 14004 14005 14010 14009
f 14005 14001 14006 14010
f 14011 14012 14017 14016
f 14012 14013 14018 14017
f 14013 14014 14019 14018
f 14014 14015 14020 14019
f 14015 14011 14016 14020
f 14021 14022 14027 14026
f 14022 14023 14028 14027
f 14023 14024 14029 14028
f 14024 14025 14030 14029
f 14025 14021 14026 14030
f 14031 14032 14037 14036
f 14032 14033 14038 14037
f 14033 14034 14039 14038
f 14034 14035 14040 14039
f 14035 14031 14036 14040
f 14041 14042 14047 14046
f 14042 14043 14048 14047
f 14043 14044 14049 14048
f 14044 14045 14050 14049
f 14045 14041 14046 14050
f 14051 14052 14057 14056
f 14052 14053 14058 14057
f 14053 14054 14059 14058
f 14054 14055 14060 14059
f 14055 14051 14056 14060
f 14061 14062 14067 14066
f 14062 14063 14068 14067
f 14063 14064 14069 14068
f 14064 14065 14070 14069
f 14065 14061 14066 14070
f 14071 14072 14077 14076
f 14072 14073 14078 14077
f 14073 14074 14079 14078
f 14074 14075 14080 14079
f 14075 14071 14076 14080
f 14081 14082 14087 14086
f 14082 14083 14088 14087
f 14083 14084 14089 14088
f 14084 14085 14090 14089
f 14085 14081 14086 14090
f 14091 14092 14097 14096
f 14092 14093 14098 14097
f 14093 14094 14099 14098
f 14094 14095 14100 14099
f 14095 14091 14096 14100
f 14101 14102 14107 14106
f 14102 14103 14108 14107
f 14103 14104 14109 14108
f 14104 14105 14110 14109
f 14105 14101 14106 14110
f 14111 14112 14117 14116
f 14112 14113 14118 14117
f 14113 14114 14119 14118
f 14114 14115 14120 14119
f 14115 14111 14116 14120
f 14121 14122 14127 14126
f 14122 14123 14128 14127
f 14123 14124 14129 14128
f 14124 14125 14130 14129
f 14125 14121 14126 14130
f 14131 14132 14137 14136
f 14132 14133 14138 14137
f 14133 14134 14139 14138
f 14134 14135 14140 14139
f 14135 14131 14136 14140
f 14141 14142 14147 14146
f 14142 14143 14148 14147
f 14143 14144 14149 14148
f 14144 14145 14150 14149
f 14145 14141 14146 14150
f 14151 14152 14157 14156
f 14152 14153 14158 14157
f 14153 14154 14159 14158
f 14154 14155 14160 14159
f 14155 14151 14156 14160
f 14161 14162 14167 14166
f 14162 14163 14168 14167
f 14163 14164 14169 14168
f 14164 14165 14170 14169
f 14165 14161 14166 14170
f 14171 14172 14177 14176
f 14172 14173 14178 14177
f 14173 14174 14179 14178
f 14174 14175 14180 14179
f 14175 14171 14176 14180
f 14181 14182 14187 14186
f 14182 14183 14188 14187
f 14183 14184 14189 14188
f 14184 14185 14190 14189
f 14185 14181 14186 14190
f 14191 14192 14197 14196
f 14192 14193 14198 14197
f 14193 14194 14199 14198
f 14194 14195 14200 14199
f 14195 14191 14196 14200
f 14201 14202 14207 14206
f 14202 14203 14208 14207
f 14203 14204 14209 14208
f 14204 14205 14210 14209
f 14205 14201 14206 14210
f 14211 14212 14217 14216
f 14212 14213 14218 14217
f 14213 14214 14219 14218
f 14214 14215 14220 14219
f 14215 14211 14216 14220
f 14221 14222 14227 14226
f 14222 14223 14228 14227
f 14223 14224 14229 14228
f 14224 14225 14230 14229
f 14225 14221 14226 14230
f 14231 14232 14237 14236
f 14232 14233 14238 14237
f 14233 14234 14239 14238
f 14234 14235 14240 14239
f 14235 14231 14236 14240
f 14241 14242 14247 14246
f 14242 14243 14248 14247
f 14243 14244 14249 14248
f 14244 14245 14250 14249
f 14245 14241 14246 14250
f 14251 14252 14257 14256
f 14252 14253 14258 14257
f 14253 14254 14259 14258
f 14254 14255 14260 14259
f 14255 14251 14256 14260
f 14261 14262 14267 14266
f 14262 14263 14268 14267
f 14263 14264 14269 14268
f 14264 14265 14270 14269
f 14265 14261 14266 14270
f 14271 14272 14277 14276
f 14272 14273 14278 14277
f 14273 14274 14279 14278
f 14274 14275 14280 14279
f 14275 14271 14276 14280
f 14281 14282 14287 14286
f 14282 14283 14288 14287
f 14283 14284 14289 14288
f 14284 14285 14290 14289
f 14285 14281 14286 14290
f 14291 14292 14297 14296
f 14292 14293 14298 14297
f 14293 14294 14299 14298
f 14294 14295 14300 14299
f 14295 14291 14296 14300
f 14301 14302 14307 14306
f 14302 14303 14308 14307
f 14303 14304 14309 14308
f 14304 14305 14310 14309
f 14305 14301 14306 14310
f 14311 14312 14317 14316
f 14312 14313 14318 14317
f 14313 14314 14319 14318
f 14314 14315 14320 14319
f 14315 14311 14316 14320
f 14321 14322 14327 14326
f 14322 14323 14328 14327
f 14323 14324 14329 14328
f 14324 14325 14330 14329
f 14325 14321 14326 14330
f 14331 14332 14337 14336
f 14332 14333 14338 14337
f 14333 14334 14339 14338
f 14334 14335 14340 14339
f 14335 14331 14336 14340
f 14341 14342 14347 14346
f 14342 14343 14348 14347
f 14343 14344 14349 14348
f 14344 14345 14350 14349
f 14345 14341 14346 14350
f 14351 14352 14357 14356
f 14352 14353 14358 14357
f 14353 14354 14359 14358
f 14354 14355 14360 14359
f 14355 14351 14356 14360
f 14361 14362 14367 14366
f 14362 14363 14368 14367
f 14363 14364 14369 14368
f 14364 14365 14370 14369
f 14365 14361 14366 14370
f 14371 14372 14377 14376
f 14372 14373 14378 14377
f 14373 14374 14379 14378
f 14374 14375 14380 14379
f 14375 14371 14376 14380
f 14381 14382 14387 14386
f 14382 14383 14388 14387
f 14383 14384 14389 14388
f 14384 14385 14390 14389
f 14385 14381 14386 14390
f 14391 14392 14397 14396
f 14392 14393 14398 14397
f 14393 14394 14399 14398
f 14394 14395 14400 14399
f 14395 14391 14396 14400
f 14401 14402 14407 14406
f 14402 14403 14408 14407
f 14403 14404 14409 14408
f 14404 14405 14410 14409
f 14405 14401 14406 14410
f 14411 14412 14417 14416
f 14412 14413 14418 14417
f 14413 14414 14419 14418
f 14414 14415 14420 14419
f 14415 14411 14416 14420
f 14421 14422 14427 14426
f 14422 14423 14428 14427
f 14423 14424 14429 14428
f 14424 14425 14430 14429
f 14425 14421 14426 14430
f 14431 14432 14437 14436
f 14432 14433 14438 14437
f 14433 14434 14439 14438
f 14434 14435 14440 14439
f 14435 14431 14436 14440
f 14441 14442 14447 14446
f 14442 14443 14448 14447
f 14443 14444 14449 14448
f 14444 14445 14450 14449
f 14445 14441 14446 14450
f 14451 14452 14457 14456
f 14452 14453 14458 14457
f 14453 14454 14459 14458
f 14454 14455 14460 14459
f 14455 14451 14456 14460
f 14461 14462 14467 14466
f 14462 14463 14468 14467
f 14463 14464 14469 14468
f 14464 14465 14470 14469
f 14465 14461 14466 14470
f 14471 14472 14477 14476
f 14472 14473 14478 14477
f 14473 14474 14479 14478
f 14474 14475 14480 14479
f 14475 14471 14476 14480
f 14481 14482 14487 14486
f 14482 14483 14488 14487
f 14483 14484 14489 14488
f 14484 14485 14490 14489
f 14485 14481 14486 14490
f 14491 14492 14497 14496
f 14492 14493 14498 14497
f 14493 14494 14499 14498
f 14494 14495 14500 14499
f 14495 14491 14496 14500
f 14501 14502 14507 14506
f 14502 14503 14508 14507
f 14503 14504 14509 14508
f 14504 14505 14510 14509
f 14505 14501 14506 14510
f 14511 14512 14517 14516
f 14512 14513 14518 14517
f 14513 14514 14519 14518
f 14514 14515 14520 14519
f 14515 14511 14516 14520
f 14521 14522 14527 14526
f 14522 14523 14528 14527
f 14523 14524 14529 14528
f 14524 14525 14530 14529
f 14525 14521 14526 14530
f 14531 14532 14537 14536
f 14532 14533 14538 14537
f 14533 14534 14539 14538
f 14534 14535 14540 14539
f 14535 14531 14536 14540
f 14541 14542 14547 14546
f 14542 14543 14548 14547
f 14543 14544 14549 14548
f 14544 14545 14550 14549
f 14545 14541 14546 14550
f 14551 14552 14557 14556
f 14552 14553 14558 14557
f 14553 14554 14559 14558
f 14554 14555 14560 14559
f 14555 14551 14556 14560
f 14561 14562 14567 14566
f 14562 14563 14568 14567
f 14563 14564 14569 14568
f 14564 14565 14570 14569
f 14565 14561 14566 14570
f 14571 14572 14577 14576
f 14572 14573 14578 14577
f 14573 14574 14579 14578
f 14574 14575 14580 14579
f 14575 14571 14576 14580
f 14581 14582 14587 14586
f 14582 14583 14588 14587
f 14583 14584 14589 14588
f 14584 14585 14590 14589
f 14585 14581 14586 14590
f 14591 14592 14597 14596
f 14592 14593 14598 14597
f 14593 14594 14599 14598
f 14594 14595 14600 14599
f 14595 14591 14596 14600
f 14601 14602 14607 14606
f 14602 14603 14608 14607
f 14603 14604 14609 14608
f 14604 14605 14610 14609
f 14605 14601 14606 14610
f 14611 14612 14617 14616
f 14612 14613 14618 14617
f 14613 14614 14619 14618
f 14614 14615 14620 14619
f 14615 14611 14616 14620
f 14621 14622 14627 14626
f 14622 14623 14628 14627
f 14623 14624 14629 14628
f 14624 14625 14630 14629
f 14625 14621 14626 14630
f 14631 14632 14637 14636
f 14632 14633 14638 14637
f 14633 14634 14639 14638
f 14634 14635 14640 14639
f 14635 14631 14636 14640
f 14641 14642 14647 14646
f 14642 14643 14648 14647
f 14643 14644 14649 14648
f 14644 14645 14650 14649
f 14645 14641 14646 14650
f 14651 14652 14657 14656
f 14652 14653 14658 14657
f 14653 14654 14659 14658
f 14654 14655 14660 14659
f 14655 14651 14656 14660
f 14661 14662 14667 14666
f 14662 14663 14668 14667
f 14663 14664 14669 14668
f 14664 14665 14670 14669
f 14665 14661 14666 14670
f 14671 14672 14677 14676
f 14672 14673 14678 14677
f 14673 14674 14679 14678
f 14674 14675 14680 14679
f 14675 14671 14676 14680
f 14681 14682 14687 14686
f 14682 14683 14688 14687
f 14683 14684 14689 14688
f 14684 14685 14690 14689
f 14685 14681 14686 14690
f 14691 14692 14697 14696
f 14692 14693 14698 14697
f 14693 14694 14699 14698
f 14694 14695 14700 14699
f 14695 14691 14696 14700
f 14701 14702 14707 14706
f 14702 14703 14708 14707
f 14703 14704 14709 14708
f 14704 14705 14710 14709
f 14705 14701 14706 14710
f 14711 14712 14717 14716
f 14712 14713 14718 14717
f 14713 14714 14719 14718
f 14714 14715 14720 14719
f 14715 14711 14716 14720
f 14721 14722 14727 14726
f 14722 14723 14728 14727
f 14723 14724 14729 14728
f 14724 14725 14730 14729
f 14725 14721 14726 14730
f 14731 14732 14737 14736
f 14732 14733 14738 14737
f 14733 14734 14739 14738
f 14734 14735 14740 14739
f 14735 14731 14736 14740
f 14741 14742 14747 14746
f 14742 14743 14748 14747
f 14743 14744 14749 14748
f 14744 14745 14750 14749
f 14745 14741 14746 14750
f 14751 14752 14757 14756
f 14752 14753 14758 14757
f 14753 14754 14759 14758
f 14754 14755 14760 14759
f 14755 14751 14756 14760
f 14761 14762 14767 14766
f 14762 14763 14768 14767
f 14763 14764 14769 14768
f 14764 14765 14770 14769
f 14765 14761 14766 14770
f 14771 14772 14777 14776
f 14772 14773 14778 14777
f 14773 14774 14779 14778
f 14774 14775 14780 14779
f 14775 14771 14776 14780
f 14781 14782 14787 14786
f 14782 14783 14788 14787
f 14783 14784 14789 14788
f 14784 14785 14790 14789
f 14785 14781 14786 14790
f 14791 14792 14797 14796
f 14792 14793 14798 14797
f 14793 14794 14799 14798
f 14794 14795 14800 14799
f 14795 14791 14796 14800
f 14801 14802 14807 14806
f 14802 14803 14808 14807
f 14803 14804 14809 14808
f 14804 14805 14810 14809
f 14805 14801 14806 14810
f 14811 14812 14817 14816
f 14812 14813 14818 14817
f 14813 14814 14819 14818
f 14814 14815 14820 14819
f 14815 14811 14816 14820
f 14821 14822 14827 14826
f 14822 14823 14828 14827
f 14823 14824 14829 14828
f 14824 14825 14830 14829
f 14825 14821 14826 14830
f 14831 14832 14837 14836
f 14832 14833 14838 14837
f 14833 14834 14839 14838
f 14834 14835 14840 14839
f 14835 14831 14836 14840
f 14841 14842 14847 14846
f 14842 14843 14848 14847
f 14843 14844 14849 14848
f 14844 14845 14850 14849
f 14845 14841 14846 14850
f 14851 14852 14857 14856
f 14852 14853 14858 14857
f 14853 14854 14859 14858
f 14854 14855 14860 14859
f 14855 14851 14856 14860
f 14861 14862 14867 14866
f 14862 14863 14868 14867
f 14863 14864 14869 14868
f 14864 14865 14870 14869
f 14865 14861 14866 14870
f 14871 14872 14877 14876
f 14872 14873 14878 14877
f 14873 14874 14879 14878
f 14874 14875 14880 14879
f 14875 14871 14876 14880
f 14881 14882 14887 14886
f 14882 14883 14888 14887
f 14883 14884 14889 14888
f 14884 14885 14890 14889
f 14885 14881 14886 14890
f 14891 14892 14897 14896
f 14892 14893 14898 14897
f 14893 14894 14899 14898
f 14894 14895 14900 14899
f 14895 14891 14896 14900
f 14901 14902 14907 14906
f 14902 14903 14908 14907
f 14903 14904 14909 14908
f 14904 14905 14910 14909
f 14905 14901 14906 14910
f 14911 14912 14917 14916
f 14912 14913 14918 14917
f 14913 14914 14919 14918
f 14914 14915 14920 14919
f 14915 14911 14916 14920
f 14921 14922 14927 14926
f 14922 14923 14928 14927
f 14923 14924 14929 14928
f 14924 14925 14930 14929
f 14925 14921 14926 14930
f 14931 14932 14937 14936
f 14932 14933 14938 14937
f 14933 14934 14939 14938
f 14934 14935 14940 14939
f 14935 14931 14936 14940
f 14941 14942 14947 14946
f 14942 14943 14948 14947
f 14943 14944 14949 14948
f 14944 14945 14950 14949
f 14945 14941 14946 14950
f 14951 14952 14957 14956
f 14952 14953 14958 14957
f 14953 14954 14959 14958
f 14954 14955 14960 14959
f 14955 14951 14956 14960
f 14961 14962 14967 14966
f 14962 14963 14968 14967
f 14963 14964 14969 14968
f 14964 14965 14970 14969
f 14965 14961 14966 14970
f 14971 14972 14977 14976
f 14972 14973 14978 14977
f 14973 14974 14979 14978
f 14974 14975 14980 14979
f 14975 14971 14976 14980
f 14981 14982 14987 14986
f 14982 14983 14988 14987
f 14983 14984 14989 14988
f 14984 14985 14990 14989
f 14985 14981 14986 14990
f 14991 14992 14997 14996
f 14992 14993 14998 14997
f 14993 14994 14999 14998
f 14994 14995 15000 14999
f 14995 14991 14996 15000
f 15001 15002 15007 15006
f 15002 15003 15008 15007
f 15003 15004 15009 15008
f 15004 15005 15010 15009
f 15005 15001 15006 15010
f 15011 15012 15017 15016
f 15012 15013 15018 15017
f 15013 15014 15019 15018
f 15014 15015 15020 15019
f 15015 15011 15016 15020
f 15021 15022 15027 15026
f 15022 15023 15028 15027
f 15023 15024 15029 15028
f 15024 15025 15030 15029
f 15025 15021 15026 15030
f 15031 15032 15037 15036
f 15032 15033 15038 15037
f 15033 15034 15039 15038
f 15034 15035 15040 15039
f 15035 15031 15036 15040
f 15041 15042 15047 15046
f 15042 15043 15048 15047
f 15043 15044 15049 15048
f 15044 15045 15050 15049
f 15045 15041 15046 15050
f 15051 15052 15057 15056
f 15052 15053 15058 15057
f 15053 15054 15059 15058
f 15054 15055 15060 15059
f 15055 15051 15056 15060
f 15061 15062 15067 15066
f 15062 15063 15068 15067
f 15063 15064 15069 15068
f 15064 15065 15070 15069
f 15065 15061 15066 15070
f 15071 15072 15077 15076
f 15072 15073 15078 15077
f 15073 15074 15079 15078
f 15074 15075 15080 15079
f 15075 15071 15076 15080
f 15081 15082 15087 15086
f 15082 15083 15088 15087
f 15083 15084 15089 15088
f 15084 15085 15090 15089
f 15085 15081 15086 15090
f 15091 15092 15097 15096
f 15092 15093 15098 15097
f 15093 15094 15099 15098
f 15094 15095 15100 15099
f 15095 15091 15096 15100
f 15101 15102 15107 15106
f 15102 15103 15108 15107
f 15103 15104 15109 15108
f 15104 15105 15110 15109
f 15105 15101 15106 15110
f 15111 15112 15117 15116
f 15112 15113 15118 15117
f 15113 15114 15119 15118
f 15114 15115 15120 15119
f 15115 15111 15116 15120
f 15121 15122 15127 15126
f 15122 15123 15128 15127
f 15123 15124 15129 15128
f 15124 15125 15130 15129
f 15125 15121 15126 15130
f 15131 15132 15137 15136
f 15132 15133 15138 15137
f 15133 15134 15139 15138
f 15134 15135 15140 15139
f 15135 15131 15136 15140
f 15141 15142 15147 15146
f 15142 15143 15148 15147
f 15143 15144 15149 15148
f 15144 15145 15150 15149
f 15145 15141 15146 15150
f 15151 15152 15157 15156
f 15152 15153 15158 15157
f 15153 15154 15159 15158
f 15154 15155 15160 15159
f 15155 15151 15156 15160
f 15161 15162 15167 15166
f 15162 15163 15168 15167
f 15163 15164 15169 15168
f 15164 15165 15170 15169
f 15165 15161 15166 15170
f 15171 15172 15177 15176
f 15172 15173 15178 15177
f 15173 15174 15179 15178
f 15174 15175 15180 15179
f 15175 15171 15176 15180
f 15181 15182 15187 15186
f 15182 15183 15188 15187
f 15183 15184 15189 15188
f 15184 15185 15190 15189
f 15185 15181 15186 15190
f 15191 15192 15197 15196
f 15192 15193 15198 15197
f 15193 15194 15199 15198
f 15194 15195 15200 15199
f 15195 15191 15196 15200
f 15201 15202 15207 15206
f 15202 15203 15208 15207
f 15203 15204 15209 15208
f 15204 15205 15210 15209
f 15205 15201 15206 15210
f 15211 15212 15217 15216
f 15212 15213 15218 15217
f 15213 15214 15219 15218
f 15214 15215 15220 15219
f 15215 15211 15216 15220
f 15221 15222 15227 15226
f 15222 15223 15228 15227
f 15223 15224 15229 15228
f 15224 15225 15230 15229
f 15225 15221 15226 15230
f 15231 15232 15237 15236
f 15232 15233 15238 15237
f 15233 15234 15239 15238
f 15234 15235 15240 15239
f 15235 15231 15236 15240
f 15241 15242 15247 15246
f 15242 15243 15248 15247
f 15243 15244 15249 15248
f 15244 15245 15250 15249
f 15245 15241 15246 15250
f 15251 15252 15257 15256
f 15252 15253 15258 15257
f 15253 15254 15259 15258
f 15254 15255 15260 15259
f 15255 15251 15256 15260
f 15261 15262 15267 15266
f 15262 15263 15268 15267
f 15263 15264 15269 15268
f 15264 15265 15270 15269
f 15265 15261 15266 15270
f 15271 15272 15277 15276
f 15272 15273 15278 15277
f 15273 15274 15279 15278
f 15274 15275 15280 15279
f 15275 15271 15276 15280
f 15281 15282 15287 15286
f 15282 15283 15288 15287
f 15283 15284 15289 15288
f 15284 15285 15290 15289
f 15285 15281 15286 15290
f 15291 15292 15297 15296
f 15292 15293 15298 15297
f 15293 15294 15299 15298
f 15294 15295 15300 15299
f 15295 15291 15296 15300
f 15301 15302 15307 15306
f 15302 15303 15308 15307
f 15303 15304 15309 15308
f 15304 15305 15310 15309
f 15305 15301 15306 15310
f 15311 15312 15317 15316
f 15312 15313 15318 15317
f 15313 15314 15319 15318
f 15314 15315 15320 15319
f 15315 15311 15316 15320
f 15321 15322 15327 15326
f 15322 15323 15328 15327
f 15323 15324 15329 15328
f 15324 15325 15330 15329
f 15325 15321 15326 15330
f 15331 15332 15337 15336
f 15332 15333 15338 15337
f 15333 15334 15339 15338
f 15334 15335 15340 15339
f 15335 15331 15336 15340
f 15341 15342 15347 15346
f 15342 15343 15348 15347
f 15343 15344 15349 15348
f 15344 15345 15350 15349
f 15345 15341 15346 15350
f 15351 15352 15357 15356
f 15352 15353 15358 15357
f 15353 15354 15359 15358
f 15354 15355 15360 15359
f 15355 15351 15356 15360
f 15361 15362 15367 15366
f 15362 15363 15368 15367
f 15363 15364 15369 15368
f 15364 15365 15370 15369
f 15365 15361 15366 15370
f 15371 15372 15377 15376
f 15372 15373 15378 15377
f 15373 15374 15379 15378
f 15374 15375 15380 15379
f 15375 15371 15376 15380
f 15381 15382 15387 15386
f 15382 15383 15388 15387
f 15383 15384 15389 15388
f 15384 15385 15390 15389
f 15385 15381 15386 15390
f 15391 15392 15397 15396
f 15392 15393 15398 15397
f 15393 15394 15399 15398
f 15394 15395 15400 15399
f 15395 15391 15396 15400
f 15401 15402 15407 15406
f 15402 15403 15408 15407
f 15403 15404 15409 15408
f 15404 15405 15410 15409
f 15405 15401 15406 15410
f 15411 15412 15417 15416
f 15412 15413 15418 15417
f 15413 15414 15419 15418
f 15414 15415 15420 15419
f 15415 15411 15416 15420
f 15421 15422 15427 15426
f 15422 15423 15428 15427
f 15423 15424 15429 15428
f 15424 15425 15430 15429
f 15425 15421 15426 15430
f 15431 15432 15437 15436
f 15432 15433 15438 15437
f 15433 15434 15439 15438
f 15434 15435 15440 15439
f 15435 15431 15436 15440
f 15441 15442 15447 15446
f 15442 15443 15448 15447
f 15443 15444 15449 15448
f 15444 15445 15450 15449
f 15445 15441 15446 15450
f 15451 15452 15457 15456
f 15452 15453 15458 15457
f 15453 15454 15459 15458
f 15454 15455 15460 15459
f 15455 15451 15456 15460
f 15461 15462 15467 15466
f 15462 15463 15468 15467
f 15463 15464 15469 15468
f 15464 15465 15470 15469
f 15465 15461 15466 15470
f 15471 15472 15477 15476
f 15472 15473 15478 15477
f 15473 15474 15479 15478
f 15474 15475 15480 15479
f 15475 15471 15476 15480
f 15481 15482 15487 15486
f 15482 15483 15488 15487
f 15483 15484 15489 15488
f 15484 15485 15490 15489
f 15485 15481 15486 15490
f 15491 15492 15497 15496
f 15492 15493 15498 15497
f 15493 15494 15499 15498
f 15494 15495 15500 15499
f 15495 15491 15496 15500
f 15501 15502 15507 15506
f 15502 15503 15508 15507
f 15503 15504 15509 15508
f 15504 15505 15510 15509
f 15505 15501 15506 15510
f 15511 15512 15517 15516
f 15512 15513 15518 15517
f 15513 15514 15519 15518
f 15514 15515 15520 15519
f 15515 15511 15516 15520
f 15521 15522 15527 15526
f 15522 15523 15528 15527
f 15523 15524 15529 15528
f 15524 15525 15530 15529
f 15525 15521 15526 15530
f 15531 15532 15537 15536
f 15532 15533 15538 15537
f 15533 15534 15539 15538
f 15534 15535 15540 15539
f 15535 15531 15536 15540
f 15541 15542 15547 15546
f 15542 15543 15548 15547
f 15543 15544 15549 15548
f 15544 15545 15550 15549
f 15545 15541 15546 15550
f 15551 15552 15557 15556
f 15552 15553 15558 15557
f 15553 15554 15559 15558
f 15554 15555 15560 15559
f 15555 15551 15556 15560
f 15561 15562 15567 15566
f 15562 15563 15568 15567
f 15563 15564 15569 15568
f 15564 15565 15570 15569
f 15565 15561 15566 15570
f 15571 15572 15577 15576
f 15572 15573 15578 15577
f 15573 15574 15579 15578
f 15574 15575 15580 15579
f 15575 15571 15576 15580
f 15581 15582 15587 15586
f 15582 15583 15588 15587
f 15583 15584 15589 15588
f 15584 15585 15590 15589
f 15585 15581 15586 15590
f 15591 15592 15597 15596
f 15592 15593 15598 15597
f 15593 15594 15599 15598
f 15594 15595 15600 15599
f 15595 15591 15596 15600
f 15601 15602 15607 15606
f 15602 15603 15608 15607
f 15603 15604 15609 15608
f 15604 15605 15610 15609
f 15605 15601 15606 15610
f 15611 15612 15617 15616
f 15612 15613 15618 15617
f 15613 15614 15619 15618
f 15614 15615 15620 15619
f 15615 15611 15616 15620
f 15621 15622 15627 15626
f 15622 15623 15628 15627
f 15623 15624 15629 15628
f 15624 15625 15630 15629
f 15625 15621 15626 15630
f 15631 15632 15637 15636
f 15632 15633 15638 15637
f 15633 15634 15639 15638
f 15634 15635 15640 15639
f 15635 15631 15636 15640
f 15641 15642 15647 15646
f 15642 15643 15648 15647
f 15643 15644 15649 15648
f 15644 15645 15650 15649
f 15645 15641 15646 15650
f 15651 15652 15657 15656
f 15652 15653 15658 15657
f 15653 15654 15659 15658
f 15654 15655 15660 15659
f 15655 15651 15656 15660
f 15661 15662 15667 15666
f 15662 15663 15668 15667
f 15663 15664 15669 15668
f 15664 15665 15670 15669
f 15665 15661 15666 15670
f 15671 15672 15677 15676
f 15672 15673 15678 15677
f 15673 15674 15679 15678
f 15674 15675 15680 15679
f 15675 15671 15676 15680
f 15681 15682 15687 15686
f 15682 15683 15688 15687
f 15683 15684 15689 15688
f 15684 15685 15690 15689
f 15685 15681 15686 15690
f 15691 15692 15697 15696
f 15692 15693 15698 15697
f 15693 15694 15699 15698
f 15694 15695 15700 15699
f 15695 15691 15696 15700
f 15701 15702 15707 15706
f 15702 15703 15708 15707
f 15703 15704 15709 15708
f 15704 15705 15710 15709
f 15705 15701 15706 15710
f 15711 15712 15717 15716
f 15712 15713 15718 15717
f 15713 15714 15719 15718
f 15714 15715 15720 15719
f 15715 15711 15716 15720
f 15721 15722 15727 15726
f 15722 15723 15728 15727
f 15723 15724 15729 15728
f 15724 15725 15730 15729
f 15725 15721 15726 15730
f 15731 15732 15737 15736
f 15732 15733 15738 15737
f 15733 15734 15739 15738
f 15734 15735 15740 15739
f 15735 15731 15736 15740
f 15741 15742 15747 15746
f 15742 15743 15748 15747
f 15743 15744 15749 15748
f 15744 15745 15750 15749
f 15745 15741 15746 15750
f 15751 15752 15757 15756
f 15752 15753 15758 15757
f 15753 15754 15759 15758
f 15754 15755 15760 15759
f 15755 15751 15756 15760
f 15761 15762 15767 15766
f 15762 15763 15768 15767
f 15763 15764 15769 15768
f 15764 15765 15770 15769
f 15765 15761 15766 15770
f 15771 15772 15777 15776
f 15772 15773 15778 15777
f 15773 15774 15779 15778
f 15774 15775 15780 15779
f 15775 15771 15776 15780
f 15781 15782 15787 15786
f 15782 15783 15788 15787
f 15783 15784 15789 15788
f 15784 15785 15790 15789
f 15785 15781 15786 15790
f 15791 15792 15797 15796
f 15792 15793 15798 15797
f 15793 15794 15799 15798
f 15794 15795 15800 15799
f 15795 15791 15796 15800
f 15801 15802 15807 15806
f 15802 15803 15808 15807
f 15803 15804 15809 15808
f 15804 15805 15810 15809
f 15805 15801 15806 15810
f 15811 15812 15817 15816
f 15812 15813 15818 15817
f 15813 15814 15819 15818
f 15814 15815 15820 15819
f 15815 15811 15816 15820
f 15821 15822 15827 15826
f 15822 15823 15828 15827
f 15823 15824 15829 15828
f 15824 15825 15830 15829
f 15825 15821 15826 15830
f 15831 15832 15837 15836
f 15832 15833 15838 15837
f 15833 15834 15839 15838
f 15834 15835 15840 15839
f 15835 15831 15836 15840
f 15841 15842 15847 15846
f 15842 15843 15848 15847
f 15843 15844 15849 15848
f 15844 15845 15850 15849
f 15845 15841 15846 15850
f 15851 15852 15857 15856
f 15852 15853 15858 15857
f 15853 15854 15859 15858
f 15854 15855 15860 15859
f 15855 15851 15856 15860
f 15861 15862 15867 15866
f 15862 15863 15868 15867
f 15863 15864 15869 15868
f 15864 15865 15870 15869
f 15865 15861 15866 15870
f 15871 15872 15877 15876
f 15872 15873 15878 15877
f 15873 15874 15879 15878
f 15874 15875 15880 15879
f 15875 15871 15876 15880
f 15881 15882 15887 15886
f 15882 15883 15888 15887
f 15883 15884 15889 15888
f 15884 15885 15890 15889
f 15885 15881 15886 15890
f 15891 15892 15897 15896
f 15892 15893 15898 15897
f 15893 15894 15899 15898
f 15894 15895 15900 15899
f 15895 15891 15896 15900
f 15901 15902 15907 15906
f 15902 15903 15908 15907
f 15903 15904 15909 15908
f 15904 15905 15910 15909
f 15905 15901 15906 15910
f 15911 15912 15917 15916
f 15912 15913 15918 15917
f 15913 15914 15919 15918
f 15914 15915 15920 15919
f 15915 15911 15916 15920
f 15921 15922 15927 15926
f 15922 15923 15928 15927
f 15923 15924 15929 15928
f 15924 15925 15930 15929
f 15925 15921 15926 15930
f 15931 15932 15937 15936
f 15932 15933 15938 15937
f 15933 15934 15939 15938
f 15934 15935 15940 15939
f 15935 15931 15936 15940
f 15941 15942 15947 15946
f 15942 15943 15948 15947
f 15943 15944 15949 15948
f 15944 15945 15950 15949
f 15945 15941 15946 15950
f 15951 15952 15957 15956
f 15952 15953 15958 15957
f 15953 15954 15959 15958
f 15954 15955 15960 15959
f 15955 15951 15956 15960
f 15961 15962 15967 15966
f 15962 15963 15968 15967
f 15963 15964 15969 15968
f 15964 15965 15970 15969
f 15965 15961 15966 15970
f 15971 15972 15977 15976
f 15972 15973 15978 15977
f 15973 15974 15979 15978
f 15974 15975 15980 15979
f 15975 15971 15976 15980
f 15981 15982 15987 15986
f 15982 15983 15988 15987
f 15983 15984 15989 15988
f 15984 15985 15990 15989
f 15985 15981 15986 15990
f 15991 15992 15997 15996
f 15992 15993 15998 15997
f 15993 15994 15999 15998
f 15994 15995 16000 15999
f 15995 15991 15996 16000
f 16001 16002 16007 16006
f 16002 16003 16008 16007
f 16003 16004 16009 16008
f 16004 16005 16010 16009
f 16005 16001 16006 16010
f 16011 16012 16017 16016
f 16012 16013 16018 16017
f 16013 16014 16019 16018
f 16014 16015 16020 16019
f 16015 16011 16016 16020
f 16021 16022 16027 16026
f 16022 16023 16028 16027
f 16023 16024 16029 16028
f 16024 16025 16030 16029
f 16025 16021 16026 16030
f 16031 16032 16037 16036
f 16032 16033 16038 16037
f 16033 16034 16039 16038
f 16034 16035 16040 16039
f 16035 16031 16036 16040
f 16041 16042 16047 16046
f 16042 16043 16048 16047
f 16043 16044 16049 16048
f 16044 16045 16050 16049
f 16045 16041 16046 16050
f 16051 16052 16057 16056
f 16052 16053 16058 16057
f 16053 16054 16059 16058
f 16054 16055 16060 16059
f 16055 16051 16056 16060
f 16061 16062 16067 16066
f 16062 16063 16068 16067
f 16063 16064 16069 16068
f 16064 16065 16070 16069
f 16065 16061 16066 16070
f 16071 16072 16077 16076
f 16072 16073 16078 16077
f 16073 16074 16079 16078
f 16074 16075 16080 16079
f 16075 16071 16076 16080
f 16081 16082 16087 16086
f 16082 16083 16088 16087
f 16083 16084 16089 16088
f 16084 16085 16090 16089
f 16085 16081 16086 16090
f 16091 16092 16097 16096
f 16092 16093 16098 16097
f 16093 16094 16099 16098
f 16094 16095 16100 16099
f 16095 16091 16096 16100
f 16101 16102 16107 16106
f 16102 16103 16108 16107
f 16103 16104 16109 16108
f 16104 16105 16110 16109
f 16105 16101 16106 16110
f 16111 16112 16117 16116
f 16112 16113 16118 16117
f 16113 16114 16119 16118
f 16114 16115 16120 16119
f 16115 16111 16116 16120
f 16121 16122 16127 16126
f 16122 16123 16128 16127
f 16123 16124 16129 16128
f 16124 16125 16130 16129
f 16125 16121 16126 16130
f 16131 16132 16137 16136
f 16132 16133 16138 16137
f 16133 16134 16139 16138
f 16134 16135 16140 16139
f 16135 16131 16136 16140
f 16141 16142 16147 16146
f 16142 16143 16148 16147
f 16143 16144 16149 16148
f 16144 16145 16150 16149
f 16145 16141 16146 16150
f 16151 16152 16157 16156
f 16152 16153 16158 16157
f 16153 16154 16159 16158
f 16154 16155 16160 16159
f 16155 16151 16156 16160
f 16161 16162 16167 16166
f 16162 16163 16168 16167
f 16163 16164 16169 16168
f 16164 16165 16170 16169
f 16165 16161 16166 16170
f 16171 16172 16177 16176
f 16172 16173 16178 16177
f 16173 16174 16179 16178
f 16174 16175 16180 16179
f 16175 16171 16176 16180
f 16181 16182 16187 16186
f 16182 16183 16188 16187
f 16183 16184 16189 16188
f 16184 16185 16190 16189
f 16185 16181 16186 16190
f 16191 16192 16197 16196
f 16192 16193 16198 16197
f 16193 16194 16199 16198
f 16194 16195 16200 16199
f 16195 16191 16196 16200
f 16201 16202 16207 16206
f 16202 16203 16208 16207
f 16203 16204 16209 16208
f 16204 16205 16210 16209
f 16205 16201 16206 16210
f 16211 16212 16217 16216
f 16212 16213 16218 16217
f 16213 16214 16219 16218
f 16214 16215 16220 16219
f 16215 16211 16216 16220
f 16221 16222 16227 16226
f 16222 16223 16228 16227
f 16223 16224 16229 16228
f 16224 16225 16230 16229
f 16225 16221 16226 16230
f 16231 16232 16237 16236
f 16232 16233 16238 16237
f 16233 16234 16239 16238
f 16234 16235 16240 16239
f 16235 16231 16236 16240
f 16241 16242 16247 16246
f 16242 16243 16248 16247
f 16243 16244 16249 16248
f 16244 16245 16250 16249
f 16245 16241 16246 16250
f 16251 16252 16257 16256
f 16252 16253 16258 16257
f 16253 16254 16259 16258
f 16254 16255 16260 16259
f 16255 16251 16256 16260
f 16261 16262 16267 16266
f 16262 16263 16268 16267
f 16263 16264 16269 16268
f 16264 16265 16270 16269
f 16265 16261 16266 16270
f 16271 16272 16277 16276
f 16272 16273 16278 16277
f 16273 16274 16279 16278
f 16274 16275 16280 16279
f 16275 16271 16276 16280
f 16281 16282 16287 16286
f 16282 16283 16288 16287
f 16283 16284 16289 16288
f 16284 16285 16290 16289
f 16285 16281 16286 16290
f 16291 16292 16297 16296
f 16292 16293 16298 16297
f 16293 16294 16299 16298
f 16294 16295 16300 16299
f 16295 16291 16296 16300
f 16301 16302 16307 16306
f 16302 16303 16308 16307
f 16303 16304 16309 16308
f 16304 16305 16310 16309
f 16305 16301 16306 16310
f 16311 16312 16317 16316
f 16312 16313 16318 16317
f 16313 16314 16319 16318
f 16314 16315 16320 16319
f 16315 16311 16316 16320
f 16321 16322 16327 16326
f 16322 16323 16328 16327
f 16323 16324 16329 16328
f 16324 16325 16330 16329
f 16325 16321 16326 16330
f 16331 16332 16337 16336
f 16332 16333 16338 16337
f 16333 16334 16339 16338
f 16334 16335 16340 16339
f 16335 16331 16336 16340
f 16341 16342 16347 16346
f 16342 16343 16348 16347
f 16343 16344 16349 16348
f 16344 16345 16350 16349
f 16345 16341 16346 16350
f 16351 16352 16357 16356
f 16352 16353 16358 16357
f 16353 16354 16359 16358
f 16354 16355 16360 16359
f 16355 16351 16356 16360
f 16361 16362 16367 16366
f 16362 16363 16368 16367
f 16363 16364 16369 16368
f 16364 16365 16370 16369
f 16365 16361 16366 16370
f 16371 16372 16377 16376
f 16372 16373 16378 16377
f 16373 16374 16379 16378
f 16374 16375 16380 16379
f 16375 16371 16376 16380
f 16381 16382 16387 16386
f 16382 16383 16388 16387
f 16383 16384 16389 16388
f 16384 16385 16390 16389
f 16385 16381 16386 16390
f 16391 16392 16397 16396
f 16392 16393 16398 16397
f 16393 16394 16399 16398
f 16394 16395 16400 16399
f 16395 16391 16396 16400
f 16401 16402 16407 16406
f 16402 16403 16408 16407
f 16403 16404 16409 16408
f 16404 16405 16410 16409
f 16405 16401 16406 16410
f 16411 16412 16417 16416
f 16412 16413 16418 16417
f 16413 16414 16419 16418
f 16414 16415 16420 16419
f 16415 16411 16416 16420
f 16421 16422 16427 16426
f 16422 16423 16428 16427
f 16423 16424 16429 16428
f 16424 16425 16430 16429
f 16425 16421 16426 16430
f 16431 16432 16437 16436
f 16432 16433 16438 16437
f 16433 16434 16439 16438
f 16434 16435 16440 16439
f 16435 16431 16436 16440
f 16441 16442 16447 16446
f 16442 16443 16448 16447
f 16443 16444 16449 16448
f 16444 16445 16450 16449
f 16445 16441 16446 16450
f 16451 16452 16457 16456
f 16452 16453 16458 16457
f 16453 16454 16459 16458
f 16454 16455 16460 16459
f 16455 16451 16456 16460
f 16461 16462 16467 16466
f 16462 16463 16468 16467
f 16463 16464 16469 16468
f 16464 16465 16470 16469
f 16465 16461 16466 16470
f 16471 16472 16477 16476
f 16472 16473 16478 16477
f 16473 16474 16479 16478
f 16474 16475 16480 16479
f 16475 16471 16476 16480
f 16481 16482 16487 16486
f 16482 16483 16488 16487
f 16483 16484 16489 16488
f 16484 16485 16490 16489
f 16485 16481 16486 16490
f 16491 16492 16497 16496
f 16492 16493 16498 16497
f 16493 16494 16499 16498
f 16494 16495 16500 16499
f 16495 16491 16496 16500
f 16501 16502 16507 16506
f 16502 16503 16508 16507
f 16503 16504 16509 16508
f 16504 16505 16510 16509
f 16505 16501 16506 16510
f 16511 16512 16517 16516
f 16512 16513 16518 16517
f 16513 16514 16519 16518
f 16514 16515 16520 16519
f 16515 16511 16516 16520
f 16521 16522 16527 16526
f 16522 16523 16528 16527
f 16523 16524 16529 16528
f 16524 16525 16530 16529
f 16525 16521 16526 16530
f 16531 16532 16537 16536
f 16532 16533 16538 16537
f 16533 16534 16539 16538
f 16534 16535 16540 16539
f 16535 16531 16536 16540
f 16541 16542 16547 16546
f 16542 16543 16548 16547
f 16543 16544 16549 16548
f 16544 16545 16550 16549
f 16545 16541 16546 16550
f 16551 16552 16557 16556
f 16552 16553 16558 16557
f 16553 16554 16559 16558
f 16554 16555 16560 16559
f 16555 16551 16556 16560
f 16561 16562 16567 16566
f 16562 16563 16568 16567
f 16563 16564 16569 16568
f 16564 16565 16570 16569
f 16565 16561 16566 16570
f 16571 16572 16577 16576
f 16572 16573 16578 16577
f 16573 16574 16579 16578
f 16574 16575 16580 16579
f 16575 16571 16576 16580
f 16581 16582 16587 16586
f 16582 16583 16588 16587
f 16583 16584 16589 16588
f 16584 16585 16590 16589
f 16585 16581 16586 16590
f 16591 16592 16597 16596
f 16592 16593 16598 16597
f 16593 16594 16599 16598
f 16594 16595 16600 16599
f 16595 16591 16596 16600
f 16601 16602 16607 16606
f 16602 16603 16608 16607
f 16603 16604 16609 16608
f 16604 16605 16610 16609
f 16605 16601 16606 16610
f 16611 16612 16617 16616
f 16612 16613 16618 16617
f 16613 16614 16619 16618
f 16614 16615 16620 16619
f 16615 16611 16616 16620
f 16621 16622 16627 16626
f 16622 16623 16628 16627
f 16623 16624 16629 16628
f 16624 16625 16630 16629
f 16625 16621 16626 16630
f 16631 16632 16637 16636
f 16632 16633 16638 16637
f 16633 16634 16639 16638
f 16634 16635 16640 16639
f 16635 16631 16636 16640
f 16641 16642 16647 16646
f 16642 16643 16648 16647
f 16643 16644 16649 16648
f 16644 16645 16650 16649
f 16645 16641 16646 16650
f 16651 16652 16657 16656
f 16652 16653 16658 16657
f 16653 16654 16659 16658
f 16654 16655 16660 16659
f 16655 16651 16656 16660
f 16661 16662 16667 16666
f 16662 16663 16668 16667
f 16663 16664 16669 16668
f 16664 16665 16670 16669
f 16665 16661 16666 16670
f 16671 16672 16677 16676
f 16672 16673 16678 16677
f 16673 16674 16679 16678
f 16674 16675 16680 16679
f 16675 16671 16676 16680
f 16681 16682 16687 16686
f 16682 16683 16688 16687
f 16683 16684 16689 16688
f 16684 16685 16690 16689
f 16685 16681 16686 16690
f 16691 16692 16697 16696
f 16692 16693 16698 16697
f 16693 16694 16699 16698
f 16694 16695 16700 16699
f 16695 16691 16696 16700
f 16701 16702 16707 16706
f 16702 16703 16708 16707
f 16703 16704 16709 16708
f 16704 16705 16710 16709
f 16705 16701 16706 16710
f 16711 16712 16717 16716
f 16712 16713 16718 16717
f 16713 16714 16719 16718
f 16714 16715 16720 16719
f 16715 16711 16716 16720
f 16721 16722 16727 16726
f 16722 16723 16728 16727
f 16723 16724 16729 16728
f 16724 16725 16730 16729
f 16725 16721 16726 16730
f 16731 16732 16737 16736
f 16732 16733 16738 16737
f 16733 16734 16739 16738
f 16734 16735 16740 16739
f 16735 16731 16736 16740
f 16741 16742 16747 16746
f 16742 16743 16748 16747
f 16743 16744 16749 16748
f 16744 16745 16750 16749
f 16745 16741 16746 16750
f 16751 16752 16757 16756
f 16752 16753 16758 16757
f 16753 16754 16759 16758
f 16754 16755 16760 16759
f 16755 16751 16756 16760
f 16761 16762 16767 16766
f 16762 16763 16768 16767
f 16763 16764 16769 16768
f 16764 16765 16770 16769
f 16765 16761 16766 16770
f 16771 16772 16777 16776
f 16772 16773 16778 16777
f 16773 16774 16779 16778
f 16774 16775 16780 16779
f 16775 16771 16776 16780
f 16781 16782 16787 16786
f 16782 16783 16788 16787
f 16783 16784 16789 16788
f 16784 16785 16790 16789
f 16785 16781 16786 16790
f 16791 16792 16797 16796
f 16792 16793 16798 16797
f 16793 16794 16799 16798
f 16794 16795 16800 16799
f 16795 16791 16796 16800
f 16801 16802 16807 16806
f 16802 16803 16808 16807
f 16803 16804 16809 16808
f 16804 16805 16810 16809
f 16805 16801 16806 16810
f 16811 16812 16817 16816
f 16812 16813 16818 16817
f 16813 16814 16819 16818
f 16814 16815 16820 16819
f 16815 16811 16816 16820
f 16821 16822 16827 16826
f 16822 16823 16828 16827
f 16823 16824 16829 16828
f 16824 16825 16830 16829
f 16825 16821 16826 16830
f 16831 16832 16837 16836
f 16832 16833 16838 16837
f 16833 16834 16839 16838
f 16834 16835 16840 16839
f 16835 16831 16836 16840
f 16841 16842 16847 16846
f 16842 16843 16848 16847
f 16843 16844 16849 16848
f 16844 16845 16850 16849
f 16845 16841 16846 16850
f 16851 16852 16857 16856
f 16852 16853 16858 16857
f 16853 16854 16859 16858
f 16854 16855 16860 16859
f 16855 16851 16856 16860
f 16861 16862 16867 16866
f 16862 16863 16868 16867
f 16863 16864 16869 16868
f 16864 16865 16870 16869
f 16865 16861 16866 16870
f 16871 16872 16877 16876
f 16872 16873 16878 16877
f 16873 16874 16879 16878
f 16874 16875 16880 16879
f 16875 16871 16876 16880
f 16881 16882 16887 16886
f 16882 16883 16888 16887
f 16883 16884 16889 16888
f 16884 16885 16890 16889
f 16885 16881 16886 16890
f 16891 16892 16897 16896
f 16892 16893 16898 16897
f 16893 16894 16899 16898
f 16894 16895 16900 16899
f 16895 16891 16896 16900
f 16901 16902 16907 16906
f 16902 16903 16908 16907
f 16903 16904 16909 16908
f 16904 16905 16910 16909
f 16905 16901 16906 16910
f 16911 16912 16917 16916
f 16912 16913 16918 16917
f 16913 16914 16919 16918
f 16914 16915 16920 16919
f 16915 16911 16916 16920
f 16921 16922 16927 16926
f 16922 16923 16928 16927
f 16923 16924 16929 16928
f 16924 16925 16930 16929
f 16925 16921 16926 16930
f 16931 16932 16937 16936
f 16932 16933 16938 16937
f 16933 16934 16939 16938
f 16934 16935 16940 16939
f 16935 16931 16936 16940
f 16941 16942 16947 16946
f 16942 16943 16948 16947
f 16943 16944 16949 16948
f 16944 16945 16950 16949
f 16945 16941 16946 16950
f 16951 16952 16957 16956
f 16952 16953 16958 16957
f 16953 16954 16959 16958
f 16954 16955 16960 16959
f 16955 16951 16956 16960
f 16961 16962 16967 16966
f 16962 16963 16968 16967
f 16963 16964 16969 16968
f 16964 16965 16970 16969
f 16965 16961 16966 16970
f 16971 16972 16977 16976
f 16972 16973 16978 16977
f 16973 16974 16979 16978
f 16974 16975 16980 16979
f 16975 16971 16976 16980
f 16981 16982 16987 16986
f 16982 16983 16988 16987
f 16983 16984 16989 16988
f 16984 16985 16990 16989
f 16985 16981 16986 16990
f 16991 16992 16997 16996
f 16992 16993 16998 16997
f 16993 16994 16999 16998
f 16994 16995 17000 16999
f 16995 16991 16996 17000
f 17001 17002 17007 17006
f 17002 17003 17008 17007
f 17003 17004 17009 17008
f 17004 17005 17010 17009
f 17005 17001 17006 17010
f 17011 17012 17017 17016
f 17012 17013 17018 17017
f 17013 17014 17019 17018
f 17014 17015 17020 17019
f 17015 17011 17016 17020
f 17021 17022 17027 17026
f 17022 17023 17028 17027
f 17023 17024 17029 17028
f 17024 17025 17030 17029
f 17025 17021 17026 17030
f 17031 17032 17037 17036
f 17032 17033 17038 17037
f 17033 17034 17039 17038
f 17034 17035 17040 17039
f 17035 17031 17036 17040
f 17041 17042 17047 17046
f 17042 17043 17048 17047
f 17043 17044 17049 17048
f 17044 17045 17050 17049
f 17045 17041 17046 17050
f 17051 17052 17057 17056
f 17052 17053 17058 17057
f 17053 17054 17059 17058
f 17054 17055 17060 17059
f 17055 17051 17056 17060
f 17061 17062 17067 17066
f 17062 17063 17068 17067
f 17063 17064 17069 17068
f 17064 17065 17070 17069
f 17065 17061 17066 17070
f 17071 17072 17077 17076
f 17072 17073 17078 17077
f 17073 17074 17079 17078
f 17074 17075 17080 17079
f 17075 17071 17076 17080
f 17081 17082 17087 17086
f 17082 17083 17088 17087
f 17083 17084 17089 17088
f 17084 17085 17090 17089
f 17085 17081 17086 17090
f 17091 17092 17097 17096
f 17092 17093 17098 17097
f 17093 17094 17099 17098
f 17094 17095 17100 17099
f 17095 17091 17096 17100
f 17101 17102 17107 17106
f 17102 17103 17108 17107
f 17103 17104 17109 17108
f 17104 17105 17110 17109
f 17105 17101 17106 17110
f 17111 17112 17117 17116
f 17112 17113 17118 17117
f 17113 17114 17119 17118
f 17114 17115 17120 17119
f 17115 17111 17116 17120
f 17121 17122 17127 17126
f 17122 17123 17128 17127
f 17123 17124 17129 17128
f 17124 17125 17130 17129
f 17125 17121 17126 17130
f 17131 17132 17137 17136
f 17132 17133 17138 17137
f 17133 17134 17139 17138
f 17134 17135 17140 17139
f 17135 17131 17136 17140
f 17141 17142 17147 17146
f 17142 17143 17148 17147
f 17143 17144 17149 17148
f 17144 17145 17150 17149
f 17145 17141 17146 17150
f 17151 17152 17157 17156
f 17152 17153 17158 17157
f 17153 17154 17159 17158
f 17154 17155 17160 17159
f 17155 17151 17156 17160
f 17161 17162 17167 17166
f 17162 17163 17168 17167
f 17163 17164 17169 17168
f 17164 17165 17170 17169
f 17165 17161 17166 17170
f 17171 17172 17177 17176
f 17172 17173 17178 17177
f 17173 17174 17179 17178
f 17174 17175 17180 17179
f 17175 17171 17176 17180
f 17181 17182 17187 17186
f 17182 17183 17188 17187
f 17183 17184 17189 17188
f 17184 17185 17190 17189
f 17185 17181 17186 17190
f 17191 17192 17197 17196
f 17192 17193 17198 17197
f 17193 17194 17199 17198
f 17194 17195 17200 17199
f 17195 17191 17196 17200
f 17201 17202 17207 17206
f 17202 17203 17208 17207
f 17203 17204 17209 17208
f 17204 17205 17210 17209
f 17205 17201 17206 17210
f 17211 17212 17217 17216
f 17212 17213 17218 17217
f 17213 17214 17219 17218
f 17214 17215 17220 17219
f 17215 17211 17216 17220
f 17221 17222 17227 17226
f 17222 17223 17228 17227
f 17223 17224 17229 17228
f 17224 17225 17230 17229
f 17225 17221 17226 17230
f 17231 17232 17237 17236
f 17232 17233 17238 17237
f 17233 17234 17239 17238
f 17234 17235 17240 17239
f 17235 17231 17236 17240
f 17241 17242 17247 17246
f 17242 17243 17248 17247
f 17243 17244 17249 17248
f 17244 17245 17250 17249
f 17245 17241 17246 17250
f 17251 17252 17257 17256
f 17252 17253 17258 17257
f 17253 17254 17259 17258
f 17254 17255 17260 17259
f 17255 17251 17256 17260
f 17261 17262 17267 17266
f 17262 17263 17268 17267
f 17263 17264 17269 17268
f 17264 17265 17270 17269
f 17265 17261 17266 17270
f 17271 17272 17277 17276
f 17272 17273 17278 17277
f 17273 17274 17279 17278
f 17274 17275 17280 17279
f 17275 17271 17276 17280
f 17281 17282 17287 17286
f 17282 17283 17288 17287
f 17283 17284 17289 17288
f 17284 17285 17290 17289
f 17285 17281 17286 17290
f 17291 17292 17297 17296
f 17292 17293 17298 17297
f 17293 17294 17299 17298
f 17294 17295 17300 17299
f 17295 17291 17296 17300
f 17301 17302 17307 17306
f 17302 17303 17308 17307
f 17303 17304 17309 17308
f 17304 17305 17310 17309
f 17305 17301 17306 17310
f 17311 17312 17317 17316
f 17312 17313 17318 17317
f 17313 17314 17319 17318
f 17314 17315 17320 17319
f 17315 17311 17316 17320
f 17321 17322 17327 17326
f 17322 17323 17328 17327
f 17323 17324 17329 17328
f 17324 17325 17330 17329
f 17325 17321 17326 17330
f 17331 17332 17337 17336
f 17332 17333 17338 17337
f 17333 17334 17339 17338
f 17334 17335 17340 17339
f 17335 17331 17336 17340
f 17341 17342 17347 17346
f 17342 17343 17348 17347
f 17343 17344 17349 17348
f 17344 17345 17350 17349
f 17345 17341 17346 17350
f 17351 17352 17357 17356
f 17352 17353 17358 17357
f 17353 17354 17359 17358
f 17354 17355 17360 17359
f 17355 17351 17356 17360
f 17361 17362 17367 17366
f 17362 17363 17368 17367
f 17363 17364 17369 17368
f 17364 17365 17370 17369
f 17365 17361 17366 17370
f 17371 17372 17377 17376
f 17372 17373 17378 17377
f 17373 17374 17379 17378
f 17374 17375 17380 17379
f 17375 17371 17376 17380
f 17381 17382 17387 17386
f 17382 17383 17388 17387
f 17383 17384 17389 17388
f 17384 17385 17390 17389
f 17385 17381 17386 17390
f 17391 17392 17397 17396
f 17392 17393 17398 17397
f 17393 17394 17399 17398
f 17394 17395 17400 17399
f 17395 17391 17396 17400
f 17401 17402 17407 17406
f 17402 17403 17408 17407
f 17403 17404 17409 17408
f 17404 17405 17410 17409
f 17405 17401 17406 17410
f 17411 17412 17417 17416
f 17412 17413 17418 17417
f 17413 17414 17419 17418
f 17414 17415 17420 17419
f 17415 17411 17416 17420
f 17421 17422 17427 17426
f 17422 17423 17428 17427
f 17423 17424 17429 17428
f 17424 17425 17430 17429
f 17425 17421 17426 17430
f 17431 17432 17437 17436
f 17432 17433 17438 17437
f 17433 17434 17439 17438
f 17434 17435 17440 17439
f 17435 17431 17436 17440
f 17441 17442 17447 17446
f 17442 17443 17448 17447
f 17443 17444 17449 17448
f 17444 17445 17450 17449
f 17445 17441 17446 17450
f 17451 17452 17457 17456
f 17452 17453 17458 17457
f 17453 17454 17459 17458
f 17454 17455 17460 17459
f 17455 17451 17456 17460
f 17461 17462 17467 17466
f 17462 17463 17468 17467
f 17463 17464 17469 17468
f 17464 17465 17470 17469
f 17465 17461 17466 17470
f 17471 17472 17477 17476
f 17472 17473 17478 17477
f 17473 17474 17479 17478
f 17474 17475 17480 17479
f 17475 17471 17476 17480
f 17481 17482 17487 17486
f 17482 17483 17488 17487
f 17483 17484 17489 17488
f 17484 17485 17490 17489
f 17485 17481 17486 17490
f 17491 17492 17497 17496
f 17492 17493 17498 17497
f 17493 17494 17499 17498
f 17494 17495 17500 17499
f 17495 17491 17496 17500
f 17501 17502 17507 17506
f 17502 17503 17508 17507
f 17503 17504 17509 17508
f 17504 17505 17510 17509
f 17505 17501 17506 17510
f 17511 17512 17517 17516
f 17512 17513 17518 17517
f 17513 17514 17519 17518
f 17514 17515 17520 17519
f 17515 17511 17516 17520
f 17521 17522 17527 17526
f 17522 17523 17528 17527
f 17523 17524 17529 17528
f 17524 17525 17530 17529
f 17525 17521 17526 17530
f 17531 17532 17537 17536
f 17532 17533 17538 17537
f 17533 17534 17539 17538
f 17534 17535 17540 17539
f 17535 17531 17536 17540
f 17541 17542 17547 17546
f 17542 17543 17548 17547
f 17543 17544 17549 17548
f 17544 17545 17550 17549
f 17545 17541 17546 17550
f 17551 17552 17557 17556
f 17552 17553 17558 17557
f 17553 17554 17559 17558
f 17554 17555 17560 17559
f 17555 17551 17556 17560
f 17561 17562 17567 17566
f 17562 17563 17568 17567
f 17563 17564 17569 17568
f 17564 17565 17570 17569
f 17565 17561 17566 17570
f 17571 17572 17577 17576
f 17572 17573 17578 17577
f 17573 17574 17579 17578
f 17574 17575 17580 17579
f 17575 17571 17576 17580
f 17581 17582 17587 17586
f 17582 17583 17588 17587
f 17583 17584 17589 17588
f 17584 17585 17590 17589
f 17585 17581 17586 17590
f 17591 17592 17597 17596
f 17592 17593 17598 17597
f 17593 17594 17599 17598
f 17594 17595 17600 17599
f 17595 17591 17596 17600
f 17601 17602 17607 17606
f 17602 17603 17608 17607
f 17603 17604 17609 17608
f 17604 17605 17610 17609
f 17605 17601 17606 17610
f 17611 17612 17617 17616
f 17612 17613 17618 17617
f 17613 17614 17619 17618
f 17614 17615 17620 17619
f 17615 17611 17616 17620
f 17621 17622 17627 17626
f 17622 17623 17628 17627
f 17623 17624 17629 17628
f 17624 17625 17630 17629
f 17625 17621 17626 17630
f 17631 17632 17637 17636
f 17632 17633 17638 17637
f 17633 17634 17639 17638
f 17634 17635 17640 17639
f 17635 17631 17636 17640
f 17641 17642 17647 17646
f 17642 17643 17648 17647
f 17643 17644 17649 17648
f 17644 17645 17650 17649
f 17645 17641 17646 17650
f 17651 17652 17657 17656
f 17652 17653 17658 17657
f 17653 17654 17659 17658
f 17654 17655 17660 17659
f 17655 17651 17656 17660
f 17661 17662 17667 17666
f 17662 17663 17668 17667
f 17663 17664 17669 17668
f 17664 17665 17670 17669
f 17665 17661 17666 17670
f 17671 17672 17677 17676
f 17672 17673 17678 17677
f 17673 17674 17679 17678
f 17674 17675 17680 17679
f 17675 17671 17676 17680
f 17681 17682 17687 17686
f 17682 17683 17688 17687
f 17683 17684 17689 17688
f 17684 17685 17690 17689
f 17685 17681 17686 17690
f 17691 17692 17697 17696
f 17692 17693 17698 17697
f 17693 17694 17699 17698
f 17694 17695 17700 17699
f 17695 17691 17696 17700
f 17701 17702 17707 17706
f 17702 17703 17708 17707
f 17703 17704 17709 17708
f 17704 17705 17710 17709
f 17705 17701 17706 17710
f 17711 17712 17717 17716
f 17712 17713 17718 17717
f 17713 17714 17719 17718
f 17714 17715 17720 17719
f 17715 17711 17716 17720
f 17721 17722 17727 17726
f 17722 17723 17728 17727
f 17723 17724 17729 17728
f 17724 17725 17730 17729
f 17725 17721 17726 17730
f 17731 17732 17737 17736
f 17732 17733 17738 17737
f 17733 17734 17739 17738
f 17734 17735 17740 17739
f 17735 17731 17736 17740
f 17741 17742 17747 17746
f 17742 17743 17748 17747
f 17743 17744 17749 17748
f 17744 17745 17750 17749
f 17745 17741 17746 17750
f 17751 17752 17757 17756
f 17752 17753 17758 17757
f 17753 17754 17759 17758
f 17754 17755 17760 17759
f 17755 17751 17756 17760
f 17761 17762 17767 17766
f 17762 17763 17768 17767
f 17763 17764 17769 17768
f 17764 17765 17770 17769
f 17765 17761 17766 17770
f 17771 17772 17777 17776
f 17772 17773 17778 17777
f 17773 17774 17779 17778
f 17774 17775 17780 17779
f 17775 17771 17776 17780
f 17781 17782 17787 17786
f 17782 17783 17788 17787
f 17783 17784 17789 17788
f 17784 17785 17790 17789
f 17785 17781 17786 17790
f 17791 17792 17797 17796
f 17792 17793 17798 17797
f 17793 17794 17799 17798
f 17794 17795 17800 17799
f 17795 17791 17796 17800
f 17801 17802 17807 17806
f 17802 17803 17808 17807
f 17803 17804 17809 17808
f 17804 17805 17810 17809
f 17805 17801 17806 17810
f 17811 17812 17817 17816
f 17812 17813 17818 17817
f 17813 17814 17819 17818
f 17814 17815 17820 17819
f 17815 17811 17816 17820
f 17821 17822 17827 17826
f 17822 17823 17828 17827
f 17823 17824 17829 17828
f 17824 17825 17830 17829
f 17825 17821 17826 17830
f 17831 17832 17837 17836
f 17832 17833 17838 17837
f 17833 17834 17839 17838
f 17834 17835 17840 17839
f 17835 17831 17836 17840
f 17841 17842 17847 17846
f 17842 17843 17848 17847
f 17843 17844 17849 17848
f 17844 17845 17850 17849
f 17845 17841 17846 17850
f 17851 17852 17857 17856
f 17852 17853 17858 17857
f 17853 17854 17859 17858
f 17854 17855 17860 17859
f 17855 17851 17856 17860
f 17861 17862 17867 17866
f 17862 17863 17868 17867
f 17863 17864 17869 17868
f 17864 17865 17870 17869
f 17865 17861 17866 17870
f 17871 17872 17877 17876
f 17872 17873 17878 17877
f 17873 17874 17879 17878
f 17874 17875 17880 17879
f 17875 17871 17876 17880
f 17881 17882 17887 17886
f 17882 17883 17888 17887
f 17883 17884 17889 17888
f 17884 17885 17890 17889
f 17885 17881 17886 17890
f 17891 17892 17897 17896
f 17892 17893 17898 17897
f 17893 17894 17899 17898
f 17894 17895 17900 17899
f 17895 17891 17896 17900
f 17901 17902 17907 17906
f 17902 17903 17908 17907
f 17903 17904 17909 17908
f 17904 17905 17910 17909
f 17905 17901 17906 17910
f 17911 17912 17917 17916
f 17912 17913 17918 17917
f 17913 17914 17919 17918
f 17914 17915 17920 17919
f 17915 17911 17916 17920
f 17921 17922 17927 17926
f 17922 17923 17928 17927
f 17923 17924 17929 17928
f 17924 17925 17930 17929
f 17925 17921 17926 17930
f 17931 17932 17937 17936
f 17932 17933 17938 17937
f 17933 17934 17939 17938
f 17934 17935 17940 17939
f 17935 17931 17936 17940
f 17941 17942 17947 17946
f 17942 17943 17948 17947
f 17943 17944 17949 17948
f 17944 17945 17950 17949
f 17945 17941 17946 17950
f 17951 17952 17957 17956
f 17952 17953 17958 17957
f 17953 17954 17959 17958
f 17954 17955 17960 17959
f 17955 17951 17956 17960
f 17961 17962 17967 17966
f 17962 17963 17968 17967
f 17963 17964 17969 17968
f 17964 17965 17970 17969
f 17965 17961 17966 17970
f 17971 17972 17977 17976
f 17972 17973 17978 17977
f 17973 17974 17979 17978
f 17974 17975 17980 17979
f 17975 17971 17976 17980
f 17981 17982 17987 17986
f 17982 17983 17988 17987
f 17983 17984 17989 17988
f 17984 17985 17990 17989
f 17985 17981 17986 17990
f 17991 17992 17997 17996
f 17992 17993 17998 17997
f 17993 17994 17999 17998
f 17994 17995 18000 17999
f 17995 17991 17996 18000
f 18001 18002 18007 18006
f 18002 18003 18008 18007
f 18003 18004 18009 18008
f 18004 18005 18010 18009
f 18005 18001 18006 18010
f 18011 18012 18017 18016
f 18012 18013 18018 18017
f 18013 18014 18019 18018
f 18014 18015 18020 18019
f 18015 18011 18016 18020
f 18021 18022 18027 18026
f 18022 18023 18028 18027
f 18023 18024 18029 18028
f 18024 18025 18030 18029
f 18025 18021 18026 18030
f 18031 18032 18037 18036
f 18032 18033 18038 18037
f 18033 18034 18039 18038
f 18034 18035 18040 18039
f 18035 18031 18036 18040
f 18041 18042 18047 18046
f 18042 18043 18048 18047
f 18043 18044 18049 18048
f 18044 18045 18050 18049
f 18045 18041 18046 18050
f 18051 18052 18057 18056
f 18052 18053 18058 18057
f 18053 18054 18059 18058
f 18054 18055 18060 18059
f 18055 18051 18056 18060
f 18061 18062 18067 18066
f 18062 18063 18068 18067
f 18063 18064 18069 18068
f 18064 18065 18070 18069
f 18065 18061 18066 18070
f 18071 18072 18077 18076
f 18072 18073 18078 18077
f 18073 18074 18079 18078
f 18074 18075 18080 18079
f 18075 18071 18076 18080
f 18081 18082 18087 18086
f 18082 18083 18088 18087
f 18083 18084 18089 18088
f 18084 18085 18090 18089
f 18085 18081 18086 18090
f 18091 18092 18097 18096
f 18092 18093 18098 18097
f 18093 18094 18099 18098
f 18094 18095 18100 18099
f 18095 18091 18096 18100
f 18101 18102 18107 18106
f 18102 18103 18108 18107
f 18103 18104 18109 18108
f 18104 18105 18110 18109
f 18105 18101 18106 18110
f 18111 18112 18117 18116
f 18112 18113 18118 18117
f 18113 18114 18119 18118
f 18114 18115 18120 18119
f 18115 18111 18116 18120
f 18121 18122 18127 18126
f 18122 18123 18128 18127
f 18123 18124 18129 18128
f 18124 18125 18130 18129
f 18125 18121 18126 18130
f 18131 18132 18137 18136
f 18132 18133 18138 18137
f 18133 18134 18139 18138
f 18134 18135 18140 18139
f 18135 18131 18136 18140
f 18141 18142 18147 18146
f 18142 18143 18148 18147
f 18143 18144 18149 18148
f 18144 18145 18150 18149
f 18145 18141 18146 18150
f 18151 18152 18157 18156
f 18152 18153 18158 18157
f 18153 18154 18159 18158
f 18154 18155 18160 18159
f 18155 18151 18156 18160
f 18161 18162 18167 18166
f 18162 18163 18168 18167
f 18163 18164 18169 18168
f 18164 18165 18170 18169
f 18165 18161 18166 18170
f 18171 18172 18177 18176
f 18172 18173 18178 18177
f 18173 18174 18179 18178
f 18174 18175 18180 18179
f 18175 18171 18176 18180
f 18181 18182 18187 18186
f 18182 18183 18188 18187
f 18183 18184 18189 18188
f 18184 18185 18190 18189
f 18185 18181 18186 18190
f 18191 18192 18197 18196
f 18192 18193 18198 18197
f 18193 18194 18199 18198
f 18194 18195 18200 18199
f 18195 18191 18196 18200
f 18201 18202 18207 18206
f 18202 18203 18208 18207
f 18203 18204 18209 18208
f 18204 18205 18210 18209
f 18205 18201 18206 18210
f 18211 18212 18217 18216
f 18212 18213 18218 18217
f 18213 18214 18219 18218
f 18214 18215 18220 18219
f 18215 18211 18216 18220
f 18221 18222 18227 18226
f 18222 18223 18228 18227
f 18223 18224 18229 18228
f 18224 18225 18230 18229
f 18225 18221 18226 18230
f 18231 18232 18237 18236
f 18232 18233 18238 18237
f 18233 18234 18239 18238
f 18234 18235 18240 18239
f 18235 18231 18236 18240
f 18241 18242 18247 18246
f 18242 18243 18248 18247
f 18243 18244 18249 18248
f 18244 18245 18250 18249
f 18245 18241 18246 18250
f 18251 18252 18257 18256
f 18252 18253 18258 18257
f 18253 18254 18259 18258
f 18254 18255 18260 18259
f 18255 18251 18256 18260
